Date,Adobe_unscaled,Adobe_monthly,isPartial,scale,Adobe
2020-12-22,69,52.0,,0.52,35.88
2020-12-23,72,52.0,,0.52,37.44
2020-12-24,59,52.0,,0.52,30.68
2020-12-25,44,52.0,,0.52,22.880000000000003
2020-12-26,50,52.0,,0.52,26.0
2020-12-27,53,58.0,False,0.58,30.74
2020-12-28,66,58.0,,0.58,38.279999999999994
2020-12-29,75,58.0,,0.58,43.5
2020-12-30,69,58.0,,0.58,40.02
2020-12-31,75,58.0,,0.58,43.5
2021-01-01,61,58.0,,0.58,35.379999999999995
2021-01-02,60,58.0,,0.58,34.8
2021-01-03,53,68.0,False,0.68,36.04
2021-01-04,75,68.0,,0.68,51.00000000000001
2021-01-05,91,68.0,,0.68,61.88
2021-01-06,77,68.0,,0.68,52.36000000000001
2021-01-07,83,68.0,,0.68,56.440000000000005
2021-01-08,63,68.0,,0.68,42.84
2021-01-09,50,68.0,,0.68,34.0
2021-01-10,50,77.0,False,0.77,38.5
2021-01-11,74,77.0,,0.77,56.98
2021-01-12,100,77.0,,0.77,77.0
2021-01-13,95,77.0,,0.77,73.15
2021-01-14,88,77.0,,0.77,67.76
2021-01-15,80,77.0,,0.77,61.6
2021-01-16,50,77.0,,0.77,38.5
2021-01-17,48,68.0,False,0.68,32.64
2021-01-18,63,68.0,,0.68,42.84
2021-01-19,90,68.0,,0.68,61.2
2021-01-20,82,68.0,,0.68,55.760000000000005
2021-01-21,89,68.0,,0.68,60.52
2021-01-22,77,68.0,,0.68,52.36000000000001
2021-01-23,52,68.0,,0.68,35.36
2021-01-24,53,74.0,False,0.74,39.22
2021-01-25,81,74.0,,0.74,59.94
2021-01-26,87,74.0,,0.74,64.38
2021-01-27,93,74.0,,0.74,68.82
2021-01-28,82,74.0,,0.74,60.68
2021-01-29,75,74.0,,0.74,55.5
2021-01-30,53,74.0,,0.74,39.22
2021-01-31,53,74.0,False,0.74,39.22
2021-02-01,88,74.0,,0.74,65.12
2021-02-02,88,74.0,,0.74,65.12
2021-02-03,100,74.0,,0.74,74.0
2021-02-04,86,74.0,,0.74,63.64
2021-02-05,80,74.0,,0.74,59.2
2021-02-06,61,74.0,,0.74,45.14
2021-02-07,53,68.0,False,0.68,36.04
2021-02-08,82,68.0,,0.68,55.760000000000005
2021-02-09,91,68.0,,0.68,61.88
2021-02-10,93,68.0,,0.68,63.24
2021-02-11,83,68.0,,0.68,56.440000000000005
2021-02-12,83,68.0,,0.68,56.440000000000005
2021-02-13,53,68.0,,0.68,36.04
2021-02-14,54,62.0,False,0.62,33.48
2021-02-15,71,62.0,,0.62,44.02
2021-02-16,77,62.0,,0.62,47.74
2021-02-17,92,62.0,,0.62,57.04
2021-02-18,84,62.0,,0.62,52.08
2021-02-19,80,62.0,,0.62,49.6
2021-02-20,56,62.0,,0.62,34.72
2021-02-21,53,71.0,False,0.71,37.629999999999995
2021-02-22,83,71.0,,0.71,58.93
2021-02-23,85,71.0,,0.71,60.349999999999994
2021-02-24,93,71.0,,0.71,66.03
2021-02-25,82,71.0,,0.71,58.22
2021-02-26,75,71.0,,0.71,53.25
2021-02-27,57,71.0,,0.71,40.47
2021-02-28,56,72.0,False,0.72,40.32
2021-03-01,96,72.0,,0.72,69.12
2021-03-02,92,72.0,,0.72,66.24
2021-03-03,94,72.0,,0.72,67.67999999999999
2021-03-04,90,72.0,,0.72,64.8
2021-03-05,81,72.0,,0.72,58.32
2021-03-06,58,72.0,,0.72,41.76
2021-03-07,55,65.0,False,0.65,35.75
2021-03-08,81,65.0,,0.65,52.65
2021-03-09,82,65.0,,0.65,53.3
2021-03-10,98,65.0,,0.65,63.7
2021-03-11,81,65.0,,0.65,52.65
2021-03-12,77,65.0,,0.65,50.05
2021-03-13,55,65.0,,0.65,35.75
2021-03-14,51,61.0,False,0.61,31.11
2021-03-15,76,61.0,,0.61,46.36
2021-03-16,84,61.0,,0.61,51.24
2021-03-17,86,61.0,,0.61,52.46
2021-03-18,79,61.0,,0.61,48.19
2021-03-19,84,61.0,,0.61,51.24
2021-03-20,48,61.0,,0.61,29.28
2021-03-21,47,63.0,False,0.63,29.61
2021-03-22,77,63.0,,0.63,48.51
2021-03-23,88,63.0,,0.63,55.44
2021-03-24,88,63.0,,0.63,55.44
2021-03-25,86,63.0,,0.63,54.18
2021-03-26,74,63.0,,0.63,46.62
2021-03-27,46,63.0,,0.63,28.98
2021-03-28,47,62.0,False,0.62,29.14
2021-03-29,78,62.0,,0.62,48.36
2021-03-30,81,62.0,,0.62,50.22
2021-03-31,100,62.0,,0.62,62.0
2021-04-01,83,62.0,,0.62,51.46
2021-04-02,72,62.0,,0.62,44.64
2021-04-03,48,62.0,,0.62,29.76
2021-04-04,46,62.0,False,0.62,28.52
2021-04-05,81,62.0,,0.62,50.22
2021-04-06,81,62.0,,0.62,50.22
2021-04-07,88,62.0,,0.62,54.56
2021-04-08,84,62.0,,0.62,52.08
2021-04-09,78,62.0,,0.62,48.36
2021-04-10,49,62.0,,0.62,30.38
2021-04-11,53,65.0,False,0.65,34.45
2021-04-12,84,65.0,,0.65,54.6
2021-04-13,96,65.0,,0.65,62.400000000000006
2021-04-14,99,65.0,,0.65,64.35000000000001
2021-04-15,80,65.0,,0.65,52.0
2021-04-16,83,65.0,,0.65,53.95
2021-04-17,50,65.0,,0.65,32.5
2021-04-18,56,65.0,False,0.65,36.4
2021-04-19,86,65.0,,0.65,55.9
2021-04-20,86,65.0,,0.65,55.9
2021-04-21,92,65.0,,0.65,59.8
2021-04-22,88,65.0,,0.65,57.2
2021-04-23,82,65.0,,0.65,53.3
2021-04-24,50,65.0,,0.65,32.5
2021-04-25,53,68.0,False,0.68,36.04
2021-04-26,91,68.0,,0.68,61.88
2021-04-27,94,68.0,,0.68,63.92
2021-04-28,100,68.0,,0.68,68.0
2021-04-29,91,68.0,,0.68,61.88
2021-04-30,82,68.0,,0.68,55.760000000000005
2021-05-01,72,68.0,,0.68,48.96
2021-05-02,54,67.0,False,0.67,36.18
2021-05-03,82,67.0,,0.67,54.940000000000005
2021-05-04,81,67.0,,0.67,54.27
2021-05-05,90,67.0,,0.67,60.3
2021-05-06,91,67.0,,0.67,60.970000000000006
2021-05-07,82,67.0,,0.67,54.940000000000005
2021-05-08,53,67.0,,0.67,35.510000000000005
2021-05-09,45,61.0,False,0.61,27.45
2021-05-10,80,61.0,,0.61,48.8
2021-05-11,81,61.0,,0.61,49.41
2021-05-12,100,61.0,,0.61,61.0
2021-05-13,81,61.0,,0.61,49.41
2021-05-14,79,61.0,,0.61,48.19
2021-05-15,45,61.0,,0.61,27.45
2021-05-16,48,67.0,False,0.67,32.160000000000004
2021-05-17,83,67.0,,0.67,55.61000000000001
2021-05-18,83,67.0,,0.67,55.61000000000001
2021-05-19,89,67.0,,0.67,59.63
2021-05-20,80,67.0,,0.67,53.6
2021-05-21,76,67.0,,0.67,50.92
2021-05-22,47,67.0,,0.67,31.49
2021-05-23,46,63.0,False,0.63,28.98
2021-05-24,80,63.0,,0.63,50.4
2021-05-25,79,63.0,,0.63,49.77
2021-05-26,94,63.0,,0.63,59.22
2021-05-27,78,63.0,,0.63,49.14
2021-05-28,77,63.0,,0.63,48.51
2021-05-29,53,63.0,,0.63,33.39
2021-05-30,44,58.0,False,0.58,25.52
2021-05-31,53,58.0,,0.58,30.74
2021-06-01,84,58.0,,0.58,48.72
2021-06-02,89,58.0,,0.58,51.62
2021-06-03,80,58.0,,0.58,46.4
2021-06-04,80,58.0,,0.58,46.4
2021-06-05,44,58.0,,0.58,25.52
2021-06-06,44,64.0,False,0.64,28.16
2021-06-07,78,64.0,,0.64,49.92
2021-06-08,80,64.0,,0.64,51.2
2021-06-09,91,64.0,,0.64,58.24
2021-06-10,79,64.0,,0.64,50.56
2021-06-11,76,64.0,,0.64,48.64
2021-06-12,83,64.0,,0.64,53.120000000000005
2021-06-13,52,64.0,False,0.64,33.28
2021-06-14,78,64.0,,0.64,49.92
2021-06-15,80,64.0,,0.64,51.2
2021-06-16,95,64.0,,0.64,60.8
2021-06-17,82,64.0,,0.64,52.48
2021-06-18,74,64.0,,0.64,47.36
2021-06-19,42,64.0,,0.64,26.88
2021-06-20,42,59.0,False,0.59,24.78
2021-06-21,75,59.0,,0.59,44.25
2021-06-22,77,59.0,,0.59,45.43
2021-06-23,99,59.0,,0.59,58.41
2021-06-24,80,59.0,,0.59,47.2
2021-06-25,70,59.0,,0.59,41.3
2021-06-26,40,59.0,,0.59,23.6
2021-06-27,40,59.0,False,0.59,23.6
2021-06-28,78,59.0,,0.59,46.02
2021-06-29,73,59.0,,0.59,43.07
2021-06-30,100,59.0,,0.59,59.0
2021-07-01,80,59.0,,0.59,47.2
2021-07-02,73,59.0,,0.59,43.07
2021-07-03,45,59.0,,0.59,26.549999999999997
2021-07-04,39,55.0,False,0.55,21.450000000000003
2021-07-05,52,55.0,,0.55,28.6
2021-07-06,75,55.0,,0.55,41.25
2021-07-07,94,55.0,,0.55,51.7
2021-07-08,84,55.0,,0.55,46.2
2021-07-09,70,55.0,,0.55,38.5
2021-07-10,43,55.0,,0.55,23.65
2021-07-11,41,61.0,False,0.61,25.01
2021-07-12,80,61.0,,0.61,48.8
2021-07-13,82,61.0,,0.61,50.02
2021-07-14,96,61.0,,0.61,58.56
2021-07-15,82,61.0,,0.61,50.02
2021-07-16,84,61.0,,0.61,51.24
2021-07-17,43,61.0,,0.61,26.23
2021-07-18,43,58.0,False,0.58,24.94
2021-07-19,82,58.0,,0.58,47.559999999999995
2021-07-20,80,58.0,,0.58,46.4
2021-07-21,94,58.0,,0.58,54.52
2021-07-22,80,58.0,,0.58,46.4
2021-07-23,79,58.0,,0.58,45.82
2021-07-24,46,58.0,,0.58,26.68
2021-07-25,42,63.0,False,0.63,26.46
2021-07-26,70,63.0,,0.63,44.1
2021-07-27,78,63.0,,0.63,49.14
2021-07-28,94,63.0,,0.63,59.22
2021-07-29,79,63.0,,0.63,49.77
2021-07-30,100,63.0,,0.63,63.0
2021-07-31,47,63.0,,0.63,29.61
2021-08-01,41,58.0,False,0.58,23.78
2021-08-02,68,58.0,,0.58,39.44
2021-08-03,77,58.0,,0.58,44.66
2021-08-04,81,58.0,,0.58,46.98
2021-08-05,68,58.0,,0.58,39.44
2021-08-06,60,58.0,,0.58,34.8
2021-08-07,39,58.0,,0.58,22.619999999999997
2021-08-08,38,55.0,False,0.55,20.9
2021-08-09,67,55.0,,0.55,36.85
2021-08-10,68,55.0,,0.55,37.400000000000006
2021-08-11,84,55.0,,0.55,46.2
2021-08-12,70,55.0,,0.55,38.5
2021-08-13,63,55.0,,0.55,34.650000000000006
2021-08-14,40,55.0,,0.55,22.0
2021-08-15,37,65.0,False,0.65,24.05
2021-08-16,71,65.0,,0.65,46.15
2021-08-17,80,65.0,,0.65,52.0
2021-08-18,92,65.0,,0.65,59.8
2021-08-19,79,65.0,,0.65,51.35
2021-08-20,76,65.0,,0.65,49.4
2021-08-21,42,65.0,,0.65,27.3
2021-08-22,40,69.0,False,0.69,27.6
2021-08-23,75,69.0,,0.69,51.74999999999999
2021-08-24,85,69.0,,0.69,58.65
2021-08-25,100,69.0,,0.69,69.0
2021-08-26,81,69.0,,0.69,55.88999999999999
2021-08-27,86,69.0,,0.69,59.34
2021-08-28,46,69.0,,0.69,31.74
2021-08-29,57,69.0,False,0.69,39.33
2021-08-30,84,69.0,,0.69,57.959999999999994
2021-08-31,91,69.0,,0.69,62.78999999999999
2021-09-01,92,69.0,,0.69,63.48
2021-09-02,71,69.0,,0.69,48.989999999999995
2021-09-03,64,69.0,,0.69,44.16
2021-09-04,37,69.0,,0.69,25.53
2021-09-05,36,63.0,False,0.63,22.68
2021-09-06,39,63.0,,0.63,24.57
2021-09-07,71,63.0,,0.63,44.73
2021-09-08,87,63.0,,0.63,54.81
2021-09-09,69,63.0,,0.63,43.47
2021-09-10,61,63.0,,0.63,38.43
2021-09-11,36,63.0,,0.63,22.68
2021-09-12,37,70.0,False,0.7,25.9
2021-09-13,69,70.0,,0.7,48.3
2021-09-14,73,70.0,,0.7,51.099999999999994
2021-09-15,93,70.0,,0.7,65.1
2021-09-16,74,70.0,,0.7,51.8
2021-09-17,67,70.0,,0.7,46.9
2021-09-18,35,70.0,,0.7,24.5
2021-09-19,37,69.0,False,0.69,25.53
2021-09-20,71,69.0,,0.69,48.989999999999995
2021-09-21,71,69.0,,0.69,48.989999999999995
2021-09-22,92,69.0,,0.69,63.48
2021-09-23,70,69.0,,0.69,48.3
2021-09-24,62,69.0,,0.69,42.779999999999994
2021-09-25,38,69.0,,0.69,26.22
2021-09-26,33,68.0,False,0.68,22.44
2021-09-27,65,68.0,,0.68,44.2
2021-09-28,67,68.0,,0.68,45.56
2021-09-29,100,68.0,,0.68,68.0
2021-09-30,70,68.0,,0.68,47.6
2021-10-01,72,68.0,,0.68,48.96
2021-10-02,39,68.0,,0.68,26.520000000000003
2021-10-03,41,67.0,False,0.67,27.47
2021-10-04,72,67.0,,0.67,48.24
2021-10-05,74,67.0,,0.67,49.580000000000005
2021-10-06,86,67.0,,0.67,57.620000000000005
2021-10-07,73,67.0,,0.67,48.91
2021-10-08,66,67.0,,0.67,44.220000000000006
2021-10-09,38,67.0,,0.67,25.46
2021-10-10,36,66.0,False,0.66,23.76
2021-10-11,65,66.0,,0.66,42.9
2021-10-12,75,66.0,,0.66,49.5
2021-10-13,74,66.0,,0.66,48.84
2021-10-14,82,66.0,,0.66,54.120000000000005
2021-10-15,70,66.0,,0.66,46.2
2021-10-16,40,66.0,,0.66,26.4
2021-10-17,40,69.0,False,0.69,27.6
2021-10-18,71,69.0,,0.69,48.989999999999995
2021-10-19,77,69.0,,0.69,53.129999999999995
2021-10-20,83,69.0,,0.69,57.27
2021-10-21,78,69.0,,0.69,53.81999999999999
2021-10-22,66,69.0,,0.69,45.54
2021-10-23,40,69.0,,0.69,27.6
2021-10-24,41,72.0,False,0.72,29.52
2021-10-25,69,72.0,,0.72,49.68
2021-10-26,91,72.0,,0.72,65.52
2021-10-27,100,72.0,,0.72,72.0
2021-10-28,80,72.0,,0.72,57.599999999999994
2021-10-29,68,72.0,,0.72,48.96
2021-10-30,44,72.0,,0.72,31.68
2021-10-31,37,66.0,False,0.66,24.42
2021-11-01,76,66.0,,0.66,50.16
2021-11-02,79,66.0,,0.66,52.14
2021-11-03,88,66.0,,0.66,58.080000000000005
2021-11-04,79,66.0,,0.66,52.14
2021-11-05,76,66.0,,0.66,50.16
2021-11-06,45,66.0,,0.66,29.700000000000003
2021-11-07,42,67.0,False,0.67,28.14
2021-11-08,77,67.0,,0.67,51.59
2021-11-09,82,67.0,,0.67,54.940000000000005
2021-11-10,100,67.0,,0.67,67.0
2021-11-11,74,67.0,,0.67,49.580000000000005
2021-11-12,67,67.0,,0.67,44.89
2021-11-13,44,67.0,,0.67,29.48
2021-11-14,41,75.0,False,0.75,30.75
2021-11-15,83,75.0,,0.75,62.25
2021-11-16,77,75.0,,0.75,57.75
2021-11-17,99,75.0,,0.75,74.25
2021-11-18,85,75.0,,0.75,63.75
2021-11-19,82,75.0,,0.75,61.5
2021-11-20,42,75.0,,0.75,31.5
2021-11-21,42,53.0,False,0.53,22.26
2021-11-22,71,53.0,,0.53,37.63
2021-11-23,70,53.0,,0.53,37.1
2021-11-24,79,53.0,,0.53,41.870000000000005
2021-11-25,39,53.0,,0.53,20.67
2021-11-26,46,53.0,,0.53,24.380000000000003
2021-11-27,41,53.0,,0.53,21.73
2021-11-28,41,72.0,False,0.72,29.52
2021-11-29,82,72.0,,0.72,59.04
2021-11-30,100,72.0,,0.72,72.0
2021-12-01,100,72.0,,0.72,72.0
2021-12-02,84,72.0,,0.72,60.48
2021-12-03,73,72.0,,0.72,52.559999999999995
2021-12-04,44,72.0,,0.72,31.68
2021-12-05,40,64.0,False,0.64,25.6
2021-12-06,69,64.0,,0.64,44.16
2021-12-07,73,64.0,,0.64,46.72
2021-12-08,83,64.0,,0.64,53.120000000000005
2021-12-09,90,64.0,,0.64,57.6
2021-12-10,70,64.0,,0.64,44.8
2021-12-11,45,64.0,,0.64,28.8
2021-12-12,45,65.0,False,0.65,29.25
2021-12-13,69,65.0,,0.65,44.85
2021-12-14,71,65.0,,0.65,46.15
2021-12-15,99,65.0,,0.65,64.35000000000001
2021-12-16,82,65.0,,0.65,53.3
2021-12-17,69,65.0,,0.65,44.85
2021-12-18,38,65.0,,0.65,24.7
2021-12-19,36,51.0,False,0.51,18.36
2021-12-20,64,51.0,,0.51,32.64
2021-12-21,67,51.0,,0.51,34.17
2021-12-22,75,51.0,,0.51,38.25
2021-12-23,57,51.0,,0.51,29.07
2021-12-24,41,51.0,,0.51,20.91
2021-12-25,32,51.0,,0.51,16.32
2021-12-26,32,48.0,False,0.48,15.36
2021-12-27,51,48.0,,0.48,24.48
2021-12-28,57,48.0,,0.48,27.36
2021-12-29,72,48.0,,0.48,34.56
2021-12-30,63,48.0,,0.48,30.24
2021-12-31,43,48.0,,0.48,20.64
2022-01-01,38,48.0,,0.48,18.24
2022-01-02,47,72.0,False,0.72,33.839999999999996
2022-01-03,64,72.0,,0.72,46.08
2022-01-04,91,72.0,,0.72,65.52
2022-01-05,89,72.0,,0.72,64.08
2022-01-06,73,72.0,,0.72,52.559999999999995
2022-01-07,81,72.0,,0.72,58.32
2022-01-08,53,72.0,,0.72,38.16
2022-01-09,49,81.0,False,0.81,39.690000000000005
2022-01-10,73,81.0,,0.81,59.13
2022-01-11,87,81.0,,0.81,70.47
2022-01-12,98,81.0,,0.81,79.38000000000001
2022-01-13,97,81.0,,0.81,78.57000000000001
2022-01-14,71,81.0,,0.81,57.510000000000005
2022-01-15,51,81.0,,0.81,41.31
2022-01-16,42,74.0,False,0.74,31.08
2022-01-17,57,74.0,,0.74,42.18
2022-01-18,77,74.0,,0.74,56.98
2022-01-19,87,74.0,,0.74,64.38
2022-01-20,84,74.0,,0.74,62.16
2022-01-21,74,74.0,,0.74,54.76
2022-01-22,53,74.0,,0.74,39.22
2022-01-23,52,85.0,False,0.85,44.2
2022-01-24,80,85.0,,0.85,68.0
2022-01-25,89,85.0,,0.85,75.64999999999999
2022-01-26,91,85.0,,0.85,77.35
2022-01-27,89,85.0,,0.85,75.64999999999999
2022-01-28,88,85.0,,0.85,74.8
2022-01-29,55,85.0,,0.85,46.75
2022-01-30,53,84.0,False,0.84,44.52
2022-01-31,100,84.0,,0.84,84.0
2022-02-01,84,84.0,,0.84,70.56
2022-02-02,91,84.0,,0.84,76.44
2022-02-03,85,84.0,,0.84,71.39999999999999
2022-02-04,72,84.0,,0.84,60.48
2022-02-05,51,84.0,,0.84,42.84
2022-02-06,53,88.0,False,0.88,46.64
2022-02-07,79,88.0,,0.88,69.52
2022-02-08,98,88.0,,0.88,86.24
2022-02-09,87,88.0,,0.88,76.56
2022-02-10,64,88.0,,0.88,56.32
2022-02-11,81,88.0,,0.88,71.28
2022-02-12,47,88.0,,0.88,41.36
2022-02-13,46,86.0,False,0.86,39.56
2022-02-14,71,86.0,,0.86,61.06
2022-02-15,90,86.0,,0.86,77.4
2022-02-16,92,86.0,,0.86,79.12
2022-02-17,93,86.0,,0.86,79.98
2022-02-18,80,86.0,,0.86,68.8
2022-02-19,47,86.0,,0.86,40.42
2022-02-20,45,84.0,False,0.84,37.8
2022-02-21,74,84.0,,0.84,62.16
2022-02-22,85,84.0,,0.84,71.39999999999999
2022-02-23,100,84.0,,0.84,84.0
2022-02-24,82,84.0,,0.84,68.88
2022-02-25,75,84.0,,0.84,63.0
2022-02-26,47,84.0,,0.84,39.48
2022-02-27,46,83.0,False,0.83,38.18
2022-02-28,81,83.0,,0.83,67.22999999999999
2022-03-01,87,83.0,,0.83,72.21
2022-03-02,95,83.0,,0.83,78.85
2022-03-03,88,83.0,,0.83,73.03999999999999
2022-03-04,80,83.0,,0.83,66.39999999999999
2022-03-05,48,83.0,,0.83,39.84
2022-03-06,46,80.0,False,0.8,36.8
2022-03-07,81,80.0,,0.8,64.8
2022-03-08,90,80.0,,0.8,72.0
2022-03-09,100,80.0,,0.8,80.0
2022-03-10,89,80.0,,0.8,71.2
2022-03-11,72,80.0,,0.8,57.6
2022-03-12,48,80.0,,0.8,38.400000000000006
2022-03-13,48,78.0,False,0.78,37.44
2022-03-14,80,78.0,,0.78,62.400000000000006
2022-03-15,89,78.0,,0.78,69.42
2022-03-16,94,78.0,,0.78,73.32000000000001
2022-03-17,84,78.0,,0.78,65.52
2022-03-18,71,78.0,,0.78,55.38
2022-03-19,46,78.0,,0.78,35.88
2022-03-20,44,86.0,False,0.86,37.84
2022-03-21,84,86.0,,0.86,72.24
2022-03-22,88,86.0,,0.86,75.67999999999999
2022-03-23,89,86.0,,0.86,76.53999999999999
2022-03-24,88,86.0,,0.86,75.67999999999999
2022-03-25,78,86.0,,0.86,67.08
2022-03-26,45,86.0,,0.86,38.7
2022-03-27,45,85.0,False,0.85,38.25
2022-03-28,91,85.0,,0.85,77.35
2022-03-29,91,85.0,,0.85,77.35
2022-03-30,95,85.0,,0.85,80.75
2022-03-31,97,85.0,,0.85,82.45
2022-04-01,83,85.0,,0.85,70.55
2022-04-02,47,85.0,,0.85,39.95
2022-04-03,51,87.0,False,0.87,44.37
2022-04-04,94,87.0,,0.87,81.78
2022-04-05,95,87.0,,0.87,82.65
2022-04-06,99,87.0,,0.87,86.13
2022-04-07,90,87.0,,0.87,78.3
2022-04-08,82,87.0,,0.87,71.34
2022-04-09,45,87.0,,0.87,39.15
2022-04-10,45,84.0,False,0.84,37.8
2022-04-11,87,84.0,,0.84,73.08
2022-04-12,92,84.0,,0.84,77.28
2022-04-13,93,84.0,,0.84,78.11999999999999
2022-04-14,90,84.0,,0.84,75.6
2022-04-15,74,84.0,,0.84,62.16
2022-04-16,45,84.0,,0.84,37.8
2022-04-17,47,87.0,False,0.87,40.89
2022-04-18,88,87.0,,0.87,76.56
2022-04-19,91,87.0,,0.87,79.17
2022-04-20,93,87.0,,0.87,80.91
2022-04-21,91,87.0,,0.87,79.17
2022-04-22,81,87.0,,0.87,70.47
2022-04-23,43,87.0,,0.87,37.41
2022-04-24,44,87.0,False,0.87,38.28
2022-04-25,87,87.0,,0.87,75.69
2022-04-26,97,87.0,,0.87,84.39
2022-04-27,100,87.0,,0.87,87.0
2022-04-28,86,87.0,,0.87,74.82
2022-04-29,85,87.0,,0.87,73.95
2022-04-30,45,87.0,,0.87,39.15
2022-05-01,46,85.0,False,0.85,39.1
2022-05-02,90,85.0,,0.85,76.5
2022-05-03,92,85.0,,0.85,78.2
2022-05-04,98,85.0,,0.85,83.3
2022-05-05,93,85.0,,0.85,79.05
2022-05-06,74,85.0,,0.85,62.9
2022-05-07,46,85.0,,0.85,39.1
2022-05-08,44,83.0,False,0.83,36.52
2022-05-09,86,83.0,,0.83,71.38
2022-05-10,100,83.0,,0.83,83.0
2022-05-11,95,83.0,,0.83,78.85
2022-05-12,87,83.0,,0.83,72.21
2022-05-13,81,83.0,,0.83,67.22999999999999
2022-05-14,41,83.0,,0.83,34.03
2022-05-15,44,79.0,False,0.79,34.760000000000005
2022-05-16,80,79.0,,0.79,63.2
2022-05-17,89,79.0,,0.79,70.31
2022-05-18,91,79.0,,0.79,71.89
2022-05-19,85,79.0,,0.79,67.15
2022-05-20,72,79.0,,0.79,56.88
2022-05-21,43,79.0,,0.79,33.97
2022-05-22,41,75.0,False,0.75,30.75
2022-05-23,78,75.0,,0.75,58.5
2022-05-24,87,75.0,,0.75,65.25
2022-05-25,87,75.0,,0.75,65.25
2022-05-26,84,75.0,,0.75,63.0
2022-05-27,69,75.0,,0.75,51.75
2022-05-28,39,75.0,,0.75,29.25
2022-05-29,37,71.0,False,0.71,26.27
2022-05-30,45,71.0,,0.71,31.95
2022-05-31,77,71.0,,0.71,54.669999999999995
2022-06-01,95,71.0,,0.71,67.45
2022-06-02,99,71.0,,0.71,70.28999999999999
2022-06-03,86,71.0,,0.71,61.059999999999995
2022-06-04,50,71.0,,0.71,35.5
2022-06-05,47,76.0,False,0.76,35.72
2022-06-06,86,76.0,,0.76,65.36
2022-06-07,94,76.0,,0.76,71.44
2022-06-08,98,76.0,,0.76,74.48
2022-06-09,100,76.0,,0.76,76.0
2022-06-10,76,76.0,,0.76,57.76
2022-06-11,46,76.0,,0.76,34.96
2022-06-12,48,72.0,False,0.72,34.56
2022-06-13,95,72.0,,0.72,68.39999999999999
2022-06-14,95,72.0,,0.72,68.39999999999999
2022-06-15,92,72.0,,0.72,66.24
2022-06-16,94,72.0,,0.72,67.67999999999999
2022-06-17,74,72.0,,0.72,53.28
2022-06-18,47,72.0,,0.72,33.839999999999996
2022-06-19,52,75.0,False,0.75,39.0
2022-06-20,74,75.0,,0.75,55.5
2022-06-21,93,75.0,,0.75,69.75
2022-06-22,93,75.0,,0.75,69.75
2022-06-23,88,75.0,,0.75,66.0
2022-06-24,73,75.0,,0.75,54.75
2022-06-25,52,75.0,,0.75,39.0
2022-06-26,50,74.0,False,0.74,37.0
2022-06-27,88,74.0,,0.74,65.12
2022-06-28,93,74.0,,0.74,68.82
2022-06-29,89,74.0,,0.74,65.86
2022-06-30,92,74.0,,0.74,68.08
2022-07-01,82,74.0,,0.74,60.68
2022-07-02,50,74.0,,0.74,37.0
2022-07-03,41,69.0,False,0.69,28.29
2022-07-04,44,69.0,,0.69,30.36
2022-07-05,83,69.0,,0.69,57.27
2022-07-06,98,69.0,,0.69,67.61999999999999
2022-07-07,91,69.0,,0.69,62.78999999999999
2022-07-08,77,69.0,,0.69,53.129999999999995
2022-07-09,48,69.0,,0.69,33.12
2022-07-10,46,78.0,False,0.78,35.88
2022-07-11,92,78.0,,0.78,71.76
2022-07-12,100,78.0,,0.78,78.0
2022-07-13,97,78.0,,0.78,75.66
2022-07-14,91,78.0,,0.78,70.98
2022-07-15,71,78.0,,0.78,55.38
2022-07-16,55,78.0,,0.78,42.9
2022-07-17,49,77.0,False,0.77,37.73
2022-07-18,90,77.0,,0.77,69.3
2022-07-19,94,77.0,,0.77,72.38
2022-07-20,91,77.0,,0.77,70.07000000000001
2022-07-21,90,77.0,,0.77,69.3
2022-07-22,78,77.0,,0.77,60.06
2022-07-23,55,77.0,,0.77,42.35
2022-07-24,50,76.0,False,0.76,38.0
2022-07-25,88,76.0,,0.76,66.88
2022-07-26,98,76.0,,0.76,74.48
2022-07-27,94,76.0,,0.76,71.44
2022-07-28,86,76.0,,0.76,65.36
2022-07-29,78,76.0,,0.76,59.28
2022-07-30,52,76.0,,0.76,39.52
2022-07-31,49,81.0,False,0.81,39.690000000000005
2022-08-01,73,81.0,,0.81,59.13
2022-08-02,82,81.0,,0.81,66.42
2022-08-03,87,81.0,,0.81,70.47
2022-08-04,82,81.0,,0.81,66.42
2022-08-05,67,81.0,,0.81,54.27
2022-08-06,50,81.0,,0.81,40.5
2022-08-07,42,77.0,False,0.77,32.34
2022-08-08,80,77.0,,0.77,61.6
2022-08-09,85,77.0,,0.77,65.45
2022-08-10,84,77.0,,0.77,64.68
2022-08-11,78,77.0,,0.77,60.06
2022-08-12,69,77.0,,0.77,53.13
2022-08-13,46,77.0,,0.77,35.42
2022-08-14,44,82.0,False,0.82,36.08
2022-08-15,83,82.0,,0.82,68.06
2022-08-16,93,82.0,,0.82,76.25999999999999
2022-08-17,83,82.0,,0.82,68.06
2022-08-18,88,82.0,,0.82,72.16
2022-08-19,78,82.0,,0.82,63.959999999999994
2022-08-20,54,82.0,,0.82,44.279999999999994
2022-08-21,41,90.0,False,0.9,36.9
2022-08-22,88,90.0,,0.9,79.2
2022-08-23,100,90.0,,0.9,90.0
2022-08-24,93,90.0,,0.9,83.7
2022-08-25,94,90.0,,0.9,84.60000000000001
2022-08-26,80,90.0,,0.9,72.0
2022-08-27,53,90.0,,0.9,47.7
2022-08-28,45,89.0,False,0.89,40.05
2022-08-29,92,89.0,,0.89,81.88
2022-08-30,98,89.0,,0.89,87.22
2022-08-31,98,89.0,,0.89,87.22
2022-09-01,76,89.0,,0.89,67.64
2022-09-02,63,89.0,,0.89,56.07
2022-09-03,40,89.0,,0.89,35.6
2022-09-04,34,79.0,False,0.79,26.86
2022-09-05,36,79.0,,0.79,28.44
2022-09-06,78,79.0,,0.79,61.620000000000005
2022-09-07,76,79.0,,0.79,60.040000000000006
2022-09-08,75,79.0,,0.79,59.25
2022-09-09,67,79.0,,0.79,52.93
2022-09-10,41,79.0,,0.79,32.39
2022-09-11,38,97.0,False,0.97,36.86
2022-09-12,80,97.0,,0.97,77.6
2022-09-13,77,97.0,,0.97,74.69
2022-09-14,76,97.0,,0.97,73.72
2022-09-15,100,97.0,,0.97,97.0
2022-09-16,81,97.0,,0.97,78.57
2022-09-17,46,97.0,,0.97,44.62
2022-09-18,39,88.0,False,0.88,34.32
2022-09-19,78,88.0,,0.88,68.64
2022-09-20,81,88.0,,0.88,71.28
2022-09-21,76,88.0,,0.88,66.88
2022-09-22,76,88.0,,0.88,66.88
2022-09-23,66,88.0,,0.88,58.08
2022-09-24,44,88.0,,0.88,38.72
2022-09-25,36,85.0,False,0.85,30.6
2022-09-26,72,85.0,,0.85,61.2
2022-09-27,75,85.0,,0.85,63.75
2022-09-28,75,85.0,,0.85,63.75
2022-09-29,75,85.0,,0.85,63.75
2022-09-30,69,85.0,,0.85,58.65
2022-10-01,49,85.0,,0.85,41.65
2022-10-02,46,89.0,False,0.89,40.94
2022-10-03,86,89.0,,0.89,76.54
2022-10-04,90,89.0,,0.89,80.1
2022-10-05,85,89.0,,0.89,75.65
2022-10-06,86,89.0,,0.89,76.54
2022-10-07,79,89.0,,0.89,70.31
2022-10-08,50,89.0,,0.89,44.5
2022-10-09,41,83.0,False,0.83,34.03
2022-10-10,72,83.0,,0.83,59.76
2022-10-11,100,83.0,,0.83,83.0
2022-10-12,88,83.0,,0.83,73.03999999999999
2022-10-13,91,83.0,,0.83,75.53
2022-10-14,79,83.0,,0.83,65.57
2022-10-15,50,83.0,,0.83,41.5
2022-10-16,41,91.0,False,0.91,37.31
2022-10-17,82,91.0,,0.91,74.62
2022-10-18,100,91.0,,0.91,91.0
2022-10-19,98,91.0,,0.91,89.18
2022-10-20,91,91.0,,0.91,82.81
2022-10-21,76,91.0,,0.91,69.16
2022-10-22,50,91.0,,0.91,45.5
2022-10-23,41,85.0,False,0.85,34.85
2022-10-24,87,85.0,,0.85,73.95
2022-10-25,90,85.0,,0.85,76.5
2022-10-26,89,85.0,,0.85,75.64999999999999
2022-10-27,87,85.0,,0.85,73.95
2022-10-28,73,85.0,,0.85,62.05
2022-10-29,48,85.0,,0.85,40.8
2022-10-30,41,84.0,False,0.84,34.44
2022-10-31,81,84.0,,0.84,68.03999999999999
2022-11-01,95,84.0,,0.84,79.8
2022-11-02,100,84.0,,0.84,84.0
2022-11-03,90,84.0,,0.84,75.6
2022-11-04,79,84.0,,0.84,66.36
2022-11-05,52,84.0,,0.84,43.68
2022-11-06,41,79.0,False,0.79,32.39
2022-11-07,89,79.0,,0.79,70.31
2022-11-08,86,79.0,,0.79,67.94
2022-11-09,80,79.0,,0.79,63.2
2022-11-10,85,79.0,,0.79,67.15
2022-11-11,67,79.0,,0.79,52.93
2022-11-12,51,79.0,,0.79,40.29
2022-11-13,45,84.0,False,0.84,37.8
2022-11-14,88,84.0,,0.84,73.92
2022-11-15,95,84.0,,0.84,79.8
2022-11-16,92,84.0,,0.84,77.28
2022-11-17,92,84.0,,0.84,77.28
2022-11-18,80,84.0,,0.84,67.2
2022-11-19,53,84.0,,0.84,44.52
2022-11-20,44,61.0,False,0.61,26.84
2022-11-21,80,61.0,,0.61,48.8
2022-11-22,80,61.0,,0.61,48.8
2022-11-23,60,61.0,,0.61,36.6
2022-11-24,37,61.0,,0.61,22.57
2022-11-25,43,61.0,,0.61,26.23
2022-11-26,49,61.0,,0.61,29.89
2022-11-27,46,85.0,False,0.85,39.1
2022-11-28,84,85.0,,0.85,71.39999999999999
2022-11-29,95,85.0,,0.85,80.75
2022-11-30,91,85.0,,0.85,77.35
2022-12-01,100,85.0,,0.85,85.0
2022-12-02,87,85.0,,0.85,73.95
2022-12-03,53,85.0,,0.85,45.05
2022-12-04,45,85.0,False,0.85,38.25
2022-12-05,91,85.0,,0.85,77.35
2022-12-06,91,85.0,,0.85,77.35
2022-12-07,99,85.0,,0.85,84.14999999999999
2022-12-08,89,85.0,,0.85,75.64999999999999
2022-12-09,79,85.0,,0.85,67.14999999999999
2022-12-10,55,85.0,,0.85,46.75
2022-12-11,46,81.0,False,0.81,37.260000000000005
2022-12-12,85,81.0,,0.81,68.85000000000001
2022-12-13,85,81.0,,0.81,68.85000000000001
2022-12-14,90,81.0,,0.81,72.9
2022-12-15,81,81.0,,0.81,65.61
2022-12-16,72,81.0,,0.81,58.32000000000001
2022-12-17,50,81.0,,0.81,40.5
2022-12-18,38,66.0,False,0.66,25.08
2022-12-19,73,66.0,,0.66,48.18
2022-12-20,76,66.0,,0.66,50.16
2022-12-21,72,66.0,,0.66,47.52
2022-12-22,63,66.0,,0.66,41.580000000000005
2022-12-23,50,66.0,,0.66,33.0
2022-12-24,49,66.0,,0.66,32.34
2022-12-25,34,56.0,False,0.56,19.040000000000003
2022-12-26,40,56.0,,0.56,22.4
2022-12-27,61,56.0,,0.56,34.160000000000004
2022-12-28,61,56.0,,0.56,34.160000000000004
2022-12-29,62,56.0,,0.56,34.720000000000006
2022-12-30,52,56.0,,0.56,29.120000000000005
2022-12-31,51,56.0,,0.56,28.56
2023-01-01,30,70.0,False,0.7,21.0
2023-01-02,42,70.0,,0.7,29.4
2023-01-03,69,70.0,,0.7,48.3
2023-01-04,81,70.0,,0.7,56.7
2023-01-05,78,70.0,,0.7,54.599999999999994
2023-01-06,73,70.0,,0.7,51.099999999999994
2023-01-07,49,70.0,,0.7,34.3
2023-01-08,39,87.0,False,0.87,33.93
2023-01-09,78,87.0,,0.87,67.86
2023-01-10,83,87.0,,0.87,72.21
2023-01-11,82,87.0,,0.87,71.34
2023-01-12,84,87.0,,0.87,73.08
2023-01-13,73,87.0,,0.87,63.51
2023-01-14,49,87.0,,0.87,42.63
2023-01-15,37,84.0,False,0.84,31.08
2023-01-16,56,84.0,,0.84,47.04
2023-01-17,86,84.0,,0.84,72.24
2023-01-18,89,84.0,,0.84,74.75999999999999
2023-01-19,86,84.0,,0.84,72.24
2023-01-20,76,84.0,,0.84,63.84
2023-01-21,50,84.0,,0.84,42.0
2023-01-22,42,91.0,False,0.91,38.22
2023-01-23,86,91.0,,0.91,78.26
2023-01-24,89,91.0,,0.91,80.99000000000001
2023-01-25,90,91.0,,0.91,81.9
2023-01-26,86,91.0,,0.91,78.26
2023-01-27,78,91.0,,0.91,70.98
2023-01-28,49,91.0,,0.91,44.59
2023-01-29,44,94.0,False,0.94,41.36
2023-01-30,85,94.0,,0.94,79.89999999999999
2023-01-31,100,94.0,,0.94,94.0
2023-02-01,100,94.0,,0.94,94.0
2023-02-02,98,94.0,,0.94,92.12
2023-02-03,82,94.0,,0.94,77.08
2023-02-04,55,94.0,,0.94,51.7
2023-02-05,47,86.0,False,0.86,40.42
2023-02-06,91,86.0,,0.86,78.26
2023-02-07,97,86.0,,0.86,83.42
2023-02-08,94,86.0,,0.86,80.84
2023-02-09,89,86.0,,0.86,76.53999999999999
2023-02-10,84,86.0,,0.86,72.24
2023-02-11,52,86.0,,0.86,44.72
2023-02-12,46,91.0,False,0.91,41.86
2023-02-13,83,91.0,,0.91,75.53
2023-02-14,92,91.0,,0.91,83.72
2023-02-15,94,91.0,,0.91,85.54
2023-02-16,92,91.0,,0.91,83.72
2023-02-17,79,91.0,,0.91,71.89
2023-02-18,50,91.0,,0.91,45.5
2023-02-19,44,88.0,False,0.88,38.72
2023-02-20,73,88.0,,0.88,64.24
2023-02-21,90,88.0,,0.88,79.2
2023-02-22,97,88.0,,0.88,85.36
2023-02-23,90,88.0,,0.88,79.2
2023-02-24,87,88.0,,0.88,76.56
2023-02-25,55,88.0,,0.88,48.4
2023-02-26,47,94.0,False,0.94,44.18
2023-02-27,92,94.0,,0.94,86.47999999999999
2023-02-28,95,94.0,,0.94,89.3
2023-03-01,95,94.0,,0.94,89.3
2023-03-02,94,94.0,,0.94,88.36
2023-03-03,84,94.0,,0.94,78.96
2023-03-04,49,94.0,,0.94,46.059999999999995
2023-03-05,45,88.0,False,0.88,39.6
2023-03-06,88,88.0,,0.88,77.44
2023-03-07,89,88.0,,0.88,78.32000000000001
2023-03-08,88,88.0,,0.88,77.44
2023-03-09,84,88.0,,0.88,73.92
2023-03-10,75,88.0,,0.88,66.0
2023-03-11,49,88.0,,0.88,43.12
2023-03-12,41,86.0,False,0.86,35.26
2023-03-13,76,86.0,,0.86,65.36
2023-03-14,81,86.0,,0.86,69.66
2023-03-15,85,86.0,,0.86,73.1
2023-03-16,81,86.0,,0.86,69.66
2023-03-17,71,86.0,,0.86,61.06
2023-03-18,49,86.0,,0.86,42.14
2023-03-19,42,93.0,False,0.93,39.06
2023-03-20,84,93.0,,0.93,78.12
2023-03-21,98,93.0,,0.93,91.14
2023-03-22,100,93.0,,0.93,93.0
2023-03-23,91,93.0,,0.93,84.63000000000001
2023-03-24,75,93.0,,0.93,69.75
2023-03-25,50,93.0,,0.93,46.5
2023-03-26,42,89.0,False,0.89,37.38
2023-03-27,82,89.0,,0.89,72.98
2023-03-28,90,89.0,,0.89,80.1
2023-03-29,88,89.0,,0.89,78.32000000000001
2023-03-30,93,89.0,,0.89,82.77
2023-03-31,78,89.0,,0.89,69.42
2023-04-01,51,89.0,,0.89,45.39
2023-04-02,48,86.0,False,0.86,41.28
2023-04-03,94,86.0,,0.86,80.84
2023-04-04,94,86.0,,0.86,80.84
2023-04-05,93,86.0,,0.86,79.98
2023-04-06,92,86.0,,0.86,79.12
2023-04-07,71,86.0,,0.86,61.06
2023-04-08,50,86.0,,0.86,43.0
2023-04-09,50,86.0,False,0.86,43.0
2023-04-10,87,86.0,,0.86,74.82
2023-04-11,95,86.0,,0.86,81.7
2023-04-12,100,86.0,,0.86,86.0
2023-04-13,98,86.0,,0.86,84.28
2023-04-14,76,86.0,,0.86,65.36
2023-04-15,49,86.0,,0.86,42.14
2023-04-16,48,84.0,False,0.84,40.32
2023-04-17,92,84.0,,0.84,77.28
2023-04-18,96,84.0,,0.84,80.64
2023-04-19,97,84.0,,0.84,81.48
2023-04-20,89,84.0,,0.84,74.75999999999999
2023-04-21,77,84.0,,0.84,64.67999999999999
2023-04-22,46,84.0,,0.84,38.64
2023-04-23,45,87.0,False,0.87,39.15
2023-04-24,96,87.0,,0.87,83.52
2023-04-25,97,87.0,,0.87,84.39
2023-04-26,96,87.0,,0.87,83.52
2023-04-27,94,87.0,,0.87,81.78
2023-04-28,81,87.0,,0.87,70.47
2023-04-29,52,87.0,,0.87,45.24
2023-04-30,49,89.0,False,0.89,43.61
2023-05-01,97,89.0,,0.89,86.33
2023-05-02,100,89.0,,0.89,89.0
2023-05-03,100,89.0,,0.89,89.0
2023-05-04,97,89.0,,0.89,86.33
2023-05-05,83,89.0,,0.89,73.87
2023-05-06,47,89.0,,0.89,41.83
2023-05-07,45,78.0,False,0.78,35.1
2023-05-08,90,78.0,,0.78,70.2
2023-05-09,94,78.0,,0.78,73.32000000000001
2023-05-10,93,78.0,,0.78,72.54
2023-05-11,94,78.0,,0.78,73.32000000000001
2023-05-12,79,78.0,,0.78,61.620000000000005
2023-05-13,45,78.0,,0.78,35.1
2023-05-14,41,79.0,False,0.79,32.39
2023-05-15,91,79.0,,0.79,71.89
2023-05-16,99,79.0,,0.79,78.21000000000001
2023-05-17,91,79.0,,0.79,71.89
2023-05-18,88,79.0,,0.79,69.52000000000001
2023-05-19,81,79.0,,0.79,63.99
2023-05-20,44,79.0,,0.79,34.760000000000005
2023-05-21,44,85.0,False,0.85,37.4
2023-05-22,87,85.0,,0.85,73.95
2023-05-23,96,85.0,,0.85,81.6
2023-05-24,97,85.0,,0.85,82.45
2023-05-25,99,85.0,,0.85,84.14999999999999
2023-05-26,80,85.0,,0.85,68.0
2023-05-27,55,85.0,,0.85,46.75
2023-05-28,47,82.0,False,0.82,38.54
2023-05-29,49,82.0,,0.82,40.18
2023-05-30,95,82.0,,0.82,77.89999999999999
2023-05-31,95,82.0,,0.82,77.89999999999999
2023-06-01,100,82.0,,0.82,82.0
2023-06-02,81,82.0,,0.82,66.42
2023-06-03,55,82.0,,0.82,45.099999999999994
2023-06-04,44,83.0,False,0.83,36.52
2023-06-05,84,83.0,,0.83,69.72
2023-06-06,92,83.0,,0.83,76.36
2023-06-07,95,83.0,,0.83,78.85
2023-06-08,90,83.0,,0.83,74.7
2023-06-09,76,83.0,,0.83,63.08
2023-06-10,44,83.0,,0.83,36.52
2023-06-11,42,84.0,False,0.84,35.28
2023-06-12,90,84.0,,0.84,75.6
2023-06-13,94,84.0,,0.84,78.96
2023-06-14,95,84.0,,0.84,79.8
2023-06-15,95,84.0,,0.84,79.8
2023-06-16,77,84.0,,0.84,64.67999999999999
2023-06-17,45,84.0,,0.84,37.8
2023-06-18,42,77.0,False,0.77,32.34
2023-06-19,67,77.0,,0.77,51.59
2023-06-20,91,77.0,,0.77,70.07000000000001
2023-06-21,93,77.0,,0.77,71.61
2023-06-22,82,77.0,,0.77,63.14
2023-06-23,78,77.0,,0.77,60.06
2023-06-24,50,77.0,,0.77,38.5
2023-06-25,41,81.0,False,0.81,33.21
2023-06-26,84,81.0,,0.81,68.04
2023-06-27,97,81.0,,0.81,78.57000000000001
2023-06-28,95,81.0,,0.81,76.95
2023-06-29,87,81.0,,0.81,70.47
2023-06-30,70,81.0,,0.81,56.7
2023-07-01,48,81.0,,0.81,38.88
2023-07-02,47,69.0,False,0.69,32.43
2023-07-03,66,69.0,,0.69,45.54
2023-07-04,49,69.0,,0.69,33.809999999999995
2023-07-05,81,69.0,,0.69,55.88999999999999
2023-07-06,95,69.0,,0.69,65.55
2023-07-07,83,69.0,,0.69,57.27
2023-07-08,51,69.0,,0.69,35.19
2023-07-09,49,79.0,False,0.79,38.71
2023-07-10,84,79.0,,0.79,66.36
2023-07-11,98,79.0,,0.79,77.42
2023-07-12,95,79.0,,0.79,75.05
2023-07-13,90,79.0,,0.79,71.10000000000001
2023-07-14,80,79.0,,0.79,63.2
2023-07-15,58,79.0,,0.79,45.82
2023-07-16,48,75.0,False,0.75,36.0
2023-07-17,89,75.0,,0.75,66.75
2023-07-18,83,75.0,,0.75,62.25
2023-07-19,88,75.0,,0.75,66.0
2023-07-20,85,75.0,,0.75,63.75
2023-07-21,72,75.0,,0.75,54.0
2023-07-22,58,75.0,,0.75,43.5
2023-07-23,46,79.0,False,0.79,36.34
2023-07-24,87,79.0,,0.79,68.73
2023-07-25,95,79.0,,0.79,75.05
2023-07-26,100,79.0,,0.79,79.0
2023-07-27,93,79.0,,0.79,73.47
2023-07-28,72,79.0,,0.79,56.88
2023-07-29,51,79.0,,0.79,40.29
2023-07-30,45,78.0,False,0.78,35.1
2023-07-31,81,78.0,,0.78,63.18
2023-08-01,90,78.0,,0.78,70.2
2023-08-02,81,78.0,,0.78,63.18
2023-08-03,80,78.0,,0.78,62.400000000000006
2023-08-04,70,78.0,,0.78,54.6
2023-08-05,54,78.0,,0.78,42.120000000000005
2023-08-06,41,76.0,False,0.76,31.16
2023-08-07,76,76.0,,0.76,57.76
2023-08-08,82,76.0,,0.76,62.32
2023-08-09,79,76.0,,0.76,60.04
2023-08-10,80,76.0,,0.76,60.8
2023-08-11,67,76.0,,0.76,50.92
2023-08-12,52,76.0,,0.76,39.52
2023-08-13,44,84.0,False,0.84,36.96
2023-08-14,84,84.0,,0.84,70.56
2023-08-15,84,84.0,,0.84,70.56
2023-08-16,87,84.0,,0.84,73.08
2023-08-17,87,84.0,,0.84,73.08
2023-08-18,77,84.0,,0.84,64.67999999999999
2023-08-19,53,84.0,,0.84,44.52
2023-08-20,46,90.0,False,0.9,41.4
2023-08-21,90,90.0,,0.9,81.0
2023-08-22,100,90.0,,0.9,90.0
2023-08-23,99,90.0,,0.9,89.10000000000001
2023-08-24,96,90.0,,0.9,86.4
2023-08-25,80,90.0,,0.9,72.0
2023-08-26,56,90.0,,0.9,50.4
2023-08-27,49,87.0,False,0.87,42.63
2023-08-28,92,87.0,,0.87,80.04
2023-08-29,97,87.0,,0.87,84.39
2023-08-30,97,87.0,,0.87,84.39
2023-08-31,95,87.0,,0.87,82.65
2023-09-01,84,87.0,,0.87,73.08
2023-09-02,61,87.0,,0.87,53.07
2023-09-03,43,82.0,False,0.82,35.26
2023-09-04,52,82.0,,0.82,42.64
2023-09-05,85,82.0,,0.82,69.7
2023-09-06,97,82.0,,0.82,79.53999999999999
2023-09-07,90,82.0,,0.82,73.8
2023-09-08,80,82.0,,0.82,65.6
2023-09-09,53,82.0,,0.82,43.46
2023-09-10,46,91.0,False,0.91,41.86
2023-09-11,84,91.0,,0.91,76.44
2023-09-12,97,91.0,,0.91,88.27
2023-09-13,96,91.0,,0.91,87.36
2023-09-14,100,91.0,,0.91,91.0
2023-09-15,83,91.0,,0.91,75.53
2023-09-16,56,91.0,,0.91,50.96
2023-09-17,47,82.0,False,0.82,38.54
2023-09-18,87,82.0,,0.82,71.33999999999999
2023-09-19,91,82.0,,0.82,74.61999999999999
2023-09-20,91,82.0,,0.82,74.61999999999999
2023-09-21,94,82.0,,0.82,77.08
2023-09-22,78,82.0,,0.82,63.959999999999994
2023-09-23,49,82.0,,0.82,40.18
2023-09-24,43,86.0,False,0.86,36.98
2023-09-25,86,86.0,,0.86,73.96
2023-09-26,92,86.0,,0.86,79.12
2023-09-27,95,86.0,,0.86,81.7
2023-09-28,93,86.0,,0.86,79.98
2023-09-29,74,86.0,,0.86,63.64
2023-09-30,55,86.0,,0.86,47.3
2023-10-01,46,83.0,False,0.83,38.18
2023-10-02,93,83.0,,0.83,77.19
2023-10-03,98,83.0,,0.83,81.33999999999999
2023-10-04,93,83.0,,0.83,77.19
2023-10-05,90,83.0,,0.83,74.7
2023-10-06,89,83.0,,0.83,73.86999999999999
2023-10-07,53,83.0,,0.83,43.989999999999995
2023-10-08,43,85.0,False,0.85,36.55
2023-10-09,80,85.0,,0.85,68.0
2023-10-10,100,85.0,,0.85,85.0
2023-10-11,98,85.0,,0.85,83.3
2023-10-12,98,85.0,,0.85,83.3
2023-10-13,79,85.0,,0.85,67.14999999999999
2023-10-14,49,85.0,,0.85,41.65
2023-10-15,51,85.0,False,0.85,43.35
2023-10-16,84,85.0,,0.85,71.39999999999999
2023-10-17,97,85.0,,0.85,82.45
2023-10-18,94,85.0,,0.85,79.89999999999999
2023-10-19,96,85.0,,0.85,81.6
2023-10-20,79,85.0,,0.85,67.14999999999999
2023-10-21,62,85.0,,0.85,52.7
2023-10-22,48,88.0,False,0.88,42.24
2023-10-23,88,88.0,,0.88,77.44
2023-10-24,95,88.0,,0.88,83.6
2023-10-25,99,88.0,,0.88,87.12
2023-10-26,96,88.0,,0.88,84.48
2023-10-27,81,88.0,,0.88,71.28
2023-10-28,51,88.0,,0.88,44.88
2023-10-29,44,83.0,False,0.83,36.52
2023-10-30,85,83.0,,0.83,70.55
2023-10-31,97,83.0,,0.83,80.50999999999999
2023-11-01,100,83.0,,0.83,83.0
2023-11-02,91,83.0,,0.83,75.53
2023-11-03,81,83.0,,0.83,67.22999999999999
2023-11-04,60,83.0,,0.83,49.8
2023-11-05,45,83.0,False,0.83,37.35
2023-11-06,88,83.0,,0.83,73.03999999999999
2023-11-07,91,83.0,,0.83,75.53
2023-11-08,88,83.0,,0.83,73.03999999999999
2023-11-09,86,83.0,,0.83,71.38
2023-11-10,70,83.0,,0.83,58.099999999999994
2023-11-11,58,83.0,,0.83,48.14
2023-11-12,45,83.0,False,0.83,37.35
2023-11-13,87,83.0,,0.83,72.21
2023-11-14,90,83.0,,0.83,74.7
2023-11-15,94,83.0,,0.83,78.02
2023-11-16,82,83.0,,0.83,68.06
2023-11-17,77,83.0,,0.83,63.91
2023-11-18,55,83.0,,0.83,45.65
2023-11-19,41,62.0,False,0.62,25.42
2023-11-20,80,62.0,,0.62,49.6
2023-11-21,79,62.0,,0.62,48.98
2023-11-22,62,62.0,,0.62,38.44
2023-11-23,38,62.0,,0.62,23.56
2023-11-24,43,62.0,,0.62,26.66
2023-11-25,53,62.0,,0.62,32.86
2023-11-26,44,80.0,False,0.8,35.2
2023-11-27,83,80.0,,0.8,66.4
2023-11-28,95,80.0,,0.8,76.0
2023-11-29,96,80.0,,0.8,76.80000000000001
2023-11-30,88,80.0,,0.8,70.4
2023-12-01,82,80.0,,0.8,65.60000000000001
2023-12-02,59,80.0,,0.8,47.2
2023-12-03,52,91.0,False,0.91,47.32
2023-12-04,95,91.0,,0.91,86.45
2023-12-05,97,91.0,,0.91,88.27
2023-12-06,93,91.0,,0.91,84.63000000000001
2023-12-07,95,91.0,,0.91,86.45
2023-12-08,90,91.0,,0.91,81.9
2023-12-09,59,91.0,,0.91,53.690000000000005
2023-12-10,44,84.0,False,0.84,36.96
2023-12-11,91,84.0,,0.84,76.44
2023-12-12,98,84.0,,0.84,82.32
2023-12-13,100,84.0,,0.84,84.0
2023-12-14,89,84.0,,0.84,74.75999999999999
2023-12-15,77,84.0,,0.84,64.67999999999999
2023-12-16,56,84.0,,0.84,47.04
2023-12-17,40,75.0,False,0.75,30.0
2023-12-18,92,75.0,,0.75,69.0
2023-12-19,83,75.0,,0.75,62.25
2023-12-20,75,75.0,,0.75,56.25
2023-12-21,71,75.0,,0.75,53.25
2023-12-22,59,75.0,,0.75,44.25
2023-12-23,50,75.0,,0.75,37.5
2023-12-24,34,57.0,False,0.57,19.38
2023-12-25,31,57.0,,0.57,17.669999999999998
2023-12-26,52,57.0,,0.57,29.639999999999997
2023-12-27,59,57.0,,0.57,33.629999999999995
2023-12-28,69,57.0,,0.57,39.33
2023-12-29,55,57.0,,0.57,31.35
2023-12-30,52,57.0,,0.57,29.639999999999997
2023-12-31,36,73.0,False,0.73,26.28
2024-01-01,35,73.0,,0.73,25.55
2024-01-02,70,73.0,,0.73,51.1
2024-01-03,80,73.0,,0.73,58.4
2024-01-04,78,73.0,,0.73,56.94
2024-01-05,74,73.0,,0.73,54.02
2024-01-06,57,73.0,,0.73,41.61
2024-01-07,45,88.0,False,0.88,39.6
2024-01-08,74,88.0,,0.88,65.12
2024-01-09,85,88.0,,0.88,74.8
2024-01-10,94,88.0,,0.88,82.72
2024-01-11,88,88.0,,0.88,77.44
2024-01-12,73,88.0,,0.88,64.24
2024-01-13,52,88.0,,0.88,45.76
2024-01-14,49,82.0,False,0.82,40.18
2024-01-15,53,82.0,,0.82,43.46
2024-01-16,81,82.0,,0.82,66.42
2024-01-17,90,82.0,,0.82,73.8
2024-01-18,92,82.0,,0.82,75.44
2024-01-19,79,82.0,,0.82,64.78
2024-01-20,54,82.0,,0.82,44.279999999999994
2024-01-21,44,92.0,False,0.92,40.48
2024-01-22,82,92.0,,0.92,75.44
2024-01-23,92,92.0,,0.92,84.64
2024-01-24,94,92.0,,0.92,86.48
2024-01-25,97,92.0,,0.92,89.24000000000001
2024-01-26,88,92.0,,0.92,80.96000000000001
2024-01-27,61,92.0,,0.92,56.120000000000005
2024-01-28,48,96.0,False,0.96,46.08
2024-01-29,91,96.0,,0.96,87.36
2024-01-30,100,96.0,,0.96,96.0
2024-01-31,100,96.0,,0.96,96.0
2024-02-01,100,96.0,,0.96,96.0
2024-02-02,89,96.0,,0.96,85.44
2024-02-03,59,96.0,,0.96,56.64
2024-02-04,48,95.0,False,0.95,45.599999999999994
2024-02-05,91,95.0,,0.95,86.45
2024-02-06,95,95.0,,0.95,90.25
2024-02-07,95,95.0,,0.95,90.25
2024-02-08,95,95.0,,0.95,90.25
2024-02-09,78,95.0,,0.95,74.1
2024-02-10,58,95.0,,0.95,55.099999999999994
2024-02-11,45,93.0,False,0.93,41.85
2024-02-12,78,93.0,,0.93,72.54
2024-02-13,95,93.0,,0.93,88.35000000000001
2024-02-14,92,93.0,,0.93,85.56
2024-02-15,89,93.0,,0.93,82.77000000000001
2024-02-16,87,93.0,,0.93,80.91000000000001
2024-02-17,54,93.0,,0.93,50.220000000000006
2024-02-18,48,92.0,False,0.92,44.16
2024-02-19,67,92.0,,0.92,61.64
2024-02-20,95,92.0,,0.92,87.4
2024-02-21,97,92.0,,0.92,89.24000000000001
2024-02-22,87,92.0,,0.92,80.04
2024-02-23,82,92.0,,0.92,75.44
2024-02-24,59,92.0,,0.92,54.28
2024-02-25,55,89.0,False,0.89,48.95
2024-02-26,93,89.0,,0.89,82.77
2024-02-27,92,89.0,,0.89,81.88
2024-02-28,91,89.0,,0.89,80.99
2024-02-29,89,89.0,,0.89,79.21000000000001
2024-03-01,83,89.0,,0.89,73.87
2024-03-02,58,89.0,,0.89,51.62
2024-03-03,46,90.0,False,0.9,41.4
2024-03-04,87,90.0,,0.9,78.3
2024-03-05,92,90.0,,0.9,82.8
2024-03-06,94,90.0,,0.9,84.60000000000001
2024-03-07,84,90.0,,0.9,75.60000000000001
2024-03-08,74,90.0,,0.9,66.60000000000001
2024-03-09,58,90.0,,0.9,52.2
2024-03-10,45,91.0,False,0.91,40.95
2024-03-11,83,91.0,,0.91,75.53
2024-03-12,92,91.0,,0.91,83.72
2024-03-13,90,91.0,,0.91,81.9
2024-03-14,94,91.0,,0.91,85.54
2024-03-15,83,91.0,,0.91,75.53
2024-03-16,60,91.0,,0.91,54.6
2024-03-17,50,89.0,False,0.89,44.5
2024-03-18,93,89.0,,0.89,82.77
2024-03-19,93,89.0,,0.89,82.77
2024-03-20,88,89.0,,0.89,78.32000000000001
2024-03-21,100,89.0,,0.89,89.0
2024-03-22,75,89.0,,0.89,66.75
2024-03-23,56,89.0,,0.89,49.84
2024-03-24,50,87.0,False,0.87,43.5
2024-03-25,91,87.0,,0.87,79.17
2024-03-26,97,87.0,,0.87,84.39
2024-03-27,98,87.0,,0.87,85.26
2024-03-28,84,87.0,,0.87,73.08
2024-03-29,65,87.0,,0.87,56.55
2024-03-30,55,87.0,,0.87,47.85
2024-03-31,43,91.0,False,0.91,39.13
2024-04-01,90,91.0,,0.91,81.9
2024-04-02,94,91.0,,0.91,85.54
2024-04-03,95,91.0,,0.91,86.45
2024-04-04,95,91.0,,0.91,86.45
2024-04-05,77,91.0,,0.91,70.07000000000001
2024-04-06,58,91.0,,0.91,52.78
2024-04-07,45,87.0,False,0.87,39.15
2024-04-08,71,87.0,,0.87,61.77
2024-04-09,92,87.0,,0.87,80.04
2024-04-10,96,87.0,,0.87,83.52
2024-04-11,95,87.0,,0.87,82.65
2024-04-12,79,87.0,,0.87,68.73
2024-04-13,57,87.0,,0.87,49.59
2024-04-14,48,86.0,False,0.86,41.28
2024-04-15,88,86.0,,0.86,75.67999999999999
2024-04-16,96,86.0,,0.86,82.56
2024-04-17,90,86.0,,0.86,77.4
2024-04-18,86,86.0,,0.86,73.96
2024-04-19,75,86.0,,0.86,64.5
2024-04-20,54,86.0,,0.86,46.44
2024-04-21,48,89.0,False,0.89,42.72
2024-04-22,89,89.0,,0.89,79.21000000000001
2024-04-23,92,89.0,,0.89,81.88
2024-04-24,100,89.0,,0.89,89.0
2024-04-25,94,89.0,,0.89,83.66
2024-04-26,79,89.0,,0.89,70.31
2024-04-27,60,89.0,,0.89,53.4
2024-04-28,53,85.0,False,0.85,45.05
2024-04-29,86,85.0,,0.85,73.1
2024-04-30,92,85.0,,0.85,78.2
2024-05-01,92,85.0,,0.85,78.2
2024-05-02,100,85.0,,0.85,85.0
2024-05-03,80,85.0,,0.85,68.0
2024-05-04,56,85.0,,0.85,47.6
2024-05-05,54,85.0,False,0.85,45.9
2024-05-06,92,85.0,,0.85,78.2
2024-05-07,97,85.0,,0.85,82.45
2024-05-08,91,85.0,,0.85,77.35
2024-05-09,95,85.0,,0.85,80.75
2024-05-10,85,85.0,,0.85,72.25
2024-05-11,58,85.0,,0.85,49.3
2024-05-12,45,85.0,False,0.85,38.25
2024-05-13,92,85.0,,0.85,78.2
2024-05-14,99,85.0,,0.85,84.14999999999999
2024-05-15,93,85.0,,0.85,79.05
2024-05-16,92,85.0,,0.85,78.2
2024-05-17,79,85.0,,0.85,67.14999999999999
2024-05-18,61,85.0,,0.85,51.85
2024-05-19,46,81.0,False,0.81,37.260000000000005
2024-05-20,82,81.0,,0.81,66.42
2024-05-21,86,81.0,,0.81,69.66000000000001
2024-05-22,86,81.0,,0.81,69.66000000000001
2024-05-23,91,81.0,,0.81,73.71000000000001
2024-05-24,74,81.0,,0.81,59.940000000000005
2024-05-25,64,81.0,,0.81,51.84
2024-05-26,46,77.0,False,0.77,35.42
2024-05-27,51,77.0,,0.77,39.27
2024-05-28,88,77.0,,0.77,67.76
2024-05-29,91,77.0,,0.77,70.07000000000001
2024-05-30,87,77.0,,0.77,66.99
2024-05-31,76,77.0,,0.77,58.52
2024-06-01,64,77.0,,0.77,49.28
2024-06-02,41,84.0,False,0.84,34.44
2024-06-03,81,84.0,,0.84,68.03999999999999
2024-06-04,91,84.0,,0.84,76.44
2024-06-05,90,84.0,,0.84,75.6
2024-06-06,89,84.0,,0.84,74.75999999999999
2024-06-07,78,84.0,,0.84,65.52
2024-06-08,68,84.0,,0.84,57.12
2024-06-09,50,85.0,False,0.85,42.5
2024-06-10,100,85.0,,0.85,85.0
2024-06-11,93,85.0,,0.85,79.05
2024-06-12,87,85.0,,0.85,73.95
2024-06-13,93,85.0,,0.85,79.05
2024-06-14,84,85.0,,0.85,71.39999999999999
2024-06-15,61,85.0,,0.85,51.85
2024-06-16,41,81.0,False,0.81,33.21
2024-06-17,91,81.0,,0.81,73.71000000000001
2024-06-18,95,81.0,,0.81,76.95
2024-06-19,71,81.0,,0.81,57.510000000000005
2024-06-20,81,81.0,,0.81,65.61
2024-06-21,75,81.0,,0.81,60.75000000000001
2024-06-22,55,81.0,,0.81,44.55
2024-06-23,46,82.0,False,0.82,37.72
2024-06-24,86,82.0,,0.82,70.52
2024-06-25,90,82.0,,0.82,73.8
2024-06-26,99,82.0,,0.82,81.17999999999999
2024-06-27,82,82.0,,0.82,67.24
2024-06-28,72,82.0,,0.82,59.04
2024-06-29,58,82.0,,0.82,47.559999999999995
2024-06-30,43,72.0,False,0.72,30.959999999999997
2024-07-01,87,72.0,,0.72,62.64
2024-07-02,90,72.0,,0.72,64.8
2024-07-03,74,72.0,,0.72,53.28
2024-07-04,46,72.0,,0.72,33.12
2024-07-05,62,72.0,,0.72,44.64
2024-07-06,61,72.0,,0.72,43.92
2024-07-07,45,75.0,False,0.75,33.75
2024-07-08,82,75.0,,0.75,61.5
2024-07-09,90,75.0,,0.75,67.5
2024-07-10,93,75.0,,0.75,69.75
2024-07-11,85,75.0,,0.75,63.75
2024-07-12,78,75.0,,0.75,58.5
2024-07-13,61,75.0,,0.75,45.75
2024-07-14,41,75.0,False,0.75,30.75
2024-07-15,79,75.0,,0.75,59.25
2024-07-16,88,75.0,,0.75,66.0
2024-07-17,93,75.0,,0.75,69.75
2024-07-18,83,75.0,,0.75,62.25
2024-07-19,72,75.0,,0.75,54.0
2024-07-20,63,75.0,,0.75,47.25
2024-07-21,50,79.0,False,0.79,39.5
2024-07-22,86,79.0,,0.79,67.94
2024-07-23,100,79.0,,0.79,79.0
2024-07-24,93,79.0,,0.79,73.47
2024-07-25,88,79.0,,0.79,69.52000000000001
2024-07-26,73,79.0,,0.79,57.67
2024-07-27,64,79.0,,0.79,50.56
2024-07-28,43,76.0,False,0.76,32.68
2024-07-29,76,76.0,,0.76,57.76
2024-07-30,91,76.0,,0.76,69.16
2024-07-31,91,76.0,,0.76,69.16
2024-08-01,81,76.0,,0.76,61.56
2024-08-02,70,76.0,,0.76,53.2
2024-08-03,56,76.0,,0.76,42.56
2024-08-04,40,79.0,False,0.79,31.6
2024-08-05,73,79.0,,0.79,57.67
2024-08-06,81,79.0,,0.79,63.99
2024-08-07,78,79.0,,0.79,61.620000000000005
2024-08-08,80,79.0,,0.79,63.2
2024-08-09,61,79.0,,0.79,48.190000000000005
2024-08-10,56,79.0,,0.79,44.24
2024-08-11,39,81.0,False,0.81,31.590000000000003
2024-08-12,74,81.0,,0.81,59.940000000000005
2024-08-13,81,81.0,,0.81,65.61
2024-08-14,84,81.0,,0.81,68.04
2024-08-15,83,81.0,,0.81,67.23
2024-08-16,62,81.0,,0.81,50.220000000000006
2024-08-17,55,81.0,,0.81,44.55
2024-08-18,43,87.0,False,0.87,37.41
2024-08-19,80,87.0,,0.87,69.6
2024-08-20,84,87.0,,0.87,73.08
2024-08-21,97,87.0,,0.87,84.39
2024-08-22,89,87.0,,0.87,77.42999999999999
2024-08-23,80,87.0,,0.87,69.6
2024-08-24,61,87.0,,0.87,53.07
2024-08-25,42,87.0,False,0.87,36.54
2024-08-26,91,87.0,,0.87,79.17
2024-08-27,97,87.0,,0.87,84.39
2024-08-28,100,87.0,,0.87,87.0
2024-08-29,88,87.0,,0.87,76.56
2024-08-30,73,87.0,,0.87,63.51
2024-08-31,52,87.0,,0.87,45.24
2024-09-01,42,83.0,False,0.83,34.86
2024-09-02,50,83.0,,0.83,41.5
2024-09-03,90,83.0,,0.83,74.7
2024-09-04,96,83.0,,0.83,79.67999999999999
2024-09-05,86,83.0,,0.83,71.38
2024-09-06,77,83.0,,0.83,63.91
2024-09-07,53,83.0,,0.83,43.989999999999995
2024-09-08,42,88.0,False,0.88,36.96
2024-09-09,91,88.0,,0.88,80.08
2024-09-10,92,88.0,,0.88,80.96
2024-09-11,88,88.0,,0.88,77.44
2024-09-12,95,88.0,,0.88,83.6
2024-09-13,79,88.0,,0.88,69.52
2024-09-14,56,88.0,,0.88,49.28
2024-09-15,40,92.0,False,0.92,36.8
2024-09-16,91,92.0,,0.92,83.72
2024-09-17,100,92.0,,0.92,92.0
2024-09-18,93,92.0,,0.92,85.56
2024-09-19,92,92.0,,0.92,84.64
2024-09-20,76,92.0,,0.92,69.92
2024-09-21,60,92.0,,0.92,55.2
2024-09-22,48,93.0,False,0.93,44.64
2024-09-23,92,93.0,,0.93,85.56
2024-09-24,93,93.0,,0.93,86.49000000000001
2024-09-25,91,93.0,,0.93,84.63000000000001
2024-09-26,91,93.0,,0.93,84.63000000000001
2024-09-27,72,93.0,,0.93,66.96000000000001
2024-09-28,57,93.0,,0.93,53.010000000000005
2024-09-29,42,88.0,False,0.88,36.96
2024-09-30,82,88.0,,0.88,72.16
2024-10-01,100,88.0,,0.88,88.0
2024-10-02,95,88.0,,0.88,83.6
2024-10-03,83,88.0,,0.88,73.04
2024-10-04,71,88.0,,0.88,62.48
2024-10-05,57,88.0,,0.88,50.16
2024-10-06,42,82.0,False,0.82,34.44
2024-10-07,81,82.0,,0.82,66.42
2024-10-08,92,82.0,,0.82,75.44
2024-10-09,79,82.0,,0.82,64.78
2024-10-10,76,82.0,,0.82,62.31999999999999
2024-10-11,67,82.0,,0.82,54.94
2024-10-12,62,82.0,,0.82,50.84
2024-10-13,44,87.0,False,0.87,38.28
2024-10-14,76,87.0,,0.87,66.12
2024-10-15,94,87.0,,0.87,81.78
2024-10-16,96,87.0,,0.87,83.52
2024-10-17,89,87.0,,0.87,77.42999999999999
2024-10-18,79,87.0,,0.87,68.73
2024-10-19,56,87.0,,0.87,48.72
2024-10-20,44,88.0,False,0.88,38.72
2024-10-21,92,88.0,,0.88,80.96
2024-10-22,94,88.0,,0.88,82.72
2024-10-23,99,88.0,,0.88,87.12
2024-10-24,99,88.0,,0.88,87.12
2024-10-25,75,88.0,,0.88,66.0
2024-10-26,63,88.0,,0.88,55.44
2024-10-27,45,87.0,False,0.87,39.15
2024-10-28,88,87.0,,0.87,76.56
2024-10-29,93,87.0,,0.87,80.91
2024-10-30,86,87.0,,0.87,74.82
2024-10-31,87,87.0,,0.87,75.69
2024-11-01,83,87.0,,0.87,72.21
2024-11-02,60,87.0,,0.87,52.2
2024-11-03,53,80.0,False,0.8,42.400000000000006
2024-11-04,92,80.0,,0.8,73.60000000000001
2024-11-05,81,80.0,,0.8,64.8
2024-11-06,62,80.0,,0.8,49.6
2024-11-07,89,80.0,,0.8,71.2
2024-11-08,77,80.0,,0.8,61.6
2024-11-09,66,80.0,,0.8,52.8
2024-11-10,47,87.0,False,0.87,40.89
2024-11-11,80,87.0,,0.87,69.6
2024-11-12,91,87.0,,0.87,79.17
2024-11-13,100,87.0,,0.87,87.0
2024-11-14,96,87.0,,0.87,83.52
2024-11-15,87,87.0,,0.87,75.69
2024-11-16,57,87.0,,0.87,49.59
2024-11-17,47,90.0,False,0.9,42.3
2024-11-18,95,90.0,,0.9,85.5
2024-11-19,97,90.0,,0.9,87.3
2024-11-20,97,90.0,,0.9,87.3
2024-11-21,97,90.0,,0.9,87.3
2024-11-22,85,90.0,,0.9,76.5
2024-11-23,70,90.0,,0.9,63.0
2024-11-24,47,65.0,False,0.65,30.55
2024-11-25,94,65.0,,0.65,61.1
2024-11-26,81,65.0,,0.65,52.65
2024-11-27,72,65.0,,0.65,46.8
2024-11-28,40,65.0,,0.65,26.0
2024-11-29,45,65.0,,0.65,29.25
2024-11-30,63,65.0,,0.65,40.95
2024-12-01,43,93.0,False,0.93,39.99
2024-12-02,78,93.0,,0.93,72.54
2024-12-03,100,93.0,,0.93,93.0
2024-12-04,91,93.0,,0.93,84.63000000000001
2024-12-05,89,93.0,,0.93,82.77000000000001
2024-12-06,79,93.0,,0.93,73.47
2024-12-07,59,93.0,,0.93,54.870000000000005
2024-12-08,45,90.0,False,0.9,40.5
2024-12-09,85,90.0,,0.9,76.5
2024-12-10,83,90.0,,0.9,74.7
2024-12-11,90,90.0,,0.9,81.0
2024-12-12,94,90.0,,0.9,84.60000000000001
2024-12-13,72,90.0,,0.9,64.8
2024-12-14,63,90.0,,0.9,56.7
2024-12-15,42,85.0,False,0.85,35.699999999999996
2024-12-16,77,85.0,,0.85,65.45
2024-12-17,82,85.0,,0.85,69.7
2024-12-18,80,85.0,,0.85,68.0
2024-12-19,72,85.0,,0.85,61.2
2024-12-20,69,85.0,,0.85,58.65
2024-12-21,60,85.0,,0.85,51.0
2024-12-22,44,57.0,False,0.57,25.08
2024-12-23,58,57.0,,0.57,33.059999999999995
2024-12-24,48,57.0,,0.57,27.36
2024-12-25,30,57.0,,0.57,17.099999999999998
2024-12-26,50,57.0,,0.57,28.499999999999996
2024-12-27,50,57.0,,0.57,28.499999999999996
2024-12-28,61,57.0,,0.57,34.769999999999996
2024-12-29,38,65.0,False,0.65,24.7
2024-12-30,57,65.0,,0.65,37.05
2024-12-31,50,65.0,,0.65,32.5
2025-01-01,37,65.0,,0.65,24.05
2025-01-02,70,65.0,,0.65,45.5
2025-01-03,67,65.0,,0.65,43.55
2025-01-04,61,65.0,,0.65,39.65
2025-01-05,43,89.0,False,0.89,38.27
2025-01-06,74,89.0,,0.89,65.86
2025-01-07,90,89.0,,0.89,80.1
2025-01-08,82,89.0,,0.89,72.98
2025-01-09,79,89.0,,0.89,70.31
2025-01-10,79,89.0,,0.89,70.31
2025-01-11,67,89.0,,0.89,59.63
2025-01-12,46,91.0,False,0.91,41.86
2025-01-13,85,91.0,,0.91,77.35000000000001
2025-01-14,95,91.0,,0.91,86.45
2025-01-15,93,91.0,,0.91,84.63000000000001
2025-01-16,91,91.0,,0.91,82.81
2025-01-17,78,91.0,,0.91,70.98
2025-01-18,55,91.0,,0.91,50.05
2025-01-19,52,90.0,False,0.9,46.8
2025-01-20,60,90.0,,0.9,54.0
2025-01-21,91,90.0,,0.9,81.9
2025-01-22,95,90.0,,0.9,85.5
2025-01-23,100,90.0,,0.9,90.0
2025-01-24,90,90.0,,0.9,81.0
2025-01-25,72,90.0,,0.9,64.8
2025-01-26,48,93.0,False,0.93,44.64
2025-01-27,91,93.0,,0.93,84.63000000000001
2025-01-28,100,93.0,,0.93,93.0
2025-01-29,96,93.0,,0.93,89.28
2025-01-30,95,93.0,,0.93,88.35000000000001
2025-01-31,87,93.0,,0.93,80.91000000000001
2025-02-01,68,93.0,,0.93,63.24
2025-02-02,53,96.0,False,0.96,50.879999999999995
2025-02-03,89,96.0,,0.96,85.44
2025-02-04,100,96.0,,0.96,96.0
2025-02-05,94,96.0,,0.96,90.24
2025-02-06,86,96.0,,0.96,82.56
2025-02-07,83,96.0,,0.96,79.67999999999999
2025-02-08,65,96.0,,0.96,62.4
2025-02-09,55,96.0,False,0.96,52.8
2025-02-10,85,96.0,,0.96,81.6
2025-02-11,92,96.0,,0.96,88.32
2025-02-12,94,96.0,,0.96,90.24
2025-02-13,94,96.0,,0.96,90.24
2025-02-14,78,96.0,,0.96,74.88
2025-02-15,60,96.0,,0.96,57.599999999999994
2025-02-16,48,95.0,False,0.95,45.599999999999994
2025-02-17,69,95.0,,0.95,65.55
2025-02-18,90,95.0,,0.95,85.5
2025-02-19,95,95.0,,0.95,90.25
2025-02-20,94,95.0,,0.95,89.3
2025-02-21,89,95.0,,0.95,84.55
2025-02-22,73,95.0,,0.95,69.35
2025-02-23,50,100.0,False,1.0,50.0
2025-02-24,91,100.0,,1.0,91.0
2025-02-25,98,100.0,,1.0,98.0
2025-02-26,100,100.0,,1.0,100.0
2025-02-27,86,100.0,,1.0,86.0
2025-02-28,81,100.0,,1.0,81.0
2025-03-01,75,100.0,,1.0,75.0
2025-03-02,52,95.0,False,0.95,49.4
2025-03-03,89,95.0,,0.95,84.55
2025-03-04,95,95.0,,0.95,90.25
2025-03-05,95,95.0,,0.95,90.25
2025-03-06,93,95.0,,0.95,88.35
2025-03-07,87,95.0,,0.95,82.64999999999999
2025-03-08,67,95.0,,0.95,63.65
2025-03-09,50,94.0,False,0.94,47.0
2025-03-10,87,94.0,,0.94,81.78
2025-03-11,94,94.0,,0.94,88.36
2025-03-12,100,94.0,,0.94,94.0
2025-03-13,93,94.0,,0.94,87.42
2025-03-14,76,94.0,,0.94,71.44
2025-03-15,64,94.0,,0.94,60.16
2025-03-16,46,94.0,False,0.94,43.239999999999995
2025-03-17,91,94.0,,0.94,85.53999999999999
2025-03-18,91,94.0,,0.94,85.53999999999999
2025-03-19,92,94.0,,0.94,86.47999999999999
2025-03-20,91,94.0,,0.94,85.53999999999999
2025-03-21,80,94.0,,0.94,75.19999999999999
2025-03-22,66,94.0,,0.94,62.04
2025-03-23,50,89.0,False,0.89,44.5
2025-03-24,86,89.0,,0.89,76.54
2025-03-25,98,89.0,,0.89,87.22
2025-03-26,87,89.0,,0.89,77.43
2025-03-27,88,89.0,,0.89,78.32000000000001
2025-03-28,79,89.0,,0.89,70.31
2025-03-29,65,89.0,,0.89,57.85
2025-03-30,46,92.0,False,0.92,42.32
2025-03-31,82,92.0,,0.92,75.44
2025-04-01,100,92.0,,0.92,92.0
2025-04-02,92,92.0,,0.92,84.64
2025-04-03,96,92.0,,0.92,88.32000000000001
2025-04-04,77,92.0,,0.92,70.84
2025-04-05,71,92.0,,0.92,65.32000000000001
2025-04-06,48,87.0,False,0.87,41.76
2025-04-07,88,87.0,,0.87,76.56
2025-04-08,93,87.0,,0.87,80.91
2025-04-09,96,87.0,,0.87,83.52
2025-04-10,95,87.0,,0.87,82.65
2025-04-11,78,87.0,,0.87,67.86
2025-04-12,66,87.0,,0.87,57.42
2025-04-13,46,88.0,False,0.88,40.48
