Date,Golden State Warriors,Rakuten,United Airlines,Kaiser Permanente
2020-12-22,5.180000000000001,7.8,31.04,43.12
2020-12-23,14.000000000000002,6.8999999999999995,29.76,39.69
2020-12-24,3.5000000000000004,6.3,24,32.83
2020-12-25,10.36,6.6,19.84,18.13
2020-12-26,5.040000000000001,8.1,25.28,24.009999999999998
2020-12-27,3.08,8.120000000000001,23.7,28.06
2020-12-28,5.94,7.280000000000001,27.3,59.17
2020-12-29,2.86,7.000000000000001,28.5,59.78
2020-12-30,4.95,6.44,24.9,56.12
2020-12-31,2.42,7.000000000000001,22.8,49.41
2021-01-01,2.86,25.480000000000004,21.3,31.72
2021-01-02,6.71,27.72,26.4,34.769999999999996
2021-01-03,3.5999999999999996,23,27.599999999999998,39.05
2021-01-04,15,20.93,28.2,66.74
2021-01-05,11.85,17.02,29.099999999999998,71
2021-01-06,4.2,16.1,25.5,57.51
2021-01-07,8.85,14.95,27.3,56.8
2021-01-08,3.75,17.25,26.099999999999998,58.22
2021-01-09,11.7,18.17,21.9,40.47
2021-01-10,4.08,24.360000000000003,23.779999999999998,30.529999999999998
2021-01-11,7.44,21.28,23.779999999999998,60.349999999999994
2021-01-12,3,23.24,25.52,66.03
2021-01-13,7.68,22.4,26.68,66.74
2021-01-14,3.5999999999999996,22.96,25.52,64.61
2021-01-15,6.12,20.44,25.229999999999997,59.64
2021-01-16,2.88,21.28,21.459999999999997,45.44
2021-01-17,2.4,19.55,20.25,30.6
2021-01-18,2.28,19.55,21.87,48.96
2021-01-19,9.48,17.25,22.950000000000003,65.28
2021-01-20,3.24,15.18,21.6,56.440000000000005
2021-01-21,8.16,16.1,24.3,55.760000000000005
2021-01-22,7.44,16.560000000000002,22.950000000000003,55.080000000000005
2021-01-23,3.48,15.87,19.98,40.120000000000005
2021-01-24,6,17.25,24.49,29.040000000000003
2021-01-25,2.52,18.4,27.28,54.120000000000005
2021-01-26,6,16.330000000000002,30.38,56.760000000000005
2021-01-27,3.48,14.95,31,52.14
2021-01-28,7.8,17.48,29.759999999999998,50.82
2021-01-29,5.76,15.87,27.59,50.82
2021-01-30,3.36,17.02,28.52,34.980000000000004
2021-01-31,6.16,19.55,30.03,26.23
2021-02-01,3.08,17.71,15.84,55.51
2021-02-02,3.63,15.41,16.830000000000002,61
2021-02-03,8.58,17.02,16.830000000000002,58.56
2021-02-04,3.63,16.1,16.17,53.68
2021-02-05,8.47,17.48,15.180000000000001,53.07
2021-02-06,4.51,16.560000000000002,13.860000000000001,35.38
2021-02-07,13,14.28,14.190000000000001,25.65
2021-02-08,4.16,13.86,15.180000000000001,47.309999999999995
2021-02-09,8.19,13.86,16.5,51.87
2021-02-10,8.58,14.49,16.830000000000002,54.72
2021-02-11,4.29,14.49,16.17,47.879999999999995
2021-02-12,10.4,13.86,16.17,43.31999999999999
2021-02-13,7.67,16.169999999999998,16.830000000000002,31.349999999999998
2021-02-14,12.74,21.75,21.73,22.799999999999997
2021-02-15,4.8100000000000005,25,25.419999999999998,45.029999999999994
2021-02-16,9.1,24,25.83,53.58
2021-02-17,4.8100000000000005,18.25,24.189999999999998,49.589999999999996
2021-02-18,11.18,17.25,25.009999999999998,53.01
2021-02-19,5.46,17.5,22.549999999999997,47.309999999999995
2021-02-20,8.84,18.75,29.52,34.199999999999996
2021-02-21,10.2,17.04,47,31.62
2021-02-22,3.48,17.04,37.129999999999995,58.9
2021-02-23,4.56,18.96,30.549999999999997,58.9
2021-02-24,7.8,16.8,28.2,55.8
2021-02-25,8.28,20.16,28.669999999999998,57.04
2021-02-26,4.4399999999999995,17.04,26.79,56.42
2021-02-27,10.2,19.44,24.439999999999998,39.68
2021-02-28,4.7,19.32,22.549999999999997,32.34
2021-03-01,10,23,34.03,60.06
2021-03-02,3.9,19.55,34.03,66
2021-03-03,4.6000000000000005,17.25,35.26,63.36
2021-03-04,8.9,17.71,36.08,60.720000000000006
2021-03-05,6.7,15.87,33.62,58.080000000000005
2021-03-06,3.5,18.86,33.62,42.9
2021-03-07,1.74,17.22,37.800000000000004,32.9
2021-03-08,2.1,17.22,38.25,64.39999999999999
2021-03-09,1.86,16.38,44.550000000000004,69.3
2021-03-10,1.98,15.33,45,67.89999999999999
2021-03-11,2.34,15.54,39.15,63.699999999999996
2021-03-12,5.279999999999999,15.12,38.25,63.699999999999996
2021-03-13,2.46,18.06,37.35,45.5
2021-03-14,7.300000000000001,17.6,37.8,27.599999999999998
2021-03-15,4.6000000000000005,19.58,38.64,53.4
2021-03-16,7.5,17.82,37.8,56.4
2021-03-17,4,16.28,38.64,51.6
2021-03-18,7.800000000000001,18.48,37.379999999999995,54.6
2021-03-19,4.800000000000001,16.94,36.12,55.199999999999996
2021-03-20,9.4,17.82,32.339999999999996,39.6
2021-03-21,6.6000000000000005,17.849999999999998,33.21,34.84
2021-03-22,3.6,18.27,34.85,63.650000000000006
2021-03-23,4.5,16.38,35.669999999999995,67
2021-03-24,8.3,16.169999999999998,35.669999999999995,61.64
2021-03-25,7.2,17.849999999999998,35.669999999999995,63.650000000000006
2021-03-26,7.4,15.54,31.979999999999997,58.96
2021-03-27,6.300000000000001,17.009999999999998,31.159999999999997,40.2
2021-03-28,3.28,16.8,34.44,33.809999999999995
2021-03-29,2.88,14.7,33.6,69
2021-03-30,5.36,19.11,34.86,68.30999999999999
2021-03-31,3.2,17.849999999999998,36.12,68.30999999999999
2021-04-01,2.32,18.69,35.28,69
2021-04-02,3.36,18.06,33.6,63.48
2021-04-03,5.28,18.69,28.14,45.54
2021-04-04,2.72,17.2,27.3,33.32
2021-04-05,3.2,18.2,34.86,68
2021-04-06,1.68,15.6,38.64,65.96000000000001
2021-04-07,3.92,16.8,38.22,63.24
2021-04-08,2.24,16.400000000000002,35.28,60.52
2021-04-09,2,15.8,30.66,58.480000000000004
2021-04-10,3.52,17.400000000000002,28.14,36.720000000000006
2021-04-11,6.37,17.43,31.919999999999998,31.74
2021-04-12,3.12,18.48,42,65.55
2021-04-13,8.32,18.69,31.08,67.61999999999999
2021-04-14,4.16,19.11,31.08,63.48
2021-04-15,9.88,18.9,31.5,62.78999999999999
2021-04-16,8.97,17.64,30.24,59.339999999999996
2021-04-17,4.68,17.64,27.72,39.33
2021-04-18,15,19.14,30.24,28.35
2021-04-19,6.75,20.24,32.339999999999996,58.59
2021-04-20,13.05,22,34.019999999999996,56.7
2021-04-21,7.05,18.92,32.339999999999996,53.55
2021-04-22,9.6,20.46,33.6,57.96
2021-04-23,4.95,17.38,32.339999999999996,51.660000000000004
2021-04-24,11.7,18.48,29.82,34.02
2021-04-25,5.16,18.4,31.08,25.2
2021-04-26,10.2,16.8,32.339999999999996,52.8
2021-04-27,4.32,17.6,33.18,54.6
2021-04-28,9.12,16.8,34.019999999999996,54
2021-04-29,3.84,18,35.28,45
2021-04-30,5.64,17.6,30.24,49.199999999999996
2021-05-01,1.08,14.2,25.619999999999997,36.6
2021-05-02,2.21,14.91,25.200000000000003,29.89
2021-05-03,1.4300000000000002,15.54,25.6,60.39
2021-05-04,2.47,16.169999999999998,27.200000000000003,59.78
2021-05-05,2.47,12.39,27.200000000000003,54.9
2021-05-06,1.17,15.75,26,51.24
2021-05-07,2.34,14.91,25.200000000000003,51.85
2021-05-08,1.56,13.86,23.200000000000003,35.99
2021-05-09,3.68,18.25,24.64,25.009999999999998
2021-05-10,1.76,23.25,29.92,53.68
2021-05-11,4.16,23,33,61
2021-05-12,4.16,23,29.92,54.29
2021-05-13,1.92,20,31.24,56.12
2021-05-14,2.56,22.75,30.36,54.29
2021-05-15,4.32,23.25,26.84,38.43
2021-05-16,8.99,25,28.8,27.729999999999997
2021-05-17,6.2,24.75,33.75,58.41
2021-05-18,3.41,20.75,32.85,54.87
2021-05-19,5.58,18,32.85,55.459999999999994
2021-05-20,19.84,16.5,32.85,50.739999999999995
2021-05-21,7.44,18.75,31.05,48.97
2021-05-22,31,17.25,28.8,30.09
2021-05-23,1.08,18.96,36.85,27.259999999999998
2021-05-24,0.6,18.48,48.95,55.67999999999999
2021-05-25,0.42,18.48,55.00000000000001,52.199999999999996
2021-05-26,0.48,19.68,46.75000000000001,48.13999999999999
2021-05-27,0.36,18.72,46.2,49.879999999999995
2021-05-28,0.36,17.28,40.7,46.98
2021-05-29,0.36,21.36,40.150000000000006,33.059999999999995
2021-05-30,0.3,20.93,35.64,25.200000000000003
2021-05-31,0.3,21.62,41.580000000000005,26.320000000000004
2021-06-01,2.85,21.16,41.580000000000005,56.00000000000001
2021-06-02,3.9,20.24,45.36,53.760000000000005
2021-06-03,3.1500000000000004,18.86,48.6,52.080000000000005
2021-06-04,3.75,18.17,46.440000000000005,50.400000000000006
2021-06-05,3.1500000000000004,17.48,38.34,31.92
2021-06-06,2.48,16.169999999999998,41.870000000000005,25.52
2021-06-07,1.8,15.96,40.81,53.36
2021-06-08,2.04,17.43,44.52,53.94
2021-06-09,2.12,14.91,43.46,53.36
2021-06-10,2.12,18.9,41.870000000000005,51.04
2021-06-11,1.8,16.169999999999998,41.870000000000005,49.879999999999995
2021-06-12,2.28,15.54,37.63,28.419999999999998
2021-06-13,2.08,18.48,42.120000000000005,26.66
2021-06-14,1.72,16.38,42.120000000000005,56.42
2021-06-15,1.72,16.59,46.440000000000005,60.76
2021-06-16,2.36,15.33,44.82,54.56
2021-06-17,2.04,18.06,45.900000000000006,53.94
2021-06-18,2.08,15.75,43.2,50.839999999999996
2021-06-19,2.6,14.49,38.88,32.86
2021-06-20,3.45,16.79,41.76,25.2
2021-06-21,2.85,23,57.99999999999999,58.8
2021-06-22,2.0500000000000003,21.62,51.62,57
2021-06-23,5,21.16,48.13999999999999,55.8
2021-06-24,3.85,17.48,45.239999999999995,51
2021-06-25,3,16.560000000000002,47.559999999999995,49.199999999999996
2021-06-26,3,17.25,47.559999999999995,31.2
2021-06-27,2.24,13.8,47.199999999999996,24.779999999999998
2021-06-28,2.36,15.8,53.69,51.33
2021-06-29,2.12,15,57.23,57.23
2021-06-30,2.36,15.6,51.33,52.51
2021-07-01,1.28,17.6,49.559999999999995,40.12
2021-07-02,1.2,18.6,51.33,35.4
2021-07-03,0.92,18.6,49.559999999999995,23.009999999999998
2021-07-04,0.96,20.79,49.6,16.8
2021-07-05,1,20.16,50.839999999999996,26.320000000000004
2021-07-06,0.84,19.11,55.8,39.2
2021-07-07,1.04,16.59,57.04,38.080000000000005
2021-07-08,0.92,21,55.18,40.32000000000001
2021-07-09,1.12,18.27,62,36.96
2021-07-10,0.92,18.69,50.839999999999996,23.520000000000003
2021-07-11,0.84,17.400000000000002,49.559999999999995,22.77
2021-07-12,1.04,18.8,54.87,48.3
2021-07-13,0.96,19.200000000000003,57.82,46.919999999999995
2021-07-14,1.16,18.8,55.459999999999994,49.67999999999999
2021-07-15,1.04,16.6,51.33,69
2021-07-16,1.16,17.8,47.199999999999996,53.129999999999995
2021-07-17,0.96,16.8,46.61,28.979999999999997
2021-07-18,1.2000000000000002,18.05,47.6,22.75
2021-07-19,1.2000000000000002,17.86,47.6,48.1
2021-07-20,1.15,16.91,49.84,47.45
2021-07-21,1.7000000000000002,17.67,45.92,46.800000000000004
2021-07-22,1.25,15.77,52.080000000000005,44.2
2021-07-23,1.7000000000000002,17.1,45.36000000000001,41.6
2021-07-24,1.65,12.54,42.56,25.35
2021-07-25,1.96,15.84,35.5,21.12
2021-07-26,1.96,14.22,42,48.84
2021-07-27,2.1700000000000004,16.38,42,50.160000000000004
2021-07-28,2.24,13.32,39,46.2
2021-07-29,3.640000000000001,14.94,39.5,47.52
2021-07-30,7.000000000000001,13.86,34.5,44.88
2021-07-31,3.5000000000000004,11.88,33.5,32.34
2021-08-01,6.12,17.86,38.88,28.86
2021-08-02,6.24,16.53,54,63.64
2021-08-03,12,16.72,52.38,74
2021-08-04,11.04,14.82,43.2,66.6
2021-08-05,8.52,16.72,46.980000000000004,65.86
2021-08-06,8.76,14.44,46.980000000000004,59.2
2021-08-07,8.04,15.01,42.660000000000004,40.7
2021-08-08,3.2900000000000005,14.62,42.400000000000006,27.599999999999998
2021-08-09,2.87,14.62,47.17,57.959999999999994
2021-08-10,3.3600000000000003,12.58,42.400000000000006,63.48
2021-08-11,3.01,13.43,42.93,60.72
2021-08-12,3.22,13.43,45.050000000000004,58.65
2021-08-13,3.08,13.43,38.690000000000005,57.959999999999994
2021-08-14,3.22,12.920000000000002,38.690000000000005,34.5
2021-08-15,2.28,19,32.660000000000004,31.6
2021-08-16,2.4,17.1,36.34,73.47
2021-08-17,2.16,16.72,37.72,76.63000000000001
2021-08-18,2.28,15.01,39.56,69.52000000000001
2021-08-19,2.28,15.96,37.72,73.47
2021-08-20,1.92,16.15,36.800000000000004,61.620000000000005
2021-08-21,1.86,14.63,32.2,43.45
2021-08-22,1.4,20.79,38.71,27.36
2021-08-23,1.25,19.74,38.22,66.12
2021-08-24,1.35,19.53,40.18,75.24
2021-08-25,1.5,21,37.24,65.36
2021-08-26,1.25,18.9,38.22,66.12
2021-08-27,1.55,20.37,36.26,61.56
2021-08-28,1.5,18.06,31.36,38
2021-08-29,1.04,16.15,30.360000000000003,29.93
2021-08-30,1.04,16.15,34.5,62.78
2021-08-31,0.96,15.58,35.88,65.7
2021-09-01,4,15.96,39.1,64.97
2021-09-02,3.6,15.58,46,65.7
2021-09-03,3.4,14.06,39.56,62.05
2021-09-04,3.24,15.01,31.740000000000002,38.69
2021-09-05,3.16,15,33.37,27.599999999999998
2021-09-06,3,20,43.71,35.879999999999995
2021-09-07,2.92,17.400000000000002,42.769999999999996,66.24
2021-09-08,3.24,13.6,39.949999999999996,61.41
2021-09-09,3.48,15.4,42.769999999999996,64.17
2021-09-10,3.6,13.4,40.89,59.339999999999996
2021-09-11,2.2,13.8,39.48,37.949999999999996
2021-09-12,1.89,12.96,38.879999999999995,31.95
2021-09-13,1.89,14.04,46.08,65.32
2021-09-14,1.86,13.5,44.16,66.03
2021-09-15,2.07,12.42,42.72,61.059999999999995
2021-09-16,2.58,11.88,42.239999999999995,61.769999999999996
2021-09-17,2.28,13.32,46.08,57.51
2021-09-18,2.01,12.96,39.839999999999996,37.629999999999995
2021-09-19,2.32,14.63,42.769999999999996,29.11
2021-09-20,2.36,14.44,42.769999999999996,66.03
2021-09-21,2.6,15.39,42.769999999999996,65.32
2021-09-22,3.16,12.16,41.83,64.61
2021-09-23,3.72,15.01,41.83,60.349999999999994
2021-09-24,3.52,13.49,40.419999999999995,59.64
2021-09-25,3.4,15.01,34.78,36.92
2021-09-26,2.68,17,38.22,30.66
2021-09-27,3.24,15.6,42.14,67.89
2021-09-28,3.68,16.6,43.61,73
2021-09-29,3.44,17.400000000000002,49,64.97
2021-09-30,3.84,16.400000000000002,47.04,66.42999999999999
2021-10-01,0.4,14.6,33.81,64.24
2021-10-02,0.52,15.2,28.419999999999998,37.23
2021-10-03,0.96,14.44,31,28.799999999999997
2021-10-04,1.2,13.87,37.5,61.919999999999995
2021-10-05,2.8000000000000003,13.49,35,68.39999999999999
2021-10-06,1.44,14.44,35,66.96
2021-10-07,2.56,13.68,34.5,67.67999999999999
2021-10-08,1.44,13.49,34.5,61.199999999999996
2021-10-09,3.04,13.3,35,37.44
2021-10-10,1.36,16.06,41.800000000000004,28.799999999999997
2021-10-11,1.28,18.7,43.45,61.919999999999995
2021-10-12,1.28,17.6,45.1,66.96
2021-10-13,2.96,19.8,44.550000000000004,65.52
2021-10-14,1.6,18.7,42.35,64.08
2021-10-15,1.52,16.28,39.050000000000004,57.599999999999994
2021-10-16,2.48,17.82,35.75,36
2021-10-17,3.61,19.09,35.88,31.24
2021-10-18,3.42,18.86,37.96,63.9
2021-10-19,5.13,20.24,39.52,62.48
2021-10-20,17.67,18.4,38.480000000000004,60.349999999999994
2021-10-21,7.22,18.630000000000003,38.480000000000004,59.64
2021-10-22,19,19.55,36.4,58.22
2021-10-23,7.03,17.02,32.76,37.629999999999995
2021-10-24,6.4799999999999995,21.16,35.1,30.24
2021-10-25,11.7,20.01,54,62.64
2021-10-26,5.76,23,42.120000000000005,72
2021-10-27,12.78,19.32,38.34,65.52
2021-10-28,5.9399999999999995,18.86,39.42,61.199999999999996
2021-10-29,12.96,18.4,36.72,53.28
2021-10-30,5.22,19.55,33.480000000000004,36.72
2021-10-31,8.8,23.4,36,32.8
2021-11-01,4,5.2,44.5,62.31999999999999
2021-11-02,3.68,5.46,43,62.31999999999999
2021-11-03,4.64,4.16,46,60.68
2021-11-04,12.32,4.94,45.5,63.959999999999994
2021-11-05,4.64,5.46,42,73.8
2021-11-06,10.88,5.46,38,49.199999999999996
2021-11-07,8.05,6.3,39.36,35.67
2021-11-08,14.03,6.3,48,73.08
2021-11-09,17.94,6.3,46.559999999999995,67.86
2021-11-10,10.12,6,42.239999999999995,66.99
2021-11-11,18.4,7.8,43.68,65.25
2021-11-12,8.74,6.8999999999999995,43.199999999999996,66.99
2021-11-13,22.540000000000003,6.3,36.96,76.56
2021-11-14,11.5,7.44,38.71,83
2021-11-15,16,8.06,42.63,67.22999999999999
2021-11-16,8.75,7.13,44.1,63.91
2021-11-17,24,8.06,42.63,61.419999999999995
2021-11-18,11.75,7.44,43.61,61.419999999999995
2021-11-19,23,7.44,39.69,55.61
2021-11-20,21.75,8.37,37.73,34.03
2021-11-21,11.73,22.08,36,19.95
2021-11-22,15.87,20.7,39.15,39.33
2021-11-23,7.82,23.459999999999997,38.25,38.76
2021-11-24,8.97,23.459999999999997,36.45,33.059999999999995
2021-11-25,23,38.64,29.7,18.24
2021-11-26,8.280000000000001,69,33.75,24.509999999999998
2021-11-27,22.31,51.74999999999999,34.2,20.52
2021-11-28,19.92,36.4,42.72,24.75
2021-11-29,12.24,54.6,42.239999999999995,55.5
2021-11-30,10.08,46.15,42.239999999999995,61.5
2021-12-01,21.6,65,24.96,69
2021-12-02,6,52,26.88,62.25
2021-12-03,7.92,50.05,25.439999999999998,57
2021-12-04,24,52.65,22.56,39
2021-12-05,14.07,30.78,21.150000000000002,28.08
2021-12-06,6.09,30.4,22.95,57.599999999999994
2021-12-07,12.6,30.78,24.3,61.919999999999995
2021-12-08,7.35,30.4,24.3,59.76
2021-12-09,14.49,30.78,22.95,57.599999999999994
2021-12-10,7.35,27.36,22.05,50.4
2021-12-11,9.03,26.98,21.150000000000002,34.56
2021-12-12,27.160000000000004,24.32,23.97,27.36
2021-12-13,10.080000000000002,26.24,28.05,56.879999999999995
2021-12-14,25.200000000000003,23.04,27.54,62.64
2021-12-15,27.160000000000004,22.08,28.560000000000002,57.599999999999994
2021-12-16,8.120000000000001,21.12,29.580000000000002,55.44
2021-12-17,8.96,19.84,29.07,53.28
2021-12-18,19.6,17.6,27.03,33.12
2021-12-19,11.4,11.73,31.349999999999998,28.29
2021-12-20,6.6000000000000005,12.42,33.629999999999995,55.199999999999996
2021-12-21,10,12.42,31.919999999999998,60.029999999999994
2021-12-22,5.800000000000001,11.04,31.919999999999998,59.339999999999996
2021-12-23,6.6000000000000005,10.58,29.069999999999997,54.51
2021-12-24,13.4,9.66,56.99999999999999,40.709999999999994
2021-12-25,13.2,7.82,39.33,24.839999999999996
2021-12-26,14.58,14.5,38.43,38.54
2021-12-27,5.3999999999999995,14.5,49.14,75.44
2021-12-28,5.9399999999999995,11,44.1,82
2021-12-29,11.88,12.5,39.06,81.17999999999999
2021-12-30,5.76,11.25,36.54,77.89999999999999
2021-12-31,7.739999999999999,10.75,34.02,60.68
2022-01-01,3.78,9.25,39.06,33.62
2022-01-02,8.17,12.96,47.52,44
2022-01-03,3.42,11.88,52.800000000000004,82
2022-01-04,8.17,14.85,66,100
2022-01-05,4.37,12.420000000000002,54.78,94
2022-01-06,6.46,10.53,42.9,74
2022-01-07,7.03,12.96,46.86,80
2022-01-08,3.99,11.61,42.9,52
2022-01-09,14.26,10,36.96,34.2
2022-01-10,31,11.75,36.400000000000006,70.2
2022-01-11,7.13,10.75,37.52,70.2
2022-01-12,14.57,10,42.00000000000001,68.4
2022-01-13,5.89,12.25,43.120000000000005,60.300000000000004
2022-01-14,13.33,9,30.800000000000004,56.7
2022-01-15,13.95,10.5,36.96,44.1
2022-01-16,4.18,8.14,26.5,23.799999999999997
2022-01-17,6.08,9.46,30.5,37.099999999999994
2022-01-18,3.99,8.8,31,44.8
2022-01-19,6.46,8.36,32.5,44.099999999999994
2022-01-20,3.42,7.7,30.5,40.599999999999994
2022-01-21,8.17,8.14,31,38.5
2022-01-22,7.41,9.24,28,24.5
2022-01-23,2.56,9.89,31.92,18.09
2022-01-24,5.6000000000000005,10.81,40.88,46.900000000000006
2022-01-25,2.4,8.51,34.160000000000004,37.52
2022-01-26,5.6000000000000005,8.05,35.84,37.52
2022-01-27,2.72,8.51,39.2,37.52
2022-01-28,6.72,10.35,39.760000000000005,38.190000000000005
2022-01-29,3.84,9.89,35.84,23.450000000000003
2022-01-30,10.07,26,42.6,18.09
2022-01-31,3.23,11.44,43.199999999999996,40.2
2022-02-01,16.34,11.44,44.4,67
2022-02-02,16.34,11.7,43.8,58.96
2022-02-03,7.79,11.96,47.4,58.96
2022-02-04,16.53,10.66,45.6,53.6
2022-02-05,7.41,11.18,43.8,38.190000000000005
2022-02-06,5.92,11.96,44.1,34.3
2022-02-07,6.4,11.96,46.62,66.5
2022-02-08,12,12.48,47.25,64.39999999999999
2022-02-09,7.52,12.48,47.88,58.099999999999994
2022-02-10,12.64,13.26,40.32,49.699999999999996
2022-02-11,12.96,11.96,46.62,55.3
2022-02-12,6.5600000000000005,14.04,43.47,35
2022-02-13,15,32,42.160000000000004,21.96
2022-02-14,5.55,21.12,46.92,44.53
2022-02-15,12.15,18.56,56.440000000000005,49.41
2022-02-16,5.25,18.24,60.52,50.019999999999996
2022-02-17,10.8,16.96,60.52,49.41
2022-02-18,4.2,17.6,57.800000000000004,48.19
2022-02-19,3.75,18.24,52.36000000000001,33.55
2022-02-20,2.6,15.08,51.12,24.32
2022-02-21,2.6,16.38,57.51,46.72
2022-02-22,2.3000000000000003,13.78,69.58,55.04
2022-02-23,2.7,13.26,71,55.68
2022-02-24,3.4000000000000004,12.48,63.19,53.120000000000005
2022-02-25,7.300000000000001,11.7,56.8,49.28
2022-02-26,3.5,11.96,52.54,32.64
2022-02-27,7.199999999999999,16.38,51.099999999999994,26.88
2022-02-28,12.6,12.74,60.9,57.6
2022-03-01,5.55,24.7,53.9,64
2022-03-02,9.3,22.62,57.4,59.52
2022-03-03,5.3999999999999995,21.58,57.4,57.6
2022-03-04,10.05,20.8,53.199999999999996,52.480000000000004
2022-03-05,5.55,20.02,49,35.2
2022-03-06,17,21.85,57.72,26.23
2022-03-07,5.95,19.32,65.52,51.85
2022-03-08,10.88,19.09,71.76,56.73
2022-03-09,12.24,20.47,76.44,55.51
2022-03-10,6.460000000000001,18.86,78,51.24
2022-03-11,13.43,17.94,67.86,46.36
2022-03-12,6.800000000000001,19.78,67.08,30.5
2022-03-13,14.88,22.56,56.24,23.94
2022-03-14,6.4,21.119999999999997,63.64,56.07
2022-03-15,12.8,22.08,61.42,57.33
2022-03-16,6.5600000000000005,19.92,58.46,59.85
2022-03-17,13.76,21.119999999999997,56.24,55.44
2022-03-18,5.12,20.88,51.06,50.4
2022-03-19,5.12,20.64,48.1,30.87
2022-03-20,4.8100000000000005,22.77,48.989999999999995,25.2
2022-03-21,7.15,19.78,53.129999999999995,54
2022-03-22,5.2,20.47,58.65,56.4
2022-03-23,7.800000000000001,19.32,54.51,50.4
2022-03-24,6.890000000000001,19.09,51.059999999999995,49.199999999999996
2022-03-25,5.2,18.630000000000003,43.47,45.6
2022-03-26,6.890000000000001,19.55,41.4,28.799999999999997
2022-03-27,5.88,24,47.52,25.419999999999998
2022-03-28,4.92,18,49.5,50.839999999999996
2022-03-29,5.52,18.72,48.18,50.22
2022-03-30,3.72,20.88,54.120000000000005,51.46
2022-03-31,7.56,21.119999999999997,48.18,53.32
2022-04-01,1.68,22.8,50.160000000000004,58.28
2022-04-02,2.28,23.04,48.84,38.44
2022-04-03,4.8100000000000005,20.16,62.64,29.14
2022-04-04,3.77,17.43,63.36,58.9
2022-04-05,1.82,18.9,57.599999999999994,60.76
2022-04-06,2.08,18.27,64.8,61.38
2022-04-07,2.08,19.53,61.919999999999995,56.42
2022-04-08,3.77,17.22,56.16,56.42
2022-04-09,2.6,19.74,52.559999999999995,34.72
2022-04-10,4.29,22.77,47.52,26.099999999999998
2022-04-11,4.42,20.7,53.46,57.419999999999995
2022-04-12,1.69,19.78,56.1,54.519999999999996
2022-04-13,1.82,20.01,51.480000000000004,55.67999999999999
2022-04-14,1.69,19.78,54.78,53.36
2022-04-15,2.34,21.16,50.160000000000004,50.459999999999994
2022-04-16,3.77,21.16,41.580000000000005,31.319999999999997
2022-04-17,25.8,18.4,44.019999999999996,25.62
2022-04-18,9.6,21.85,65.32,61
2022-04-19,22.2,22.540000000000003,71,60.39
2022-04-20,7.8,20.93,63.9,56.12
2022-04-21,9.3,21.62,61.769999999999996,57.339999999999996
2022-04-22,25.8,20.24,53.25,52.46
2022-04-23,10.5,20.47,48.28,33.55
2022-04-24,29.7,23,44.220000000000006,28.98
2022-04-25,12,20.24,50.25,63
2022-04-26,9.3,21.85,57.620000000000005,59.22
2022-04-27,10.8,20.93,56.95,58.59
2022-04-28,30,21.62,51.59,61.11
2022-04-29,9,21.16,48.24,54.18
2022-04-30,11.1,21.16,45.56,37.8
2022-05-01,20.14,21.87,37.12,27.28
2022-05-02,7.98,19.71,46.08,53.32
2022-05-03,6.08,26.73,47.36,55.18
2022-05-04,20.14,20.520000000000003,44.800000000000004,50.839999999999996
2022-05-05,6.08,16.470000000000002,44.160000000000004,50.839999999999996
2022-05-06,6.08,17.28,37.76,47.74
2022-05-07,8.74,17.01,35.84,30.38
2022-05-08,39.6,24.32,35.36,23.31
2022-05-09,10.8,29.76,49.64,52.92
2022-05-10,36,29.12,50.32,57.96
2022-05-11,11.4,28.8,48.28,53.55
2022-05-12,38.4,28.16,43.52,53.55
2022-05-13,13.8,28.16,39.440000000000005,50.4
2022-05-14,55.2,26.88,38.080000000000005,32.76
2022-05-15,10.81,30,43.66,30.150000000000002
2022-05-16,11.28,27.3,51.06,60.970000000000006
2022-05-17,7.05,26.4,52.54,62.980000000000004
2022-05-18,10.81,24.9,48.839999999999996,60.300000000000004
2022-05-19,32.43,21.9,48.839999999999996,58.290000000000006
2022-05-20,11.75,20.7,46.62,56.95
2022-05-21,39.95,25.8,45.88,39.53
2022-05-22,27.36,20.520000000000003,53.949999999999996,29.669999999999998
2022-05-23,58.52,21.87,83,62.099999999999994
2022-05-24,22.04,20.25,73.03999999999999,66.24
2022-05-25,69.92,18.36,57.269999999999996,69
2022-05-26,22.8,20.25,54.779999999999994,61.41
2022-05-27,76,24.03,50.629999999999995,56.58
2022-05-28,18.24,19.44,44.82,36.57
2022-05-29,7.52,24.069999999999997,42.339999999999996,26.88
2022-05-30,15.04,26.1,42.339999999999996,32.64
2022-05-31,8.93,24.36,54.019999999999996,60.160000000000004
2022-06-01,3.76,21.459999999999997,64.24,60.160000000000004
2022-06-02,6.109999999999999,22.33,72.27,57.6
2022-06-03,21.619999999999997,25.229999999999997,62.78,60.800000000000004
2022-06-04,5.17,19.43,58.4,35.84
2022-06-05,13.26,18.46,51.00000000000001,29.92
2022-06-06,32.76,25.48,56.440000000000005,64.60000000000001
2022-06-07,7.800000000000001,20.8,66.64,61.2
2022-06-08,10.92,20.02,59.160000000000004,63.24
2022-06-09,32.76,22.1,63.92,57.120000000000005
2022-06-10,9.36,20.28,55.760000000000005,55.080000000000005
2022-06-11,44.46,26,50.32,35.36
2022-06-12,15,21.06,56.94,30.6
2022-06-13,14,22.41,67.89,63.92
2022-06-14,57,25.110000000000003,67.16,68
2022-06-15,13,21.33,66.42999999999999,62.56
2022-06-16,16,20.25,67.16,62.56
2022-06-17,100,26.73,64.24,55.760000000000005
2022-06-18,13,21.33,54.019999999999996,33.32
2022-06-19,1.53,19.25,57.72,27.299999999999997
2022-06-20,1.53,21.25,67.34,62.3
2022-06-21,1.02,20,71.03999999999999,70
2022-06-22,0.68,21.75,68.08,67.89999999999999
2022-06-23,0.68,19.75,74,61.599999999999994
2022-06-24,1.02,19.25,61.42,57.4
2022-06-25,0.51,16.5,56.24,35.699999999999996
2022-06-26,0.33,18.2,58.32,30.6
2022-06-27,0.33,21.58,68.39999999999999,65.96000000000001
2022-06-28,0.33,18.72,66.24,61.88
2022-06-29,0.33,23.14,65.52,66.64
2022-06-30,0.44,20.28,64.8,64.60000000000001
2022-07-01,10.56,20.8,66.96,57.120000000000005
2022-07-02,11,20.02,59.04,34
2022-07-03,9.13,19.5,53.81999999999999,27.3
2022-07-04,9.57,22.5,55.88999999999999,29.25
2022-07-05,7.7,19,65.55,59.15
2022-07-06,6.49,17.5,69,62.400000000000006
2022-07-07,5.5,19.75,64.86,63.050000000000004
2022-07-08,5.39,20.25,59.339999999999996,59.15
2022-07-09,5.94,17.25,53.81999999999999,33.15
2022-07-10,3.5700000000000003,19.6,57.51,29.2
2022-07-11,3.850000000000001,24.360000000000003,64.61,73
2022-07-12,2.8000000000000003,27.72,66.74,67.89
2022-07-13,3.1500000000000004,28.000000000000004,64.61,73
2022-07-14,3.08,25.480000000000004,60.349999999999994,69.35
2022-07-15,3.01,22.4,63.19,62.78
2022-07-16,3.2900000000000005,19.6,54.669999999999995,40.879999999999995
2022-07-17,3.640000000000001,18.25,55.199999999999996,31.24
2022-07-18,2.7300000000000004,20,62.78999999999999,70.28999999999999
2022-07-19,2.7300000000000004,19.75,69,71
2022-07-20,2.66,20.75,62.78999999999999,66.03
2022-07-21,3.92,19,62.099999999999994,68.16
2022-07-22,2.45,18.25,53.129999999999995,61.059999999999995
2022-07-23,2.5200000000000005,17,54.51,40.47
2022-07-24,2.45,20.790000000000003,55.080000000000005,32.9
2022-07-25,2.45,21.33,67.32000000000001,64.39999999999999
2022-07-26,3.78,21.33,65.28,69.3
2022-07-27,2.9400000000000004,21.6,60.52,62.99999999999999
2022-07-28,2.1700000000000004,21.87,58.480000000000004,65.1
2022-07-29,2.1,21.6,57.120000000000005,60.199999999999996
2022-07-30,2.3800000000000003,21.33,48.28,37.8
2022-07-31,1.6,16.560000000000002,54.400000000000006,34.31
2022-08-01,3.2,19.09,57.800000000000004,70.08
2022-08-02,4.2,21.62,61.2,71.53999999999999
2022-08-03,5,20.24,55.760000000000005,73
2022-08-04,3.45,18.17,62.56,64.97
2022-08-05,3.2,19.09,59.160000000000004,62.78
2022-08-06,3.6,17.25,53.720000000000006,35.769999999999996
2022-08-07,3.3200000000000003,22.5,62.64,33.839999999999996
2022-08-08,2.48,23,71.28,68.39999999999999
2022-08-09,2.72,23.25,63.36,71.28
2022-08-10,2.24,20.75,65.52,64.8
2022-08-11,2.24,23.75,71.28,68.39999999999999
2022-08-12,2.56,20,56.879999999999995,56.879999999999995
2022-08-13,3.16,21,52.559999999999995,36
2022-08-14,2.6,23.4,48.75,29.82
2022-08-15,2.32,26,55.9,65.32
2022-08-16,2.6,23.14,61.1,70.28999999999999
2022-08-17,2.8000000000000003,23.14,53.95,68.16
2022-08-18,2.72,22.1,55.9,65.32
2022-08-19,2.68,22.1,53.95,58.93
2022-08-20,2.16,20.54,46.800000000000004,35.5
2022-08-21,2.6500000000000004,21.39,52.800000000000004,26.8
2022-08-22,3.0500000000000003,21.39,58.74,60.970000000000006
2022-08-23,2.5,19.55,66,64.99000000000001
2022-08-24,4.6000000000000005,22.77,61.38,60.300000000000004
2022-08-25,4.9,19.78,54.78,54.940000000000005
2022-08-26,3,18.86,48.18,53.6
2022-08-27,3.7,19.55,45.54,33.5
2022-08-28,3.28,20.88,45.88,33.12
2022-08-29,2.28,18.96,52.08,63.48
2022-08-30,2.08,21.36,52.7,65.55
2022-08-31,1.84,19.44,51.46,64.17
2022-09-01,1.76,17.759999999999998,52.7,63.48
2022-09-02,1.52,18,49.6,63.48
2022-09-03,1.64,18.48,45.26,36.57
2022-09-04,1.64,20.16,50.629999999999995,29.44
2022-09-05,1.56,24,50.019999999999996,32.64
2022-09-06,1.48,19.44,57.339999999999996,64
2022-09-07,1.32,15.84,56.12,62.08
2022-09-08,1.48,15.36,53.68,60.160000000000004
2022-09-09,1.64,15.36,51.24,55.04
2022-09-10,2.08,17.04,45.14,38.4
2022-09-11,2,13.42,50.82,27.720000000000002
2022-09-12,1.36,15.18,62.040000000000006,66
2022-09-13,2.96,14.96,66,66
2022-09-14,1.52,16.06,64.68,62.7
2022-09-15,1.6,16.28,66,64.02
2022-09-16,1.48,16.28,56.1,55.440000000000005
2022-09-17,1.88,15.4,50.160000000000004,33.660000000000004
2022-09-18,2.1,17.5,49.14,28.35
2022-09-19,2.35,18.75,59.22,57.33
2022-09-20,2.0500000000000003,17.25,57.33,63
2022-09-21,1.75,15.5,57.33,56.7
2022-09-22,2.15,16.75,56.7,55.44
2022-09-23,3.4000000000000004,18.25,53.55,51.03
2022-09-24,2.6500000000000004,17.5,48.51,30.87
2022-09-25,2.82,16.79,49.14,27.060000000000002
2022-09-26,2.94,16.1,59.22,63.36
2022-09-27,3.1799999999999997,16.1,59.85,61.38
2022-09-28,2.88,17.02,54.18,58.74
2022-09-29,2.76,17.02,52.92,57.42
2022-09-30,6,15.87,56.07,58.080000000000005
2022-10-01,0.78,16.560000000000002,52.29,36.96
2022-10-02,1.1900000000000002,19.76,48.36,30.360000000000003
2022-10-03,0.91,21.32,61.38,57.42
2022-10-04,0.8400000000000001,21.06,61.38,64.02
2022-10-05,0.91,20.54,62,58.74
2022-10-06,0.98,22.36,58.9,60.720000000000006
2022-10-07,0.98,23.14,52.08,56.760000000000005
2022-10-08,1.12,23.4,48.36,36.300000000000004
2022-10-09,2.76,25.110000000000003,47.12,30.080000000000002
2022-10-10,3,23.76,57.04,60.160000000000004
2022-10-11,1.56,26.19,61.38,58.24
2022-10-12,2.52,27,60.14,56.32
2022-10-13,1.92,23.49,53.94,56.32
2022-10-14,2.52,22.14,54.56,55.04
2022-10-15,3.84,19.17,45.88,30.72
2022-10-16,4.2,21.32,46.97,26.88
2022-10-17,3.57,21.84,54.29,60.160000000000004
2022-10-18,4.62,21.32,58.56,64
2022-10-19,21,23.66,57.949999999999996,58.24
2022-10-20,4.83,21.58,56.12,55.68
2022-10-21,5.04,20.8,50.629999999999995,54.4
2022-10-22,12.39,19.5,45.14,32
2022-10-23,5.13,23.1,45.239999999999995,26.88
2022-10-24,8.74,24.9,52.779999999999994,57.6
2022-10-25,4.37,23.7,54.519999999999996,62.72
2022-10-26,11.4,25.2,48.72,59.52
2022-10-27,3.99,26.4,48.13999999999999,56.96
2022-10-28,8.17,26.4,47.559999999999995,53.120000000000005
2022-10-29,5.13,22.2,41.18,32.64
2022-10-30,9.69,22.62,40.599999999999994,23.79
2022-10-31,5.51,20.54,51.04,52.46
2022-11-01,8.55,3.9,45.239999999999995,57.339999999999996
2022-11-02,14.63,3.64,45.82,61
2022-11-03,9.69,4.42,49.879999999999995,57.339999999999996
2022-11-04,16.15,4.94,44.08,54.29
2022-11-05,15.96,4.94,43.5,32.33
2022-11-06,5.880000000000001,6.12,43.5,24.599999999999998
2022-11-07,5.32,5.44,45.82,57
2022-11-08,10.36,5.44,46.4,57
2022-11-09,4.62,5.44,44.66,50.4
2022-11-10,5.180000000000001,6.12,44.66,55.199999999999996
2022-11-11,5.32,8.16,42.339999999999996,50.4
2022-11-12,14.000000000000002,7.82,38.86,33.6
2022-11-13,6.970000000000001,11.88,45,26.04
2022-11-14,12.58,11,55.199999999999996,60.14
2022-11-15,12.07,10.12,51.6,59.519999999999996
2022-11-16,6.800000000000001,10.56,48.6,61.38
2022-11-17,15.13,9.24,48,59.519999999999996
2022-11-18,6.29,9.24,46.199999999999996,54.56
2022-11-19,15.13,12.32,44.4,35.339999999999996
2022-11-20,7.82,31.68,36.92,22.5
2022-11-21,12.920000000000002,29.76,38.480000000000004,43.5
2022-11-22,11.39,29.76,39,46.5
2022-11-23,6.630000000000001,30.72,39,43
2022-11-24,14.62,61.44,30.68,22
2022-11-25,6.12,96,34.32,26
2022-11-26,13.94,73.92,33.28,23
2022-11-27,11.1,54.9,41.76,29.28
2022-11-28,6.45,78.3,48.13999999999999,56.73
2022-11-29,6.3,58.5,57.99999999999999,58.56
2022-11-30,12.45,33.300000000000004,49.3,59.17
2022-12-01,3.9,89.10000000000001,26.099999999999998,61
2022-12-02,4.2,74.7,24.939999999999998,54.29
2022-12-03,9.9,81,21.459999999999997,32.94
2022-12-04,8.549999999999999,48,21.6,28.669999999999998
2022-12-05,4.35,44.16,21.6,55.51
2022-12-06,9.3,43.68,23.220000000000002,57.949999999999996
2022-12-07,5.85,39.84,21.060000000000002,57.339999999999996
2022-12-08,8.4,39.36,22.68,54.9
2022-12-09,4.2,38.4,21.6,52.46
2022-12-10,5.1,35.519999999999996,20.520000000000003,33.55
2022-12-11,13.6,42.68,22.419999999999998,26.68
2022-12-12,4.96,40.04,25.369999999999997,51.62
2022-12-13,4.48,36.96,27.139999999999997,55.099999999999994
2022-12-14,9.6,30.8,28.91,51.04
2022-12-15,8.32,30.8,28.32,49.879999999999995
2022-12-16,4.48,29.92,26.549999999999997,50.459999999999994
2022-12-17,8.32,30.8,27.139999999999997,30.74
2022-12-18,4.16,18.9,28.799999999999997,21.73
2022-12-19,5.07,20.7,33.12,45.050000000000004
2022-12-20,4.55,17.4,38.879999999999995,47.17
2022-12-21,7.0200000000000005,18.6,40.32,42.400000000000006
2022-12-22,6.37,15.9,49.68,43.46
2022-12-23,3.12,15.9,52.559999999999995,36.04
2022-12-24,3.38,13.2,42.48,20.14
2022-12-25,9.02,14.26,40.5,15.66
2022-12-26,22,18.29,56.7,30.240000000000002
2022-12-27,7.26,18.6,81,46.980000000000004
2022-12-28,15.4,19.22,63.18000000000001,49.68000000000001
2022-12-29,14.52,17.05,48.6,50.220000000000006
2022-12-30,7.7,16.43,37.260000000000005,42.120000000000005
2022-12-31,17.6,14.57,34.02,28.080000000000002
2023-01-01,8.32,21.16,44.53,25.830000000000002
2023-01-02,6.5600000000000005,21.39,59.86,44.73
2023-01-03,13.44,20.01,62.05,63
2023-01-04,6.24,21.39,62.78,59.85
2023-01-05,11.68,20.01,62.05,57.96
2023-01-06,5.12,20.7,50.37,52.29
2023-01-07,7.52,20.7,50.37,32.13
2023-01-08,13.43,22.540000000000003,51.75,26.84
2023-01-09,5.78,23,57.75,52.46
2023-01-10,6.800000000000001,20.93,64.5,56.73
2023-01-11,13.77,20.93,75,51.24
2023-01-12,5.61,20.93,62.25,48.19
2023-01-13,6.800000000000001,21.16,54,49.41
2023-01-14,15.13,22.77,47.25,32.94
2023-01-15,10.03,19.55,44.16,25.2
2023-01-16,8.84,22.540000000000003,50.37,38.4
2023-01-17,6.630000000000001,20.47,55.199999999999996,52.8
2023-01-18,6.29,20.7,53.81999999999999,52.199999999999996
2023-01-19,7.48,19.78,48.989999999999995,51.6
2023-01-20,17,21.16,45.54,48
2023-01-21,12.41,20.47,39.33,30
2023-01-22,6.970000000000001,18.48,36.480000000000004,23.009999999999998
2023-01-23,11.22,20.46,44.160000000000004,46.019999999999996
2023-01-24,4.760000000000001,18.48,44.160000000000004,51.33
2023-01-25,5.61,18.92,44.800000000000004,51.919999999999995
2023-01-26,16.490000000000002,18.92,46.08,47.79
2023-01-27,6.630000000000001,20.02,42.24,46.019999999999996
2023-01-28,16.150000000000002,21.34,35.84,27.139999999999997
2023-01-29,6.24,20.24,42.84,21.96
2023-01-30,5.44,20.93,50.32,51.24
2023-01-31,12,19.32,52.36000000000001,51.24
2023-02-01,6.08,8.280000000000001,56.440000000000005,59.78
2023-02-02,13.6,8.51,52.36000000000001,55.51
2023-02-03,10.72,8.280000000000001,50.32,52.46
2023-02-04,6.24,8.74,45.56,37.21
2023-02-05,20,10,44.800000000000004,30.68
2023-02-06,8,10,48.64,56.05
2023-02-07,15.6,9.25,51.2,56.64
2023-02-08,8,9,46.72,54.87
2023-02-09,19.6,9,47.36,50.739999999999995
2023-02-10,10.8,9.5,46.08,48.379999999999995
2023-02-11,11.8,8.75,42.24,33.629999999999995
2023-02-12,12.740000000000002,13.94,50.32,27.09
2023-02-13,4.9,34,47.36,53.55
2023-02-14,9.52,13.94,60.68,56.7
2023-02-15,8.120000000000001,13.260000000000002,74,59.85
2023-02-16,3.92,13.6,64.38,63
2023-02-17,4.2,12.58,59.2,57.33
2023-02-18,3.78,13.94,51.8,35.910000000000004
2023-02-19,3.3,11.18,52.54,26.79
2023-02-20,2.75,11.44,58.93,44.459999999999994
2023-02-21,2.64,10.4,64.61,54.15
2023-02-22,2.75,10.14,66.74,50.73
2023-02-23,2.97,9.1,67.45,51.3
2023-02-24,7.48,9.1,55.379999999999995,49.589999999999996
2023-02-25,7.59,10.4,49.699999999999996,30.209999999999997
2023-02-26,8.74,8.879999999999999,53.199999999999996,27.729999999999997
2023-02-27,16.34,9.12,62.3,56.64
2023-02-28,7.03,9.12,58.8,56.64
2023-03-01,11.78,20.16,61.599999999999994,56.05
2023-03-02,6.2700000000000005,18.96,60.9,51.33
2023-03-03,15.96,20.88,59.49999999999999,47.79
2023-03-04,14.63,21.36,53.199999999999996,32.449999999999996
2023-03-05,14.58,21.12,55.379999999999995,28.06
2023-03-06,6.4799999999999995,17.6,65.32,55.51
2023-03-07,5.3999999999999995,18.7,71,61
2023-03-08,12.06,18.7,65.32,54.9
2023-03-09,6.12,19.36,61.769999999999996,55.51
2023-03-10,13.32,19.14,63.9,50.629999999999995
2023-03-11,7.38,18.7,53.959999999999994,32.94
2023-03-12,21.56,24,52.800000000000004,26.68
2023-03-13,8.36,21.36,58.74,49.3
2023-03-14,19.14,21.36,62.7,53.36
2023-03-15,8.36,21.119999999999997,57.42,53.36
2023-03-16,16.5,18.72,52.800000000000004,55.67999999999999
2023-03-17,8.58,21.6,49.5,49.3
2023-03-18,15.4,21.36,45.54,28.999999999999996
2023-03-19,14.8,22.08,51.35,26.549999999999997
2023-03-20,7.800000000000001,21.119999999999997,59.800000000000004,54.87
2023-03-21,12,19.92,57.85,54.87
2023-03-22,8.200000000000001,19.44,59.15,51.33
2023-03-23,14.4,18.96,53.95,52.51
2023-03-24,7.800000000000001,21.84,50.7,47.79
2023-03-25,20,23.04,47.45,28.91
2023-03-26,12.42,23.75,50.4,26.549999999999997
2023-03-27,18.17,24,53.55,53.69
2023-03-28,9.2,21.75,52.29,54.279999999999994
2023-03-29,21.62,21.5,52.92,54.87
2023-03-30,10.35,22.5,56.07,51.919999999999995
2023-03-31,8.97,20.5,52.92,47.199999999999996
2023-04-01,5.5200000000000005,21.5,51.660000000000004,28.91
2023-04-02,3.78,20.47,52.29,27.9
2023-04-03,5.4,18.630000000000003,60.480000000000004,53.94
2023-04-04,2.7,17.25,59.85,56.42
2023-04-05,6.48,18.17,61.74,52.7
2023-04-06,3.78,18.86,60.480000000000004,52.7
2023-04-07,3.78,17.25,55.44,48.98
2023-04-08,7.83,16.79,44.73,31
2023-04-09,4.930000000000001,18.4,45.5,23.599999999999998
2023-04-10,2.3800000000000003,18.630000000000003,61.75,50.15
2023-04-11,1.36,18.4,60.45,49.559999999999995
2023-04-12,1.36,18.4,57.85,49.559999999999995
2023-04-13,1.1900000000000002,19.09,57.2,48.97
2023-04-14,1.02,17.25,54.6,47.199999999999996
2023-04-15,2.3800000000000003,18.17,49.4,27.139999999999997
2023-04-16,20.09,19.58,64.60000000000001,23.369999999999997
2023-04-17,5.33,16.94,65.96000000000001,47.879999999999995
2023-04-18,20.09,16.72,68,49.589999999999996
2023-04-19,6.1499999999999995,16.94,63.92,49.019999999999996
2023-04-20,7.38,17.16,68,49.019999999999996
2023-04-21,20.5,16.72,62.56,44.459999999999994
2023-04-22,6.97,17.16,58.480000000000004,26.79
2023-04-23,29.12,21.85,54.18,21.83
2023-04-24,10.4,20.01,57.96,45.43
2023-04-25,7.800000000000001,19.09,58.59,48.379999999999995
2023-04-26,9.36,19.55,61.74,59
2023-04-27,27.56,18.86,54.81,51.33
2023-04-28,10.4,17.94,52.92,46.61
2023-04-29,37.44,19.09,51.660000000000004,25.959999999999997
2023-04-30,64,23,56.96,22.799999999999997
2023-05-01,20.48,11.04,54.4,54.15
2023-05-02,13.44,10.81,59.52,56.99999999999999
2023-05-03,38.4,11.04,53.120000000000005,54.15
2023-05-04,12.16,11.73,51.84,50.73
2023-05-05,39.68,11.73,47.36,44.459999999999994
2023-05-06,17.92,9.66,44.160000000000004,29.639999999999997
2023-05-07,41.580000000000005,18.87,49.699999999999996,24.64
2023-05-08,13.2,30.34,60.199999999999996,53.2
2023-05-09,38.28,37,60.199999999999996,51.52
2023-05-10,13.86,25.53,58.099999999999994,50.400000000000006
2023-05-11,44.88,24.79,54.599999999999994,48.720000000000006
2023-05-12,17.16,19.98,56.699999999999996,43.68000000000001
2023-05-13,66,23.68,52.5,28.560000000000002
2023-05-14,1.17,16.520000000000003,56.16,24.189999999999998
2023-05-15,0.72,20.72,68.39999999999999,55.459999999999994
2023-05-16,0.4499999999999999,16.240000000000002,71.28,58.41
2023-05-17,0.54,15.400000000000002,68.39999999999999,57.23
2023-05-18,0.36,14.560000000000002,63.36,56.64
2023-05-19,0.4499999999999999,12.88,61.919999999999995,51.33
2023-05-20,0.4499999999999999,13.72,54,30.68
2023-05-21,0.48,13.52,55.379999999999995,29.14
2023-05-22,0.36,13.52,63.19,58.28
2023-05-23,0.3,14.3,67.45,60.76
2023-05-24,0.24,12.74,59.64,57.04
2023-05-25,0.18,13.78,60.349999999999994,57.66
2023-05-26,0.24,13.52,71,50.22
2023-05-27,0.18,13.52,53.959999999999994,32.86
2023-05-28,0.15,15.6,51.74999999999999,22.68
2023-05-29,0.2,17.42,54.51,28.080000000000002
2023-05-30,0.3,15.86,64.17,51.300000000000004
2023-05-31,0.2,12.48,64.17,50.760000000000005
2023-06-01,1.3,23.92,44.849999999999994,49.68000000000001
2023-06-02,1.2000000000000002,20.54,39.33,46.980000000000004
2023-06-03,1.1,22.1,37.949999999999996,27.540000000000003
2023-06-04,1.36,23.52,41.54,28.32
2023-06-05,0.96,22.8,42.88,56.64
2023-06-06,0.72,20.88,43.550000000000004,59
2023-06-07,0.72,21.84,45.56,54.87
2023-06-08,0.84,20.4,42.21,52.51
2023-06-09,0.68,20.64,38.190000000000005,51.919999999999995
2023-06-10,0.96,19.44,34.17,31.86
2023-06-11,0.76,21.5,40.81,23.520000000000003
2023-06-12,1,25,53.9,53.2
2023-06-13,1,23.25,55.44,51.52
2023-06-14,1.2,22.25,55.44,50.96000000000001
2023-06-15,0.92,22.5,52.36,49.28
2023-06-16,0.92,22.25,45.43,44.24
2023-06-17,0.96,19,41.58,29.120000000000005
2023-06-18,2.88,18.26,36.92,25.76
2023-06-19,3.24,18.04,46.86,50.96000000000001
2023-06-20,2.6999999999999997,18.7,46.86,50.96000000000001
2023-06-21,2.88,18.26,46.86,50.96000000000001
2023-06-22,6.84,16.06,44.019999999999996,48.720000000000006
2023-06-23,9,18.04,40.47,48.160000000000004
2023-06-24,4.95,17.82,39.05,28.000000000000004
2023-06-25,4.16,22.5,69,25.76
2023-06-26,2.96,22.75,90,49.84
2023-06-27,2.8000000000000003,21.25,97,53.2
2023-06-28,2.56,20,100,49.84
2023-06-29,2.64,22.5,98,47.6
2023-06-30,3.12,21.25,86,49.28
2023-07-01,8,20,95,26.880000000000003
2023-07-02,6.72,21.36,70.98,21.73
2023-07-03,5.92,18.72,67.86,40.81
2023-07-04,6.640000000000001,20.64,62.400000000000006,26.5
2023-07-05,5.04,21.84,71.76,41.870000000000005
2023-07-06,4.88,19.92,74.88,47.7
2023-07-07,4.48,19.44,68.64,48.760000000000005
2023-07-08,6.4,18,56.940000000000005,28.09
2023-07-09,4.14,23.76,73.03999999999999,26.46
2023-07-10,4.62,25.92,77.19,59.85
2023-07-11,2.88,27,83,63
2023-07-12,3.36,26.46,76.36,59.22
2023-07-13,2.88,26.73,80.50999999999999,56.07
2023-07-14,2.76,22.14,70.55,52.92
2023-07-15,2.82,21.87,67.22999999999999,33.39
2023-07-16,2.6399999999999997,21.84,66.4,27.729999999999997
2023-07-17,2.76,21.6,76,54.279999999999994
2023-07-18,4.02,23.28,78.4,57.82
2023-07-19,3.96,19.44,70.4,56.64
2023-07-20,2.22,17.759999999999998,67.2,50.739999999999995
2023-07-21,2.1,17.52,60.800000000000004,48.97
2023-07-22,2.4,18,56,28.91
2023-07-23,1.36,17.25,53.199999999999996,24
2023-07-24,1.4,17.94,56,55.8
2023-07-25,1.44,17.94,58.8,58.199999999999996
2023-07-26,1.12,20.47,61.599999999999994,57
2023-07-27,1.24,17.94,55.3,55.199999999999996
2023-07-28,1.44,19.09,51.8,48.6
2023-07-29,1.4,17.48,56,31.2
2023-07-30,1.17,18.96,50.25,24.779999999999998
2023-07-31,0.87,19.68,54.27,53.69
2023-08-01,1.5,22.32,58.290000000000006,53.099999999999994
2023-08-02,1.62,23.76,51.59,51.33
2023-08-03,1.56,21.6,67,50.739999999999995
2023-08-04,1.3199999999999998,22.56,52.93,47.79
2023-08-05,1.35,21.84,43.550000000000004,30.09
2023-08-06,1.56,24.25,50.32,26.23
2023-08-07,1.41,21,59.160000000000004,54.29
2023-08-08,1.47,22.75,60.52,61
2023-08-09,1.44,20.25,55.080000000000005,59.78
2023-08-10,1.47,22.5,53.720000000000006,56.73
2023-08-11,1.44,22,51.00000000000001,50.629999999999995
2023-08-12,1.92,19.75,46.92,30.5
2023-08-13,2.4000000000000004,22.8,44.73,26.84
2023-08-14,2.45,23.04,50.4,55.51
2023-08-15,2.5,24,50.4,56.12
2023-08-16,3.1500000000000004,22.32,49.14,57.949999999999996
2023-08-17,5,21.36,46.62,52.46
2023-08-18,3.8,20.64,46.62,46.97
2023-08-19,3.9,19.68,42.21,31.72
2023-08-20,2.32,18.04,47.199999999999996,24.36
2023-08-21,1.84,18.26,42.48,51.04
2023-08-22,2.8000000000000003,18.26,41.89,51.04
2023-08-23,2.28,19.36,41.3,54.519999999999996
2023-08-24,2.28,20.24,40.71,49.879999999999995
2023-08-25,1.88,20.46,38.94,46.98
2023-08-26,2,18.04,35.4,26.68
2023-08-27,2.32,22.31,38.35,24.64
2023-08-28,1.96,19.78,42.48,47.040000000000006
2023-08-29,1.76,22.31,42.48,48.720000000000006
2023-08-30,1.96,21.62,43.07,50.96000000000001
2023-08-31,1.64,18.86,42.48,47.6
2023-09-01,2.92,15.87,27.729999999999997,44.800000000000004
2023-09-02,3.28,16.330000000000002,25.369999999999997,30.800000000000004
2023-09-03,2,19.68,28.16,24.939999999999998
2023-09-04,2.28,24,32.64,32.48
2023-09-05,2.08,18.24,64,55.67999999999999
2023-09-06,2.56,15.12,44.800000000000004,55.099999999999994
2023-09-07,2.88,14.16,32,53.36
2023-09-08,2.88,13.44,33.92,49.3
2023-09-09,2.44,11.76,30.72,30.74
2023-09-10,2.36,13.02,30.68,25.8
2023-09-11,2.28,13.02,31.86,55.199999999999996
2023-09-12,2.04,13.65,30.09,55.8
2023-09-13,2.12,13.02,30.68,59.4
2023-09-14,2.36,14.07,28.91,57.599999999999994
2023-09-15,4,12.81,28.32,51
2023-09-16,3.04,12.81,25.959999999999997,33.6
2023-09-17,2.88,14.96,28.999999999999996,26.04
2023-09-18,2.44,15.18,28.999999999999996,54.56
2023-09-19,2.16,13.86,30.159999999999997,62
2023-09-20,2.6,14.52,28.999999999999996,60.14
2023-09-21,3.12,13.2,28.419999999999998,57.04
2023-09-22,3.2,14.96,27.839999999999996,53.32
2023-09-23,2.68,14.74,27.839999999999996,35.96
2023-09-24,2.64,14.96,27.259999999999998,26.66
2023-09-25,2.4,13.64,29.58,58.28
2023-09-26,2.64,13.86,28.999999999999996,58.9
2023-09-27,3.4,14.52,28.999999999999996,59.519999999999996
2023-09-28,3.12,12.76,28.999999999999996,60.14
2023-09-29,3.16,14.52,27.839999999999996,57.66
2023-09-30,3.3200000000000003,13.2,24.939999999999998,39.06
2023-10-01,0.7000000000000001,16.38,48.13999999999999,29.7
2023-10-02,0.9,16.169999999999998,56.26,62.1
2023-10-03,0.65,16.169999999999998,57.419999999999995,58.5
2023-10-04,0.65,15.96,55.099999999999994,90
2023-10-05,0.95,15.75,57.99999999999999,76.5
2023-10-06,0.75,16.38,46.98,58.5
2023-10-07,0.95,16.8,49.879999999999995,29.7
2023-10-08,4.5,20.01,52.64000000000001,17.82
2023-10-09,1.62,21.62,54.88,36.96
2023-10-10,1.7999999999999998,23,52.64000000000001,36.300000000000004
2023-10-11,1.62,21.62,50.96000000000001,34.980000000000004
2023-10-12,1.26,18.630000000000003,49.84,34.32
2023-10-13,1.53,18.630000000000003,45.92,34.32
2023-10-14,4.2299999999999995,17.25,45.92,21.78
2023-10-15,2.1,18.7,49.879999999999995,15.6
2023-10-16,3.4000000000000004,18.48,54.519999999999996,30.599999999999998
2023-10-17,2,17.6,56.26,31.799999999999997
2023-10-18,1.9,18.26,52.199999999999996,30
2023-10-19,4.2,16.94,51.62,28.2
2023-10-20,2.1,14.3,51.62,26.4
2023-10-21,4.4,16.94,46.4,17.4
2023-10-22,3.52,18.04,45.760000000000005,13.68
2023-10-23,3.04,16.72,46.800000000000004,27.929999999999996
2023-10-24,5.12,18.04,48.36,27.929999999999996
2023-10-25,16,17.6,45.760000000000005,27.36
2023-10-26,3.68,15.62,47.32,26.79
2023-10-27,4.64,16.28,45.24,24.509999999999998
2023-10-28,10.56,16.06,41.08,14.249999999999998
2023-10-29,7.22,19.92,42.400000000000006,12.81
2023-10-30,10.64,22.08,47.7,28.06
2023-10-31,11.02,20.64,45.580000000000005,29.89
2023-11-01,6.84,3.12,40.28,53.68
2023-11-02,15.58,3.5999999999999996,39.22,54.9
2023-11-03,7.79,3.5999999999999996,37.63,57.949999999999996
2023-11-04,19,3.5999999999999996,34.980000000000004,34.769999999999996
2023-11-05,9.69,4.64,38.690000000000005,29.4
2023-11-06,10.54,4.64,40.81,57
2023-11-07,10.54,4.35,42.400000000000006,60
2023-11-08,5.95,4.64,38.690000000000005,49.8
2023-11-09,12.58,4.64,40.81,53.4
2023-11-10,5.61,5.22,36.57,52.8
2023-11-11,8.84,6.67,35.510000000000005,30.599999999999998
2023-11-12,16.400000000000002,7.699999999999999,35.36,24.080000000000002
2023-11-13,12.4,6.3,38.480000000000004,45.36000000000001
2023-11-14,6.6000000000000005,6.3,40.04,53.760000000000005
2023-11-15,19.200000000000003,6.6499999999999995,37.96,48.720000000000006
2023-11-16,9,6.3,35.36,48.720000000000006
2023-11-17,13.2,7.699999999999999,34.32,40.88
2023-11-18,7.800000000000001,8.399999999999999,36.4,28.560000000000002
2023-11-19,13.43,21.12,36.4,18.49
2023-11-20,4.930000000000001,22.88,40.56,33.97
2023-11-21,10.37,26.4,41.6,33.54
2023-11-22,4.760000000000001,32.56,41.08,33.54
2023-11-23,13.260000000000002,51.04,30.16,18.49
2023-11-24,4.760000000000001,88,34.84,22.79
2023-11-25,12.750000000000002,70.4,34.32,18.06
2023-11-26,3.5000000000000004,45.82,41.61,22.14
2023-11-27,3.3600000000000003,64.78,46.169999999999995,46.440000000000005
2023-11-28,4.2,53.72,56.99999999999999,49.14
2023-11-29,11.340000000000002,26.07,48.449999999999996,49.68000000000001
2023-11-30,3.78,22.91,41.04,46.440000000000005
2023-12-01,8.540000000000001,79,46.739999999999995,51.300000000000004
2023-12-02,8.680000000000001,70.31,45.029999999999994,30.78
2023-12-03,4.18,41.58,42.84,27.929999999999996
2023-12-04,2.53,39.48,46.92,56.42999999999999
2023-12-05,2.97,39.9,46.410000000000004,56.99999999999999
2023-12-06,2.97,33.6,45.39,56.99999999999999
2023-12-07,6.2700000000000005,34.019999999999996,44.88,55.28999999999999
2023-12-08,3.19,31.08,42.33,49.589999999999996
2023-12-09,7.37,32.76,40.8,33.059999999999995
2023-12-10,3.36,30.6,45.9,26.46
2023-12-11,2.52,32.76,43.35,47.52
2023-12-12,3.36,31.32,47.43,50.220000000000006
2023-12-13,9.12,26.28,44.88,51.84
2023-12-14,4.68,27.36,44.88,51.300000000000004
2023-12-15,7.08,26.28,42.84,50.220000000000006
2023-12-16,3.72,25.2,44.37,31.860000000000003
2023-12-17,10.37,20.44,49.29,22.95
2023-12-18,9.69,18.48,46.64,43.35
2023-12-19,5.1000000000000005,17.64,45.580000000000005,49.980000000000004
2023-12-20,15.81,16.8,51.410000000000004,46.410000000000004
2023-12-21,5.44,15.96,46.11,44.37
2023-12-22,6.800000000000001,14.28,44.52,44.37
2023-12-23,16.66,14.28,43.46,26.01
2023-12-24,10.35,11.76,40.04,17.759999999999998
2023-12-25,15,10.8,36.92,16.8
2023-12-26,5.1,14.16,46.28,40.32
2023-12-27,4.35,14.64,52,46.08
2023-12-28,4.5,12.96,50.440000000000005,48
2023-12-29,9.9,12.96,50.440000000000005,45.12
2023-12-30,4.95,12.24,44.72,30.72
2023-12-31,7.949999999999999,11.04,53.76,28.32
2024-01-01,3.4499999999999997,21.16,35.2,27.729999999999997
2024-01-02,4.35,18.86,42.88,56.05
2024-01-03,9,23,46.72,59
2024-01-04,4.5,20.01,46.08,58.41
2024-01-05,12.15,19.55,42.24,50.15
2024-01-06,9.75,17.25,42.88,31.27
2024-01-07,3.5999999999999996,20.24,49.699999999999996,24.599999999999998
2024-01-08,5.76,18.86,58.22,52.199999999999996
2024-01-09,2.88,17.71,59.64,52.8
2024-01-10,3.48,20.24,54.669999999999995,52.199999999999996
2024-01-11,7.92,19.32,56.089999999999996,49.8
2024-01-12,4.2,17.94,54.669999999999995,46.8
2024-01-13,7.319999999999999,17.25,50.41,29.4
2024-01-14,7.000000000000001,20.24,48.1,20.900000000000002
2024-01-15,4.2,17.82,58.46,31.900000000000002
2024-01-16,6.300000000000001,17.38,59.2,46.75000000000001
2024-01-17,7.840000000000001,16.94,55.5,47.300000000000004
2024-01-18,8.82,17.82,55.5,47.300000000000004
2024-01-19,5.040000000000001,17.82,64.38,41.25
2024-01-20,4.9,16.72,74,30.800000000000004
2024-01-21,3.12,19.11,61.2,23.779999999999998
2024-01-22,3,18.69,62.56,46.98
2024-01-23,3.24,17.009999999999998,55.760000000000005,50.459999999999994
2024-01-24,3.5999999999999996,14.7,51.68000000000001,49.879999999999995
2024-01-25,8.16,17.009999999999998,44.88,47.559999999999995
2024-01-26,8.28,16.59,40.120000000000005,44.08
2024-01-27,3.96,15.96,37.400000000000006,29.58
2024-01-28,14.000000000000002,17.16,34.769999999999996,23.599999999999998
2024-01-29,3.08,18.7,35.339999999999996,46.61
2024-01-30,3.640000000000001,17.16,36.48,53.69
2024-01-31,8.82,16.94,34.769999999999996,51.33
2024-02-01,3.5000000000000004,13.86,53.01,54.87
2024-02-02,3.3600000000000003,13.42,48.449999999999996,50.739999999999995
2024-02-03,8.260000000000002,14.3,56.99999999999999,38.94
2024-02-04,12.32,12.4,53.099999999999994,28.560000000000002
2024-02-05,4.16,13.2,53.099999999999994,50.400000000000006
2024-02-06,7.68,11.4,53.69,56.00000000000001
2024-02-07,5.12,14.2,53.69,47.6
2024-02-08,12.16,13,51.919999999999995,47.040000000000006
2024-02-09,10.72,13.2,52.51,47.040000000000006
2024-02-10,5.92,12.2,49.559999999999995,30.800000000000004
2024-02-11,21,15.87,45.92,22.790000000000003
2024-02-12,6.09,16.1,45.36000000000001,41.34
2024-02-13,14.28,17.25,53.2,45.580000000000005
2024-02-14,7.77,15.41,47.6,44.52
2024-02-15,18.69,17.94,47.6,45.050000000000004
2024-02-16,19.11,17.94,49.28,45.580000000000005
2024-02-17,5.46,18.630000000000003,48.160000000000004,32.33
2024-02-18,2.52,22,55.51,24.3
2024-02-19,2.4,25,61,39.42
2024-02-20,2.04,22.5,56.73,47.52
2024-02-21,2.52,17.5,58.56,52.38
2024-02-22,3,17.75,55.51,47.52
2024-02-23,8.76,17.5,53.07,48.06
2024-02-24,9.72,18.5,54.29,30.240000000000002
2024-02-25,8.28,15.4,50.16,25.52
2024-02-26,12.06,16.5,51.3,52.779999999999994
2024-02-27,5.22,16.94,55.28999999999999,55.67999999999999
2024-02-28,10.08,14.52,54.15,56.839999999999996
2024-02-29,6.66,16.28,52.44,53.36
2024-03-01,11.88,16.06,37.62,52.199999999999996
2024-03-02,11.52,17.16,37.05,31.9
2024-03-03,17.67,19.32,47.52,28.560000000000002
2024-03-04,9.5,17.94,47.52,50.96000000000001
2024-03-05,4.5600000000000005,19.09,48.84,56.00000000000001
2024-03-06,5.13,17.94,48.18,53.760000000000005
2024-03-07,13.3,17.71,50.160000000000004,49.84
2024-03-08,11.59,17.25,56.760000000000005,48.160000000000004
2024-03-09,6.08,19.09,60.06,31.92
2024-03-10,8.96,20.93,57.120000000000005,24.96
2024-03-11,3.92,16.1,55.080000000000005,47.84
2024-03-12,7.280000000000001,17.25,53.040000000000006,49.92
2024-03-13,4.0600000000000005,18.17,53.720000000000006,49.92
2024-03-14,6.86,17.94,52.36000000000001,44.2
2024-03-15,2.66,18.17,48.28,42.64
2024-03-16,3.92,17.25,53.720000000000006,31.720000000000002
2024-03-17,18,25,54.019999999999996,23.85
2024-03-18,5.22,22.75,64.24,49.29
2024-03-19,11.16,20.5,73,50.35
2024-03-20,4.14,20.75,61.32,50.88
2024-03-21,9.36,19.5,54.019999999999996,47.17
2024-03-22,4.5,19.75,50.37,42.93
2024-03-23,10.26,18.5,48.91,29.150000000000002
2024-03-24,6.3,19.14,49.14,25.970000000000002
2024-03-25,8.1,16.5,57.96,47.17
2024-03-26,5.58,16.72,46.62,49.29
2024-03-27,11.52,15.84,47.88,47.7
2024-03-28,13.14,16.72,43.47,47.7
2024-03-29,6.3,16.06,39.06,41.34
2024-03-30,9.54,17.38,49.77,29.150000000000002
2024-03-31,6.66,17.94,58.9,23.650000000000002
2024-04-01,5.58,22.77,62,50.050000000000004
2024-04-02,3.24,21.16,48.98,46.75000000000001
2024-04-03,6.84,21.39,52.7,51.150000000000006
2024-04-04,3.5999999999999996,19.55,48.98,47.300000000000004
2024-04-05,7.199999999999999,22.08,48.98,45.650000000000006
2024-04-06,7.02,22.31,45.88,29.150000000000002
2024-04-07,4.84,20.46,40.7,24.380000000000003
2024-04-08,7.48,16.5,44,42.93
2024-04-09,3.74,19.58,44.550000000000004,46.64
2024-04-10,11,18.92,46.75000000000001,47.17
2024-04-11,4.84,22,41.800000000000004,45.050000000000004
2024-04-12,10.34,19.8,44.550000000000004,41.870000000000005
2024-04-13,11.66,20.68,38.5,26.5
2024-04-14,8.61,19.53,47.559999999999995,24.3
2024-04-15,4.41,20.16,45.82,44.82
2024-04-16,4.62,20.37,46.98,49.68000000000001
2024-04-17,21,17.009999999999998,50.459999999999994,45.900000000000006
2024-04-18,3.99,15.12,48.72,46.440000000000005
2024-04-19,2.31,16.8,42.919999999999995,42.660000000000004
2024-04-20,2.52,18.48,44.66,27.540000000000003
2024-04-21,0.5,19.32,51.03,23.650000000000002
2024-04-22,0.4,19.11,63,48.400000000000006
2024-04-23,0.45,18.69,56.07,55.00000000000001
2024-04-24,0.35,17.43,52.29,46.75000000000001
2024-04-25,0.35,18.48,48.51,46.2
2024-04-26,0.35,17.64,46.62,42.35
2024-04-27,0.35,18.9,45.36,30.250000000000004
2024-04-28,0.36,21.36,39.6,25.3
2024-04-29,0.32,22.8,40.150000000000006,47.300000000000004
2024-04-30,0.36,22.8,45.1,54.45
2024-05-01,3.6,10.08,42.35,54.45
2024-05-02,3.64,9.84,40.150000000000006,48.400000000000006
2024-05-03,3.52,9.36,41.25,46.2
2024-05-04,3.72,9.12,36.85,29.700000000000003
2024-05-05,2.82,14.7,45.36,23.85
2024-05-06,2.34,19.6,52.29,43.46
2024-05-07,2.61,35,47.25,45.580000000000005
2024-05-08,3,21,47.25,49.82
2024-05-09,2.4299999999999997,16.099999999999998,49.14,43.46
2024-05-10,2.13,15.4,52.92,40.81
2024-05-11,2.55,15.4,52.92,26.5
2024-05-12,2.46,13.5,44.73,22.68
2024-05-13,2.76,14.31,51.03,47.52
2024-05-14,2.67,12.96,51.660000000000004,49.68000000000001
2024-05-15,2.58,12.69,54.81,46.440000000000005
2024-05-16,2.31,9.99,51.03,45.36
2024-05-17,2.19,9.45,48.51,44.82
2024-05-18,1.98,9.99,44.73,29.160000000000004
2024-05-19,2.76,11.07,48.64,26.880000000000003
2024-05-20,2.6999999999999997,10.53,51.84,50.96000000000001
2024-05-21,2.34,11.88,53.120000000000005,52.080000000000005
2024-05-22,1.98,11.61,49.28,48.720000000000006
2024-05-23,2.1,10.8,51.2,50.400000000000006
2024-05-24,1.92,12.15,51.2,49.28
2024-05-25,2.31,13.23,46.08,33.040000000000006
2024-05-26,2.37,13,47.52,26.320000000000004
2024-05-27,2.58,14.3,54.120000000000005,30.240000000000002
2024-05-28,2.52,11.96,62.040000000000006,53.2
2024-05-29,2.58,9.1,66,56.00000000000001
2024-05-30,1.95,9.62,55.440000000000005,52.080000000000005
2024-05-31,2.22,8.84,49.5,47.040000000000006
2024-06-01,0.72,23.14,40.260000000000005,30.240000000000002
2024-06-02,0.6599999999999999,22.31,46.36,24.509999999999998
2024-06-03,0.63,21.85,59.28,56.99999999999999
2024-06-04,0.6599999999999999,22.08,75.24,49.019999999999996
2024-06-05,0.6,22.08,76,49.019999999999996
2024-06-06,0.75,21.16,53.2,47.309999999999995
2024-06-07,0.69,20.24,44.84,46.739999999999995
2024-06-08,0.57,22.540000000000003,41.8,26.79
2024-06-09,0.75,24,39.6,23.1
2024-06-10,0.75,23.76,40.260000000000005,46.75000000000001
2024-06-11,0.57,24,41.580000000000005,47.85
2024-06-12,0.6599999999999999,22.32,44.88,45.1
2024-06-13,0.75,23.04,42.24,45.650000000000006
2024-06-14,0.63,19.92,40.92,40.7
2024-06-15,0.8099999999999999,21.36,38.940000000000005,25.3
2024-06-16,0.6,20.93,34.8,23.1
2024-06-17,0.69,21.16,40.8,47.85
2024-06-18,1.08,21.39,39,45.650000000000006
2024-06-19,0.75,20.7,39.6,45.650000000000006
2024-06-20,0.78,18.4,38.4,42.900000000000006
2024-06-21,0.8099999999999999,21.85,36,41.800000000000004
2024-06-22,0.87,20.24,37.8,25.85
2024-06-23,2.03,22.31,44.22,24.189999999999998
2024-06-24,2.03,20.7,40.92,51.33
2024-06-25,2.24,22.08,42.9,50.739999999999995
2024-06-26,3.01,20.01,41.580000000000005,50.739999999999995
2024-06-27,7.000000000000001,20.24,40.92,47.199999999999996
2024-06-28,4.62,19.55,41.580000000000005,50.15
2024-06-29,4.340000000000001,21.62,43.56,30.09
2024-06-30,10.32,25,39.06,22.36
2024-07-01,12,18,31.62,47.84
2024-07-02,9.84,20.25,31,47.84
2024-07-03,9.24,19.5,29.14,45.760000000000005
2024-07-04,8.04,19.5,26.04,27.560000000000002
2024-07-05,7.319999999999999,19.5,26.04,39.52
2024-07-06,7.56,18.5,26.66,27.04
2024-07-07,3.36,18.86,35,26.68
2024-07-08,2.52,17.02,37.8,56.26
2024-07-09,2.22,16.79,39.9,57.99999999999999
2024-07-10,2.16,19.09,43.4,53.94
2024-07-11,2.22,16.79,35.699999999999996,50.459999999999994
2024-07-12,1.7999999999999998,17.94,35,54.519999999999996
2024-07-13,1.74,16.330000000000002,30.799999999999997,31.319999999999997
2024-07-14,1.3,14.88,33.54,25.200000000000003
2024-07-15,1.4500000000000002,20.88,37.44,48.720000000000006
2024-07-16,1.6,24,40.56,52.64000000000001
2024-07-17,1.7000000000000002,23.04,47.58,55.440000000000005
2024-07-18,1.35,19.68,42.120000000000005,48.720000000000006
2024-07-19,1.4500000000000002,16.8,78,48.720000000000006
2024-07-20,1.6,19.2,48.36,29.680000000000003
2024-07-21,1.16,17.48,34.980000000000004,28.499999999999996
2024-07-22,1.04,15.64,37.620000000000005,52.44
2024-07-23,0.96,16.79,36.96,56.42999999999999
2024-07-24,0.92,17.48,32.34,56.42999999999999
2024-07-25,0.8,17.02,31.020000000000003,51.87
2024-07-26,0.84,15.18,29.040000000000003,49.589999999999996
2024-07-27,0.84,14.95,24.42,29.069999999999997
2024-07-28,0.6599999999999999,16.79,26.240000000000002,29.759999999999998
2024-07-29,0.54,17.02,32,58.9
2024-07-30,0.69,18.86,31.36,62
2024-07-31,0.57,16.330000000000002,28.8,59.519999999999996
2024-08-01,1.5,18.4,50.56,47.74
2024-08-02,1.65,18.17,56.96,47.12
2024-08-03,1.62,16.330000000000002,56.96,29.14
2024-08-04,1.68,20.5,63,24.509999999999998
2024-08-05,1.5,20.5,52.92,45.029999999999994
2024-08-06,1.44,21.5,52.92,41.04
2024-08-07,1.65,19,53.55,42.74999999999999
2024-08-08,1.83,20.25,47.88,39.9
2024-08-09,1.65,22.75,48.51,40.47
2024-08-10,3,22,40.95,24.509999999999998
2024-08-11,3.6,23.25,38.64,19.95
2024-08-12,2.32,25,44.24,46.169999999999995
2024-08-13,2.68,23.75,43.68000000000001,47.309999999999995
2024-08-14,2.36,22.75,45.92,44.459999999999994
2024-08-15,2.68,24,40.88,41.04
2024-08-16,3.16,21.25,41.440000000000005,39.9
2024-08-17,2.68,20.25,39.760000000000005,24.509999999999998
2024-08-18,3.36,18.72,49.6,23.31
2024-08-19,2.68,20.16,52.08,49.77
2024-08-20,3.28,20.4,52.7,63
2024-08-21,2.76,18.72,48.36,53.55
2024-08-22,2.56,21.36,47.12,44.73
2024-08-23,2.16,19.44,44.02,45.99
2024-08-24,2.8000000000000003,21.119999999999997,40.92,27.72
2024-08-25,1.83,22.8,45,24.599999999999998
2024-08-26,1.71,20.88,45.6,46.8
2024-08-27,1.74,21.119999999999997,48,46.199999999999996
2024-08-28,1.59,20.16,48,46.199999999999996
2024-08-29,1.92,21.119999999999997,46.199999999999996,46.199999999999996
2024-08-30,1.74,22.08,48,45.6
2024-08-31,1.47,22.32,40.199999999999996,27
2024-09-01,1.02,20.75,47.32,24.750000000000004
2024-09-02,0.8999999999999999,25,48.88,30.800000000000004
2024-09-03,1.11,19.75,48.36,55.00000000000001
2024-09-04,0.87,17,50.440000000000005,52.800000000000004
2024-09-05,1.02,13.75,49.92,50.050000000000004
2024-09-06,0.8999999999999999,15.5,45.760000000000005,45.650000000000006
2024-09-07,1.11,15.25,42.120000000000005,28.6
2024-09-08,0.58,15.25,47.7,27.729999999999997
2024-09-09,0.58,13.5,50.35,57.82
2024-09-10,0.6,14.25,48.760000000000005,50.739999999999995
2024-09-11,0.58,13.5,46.11,54.87
2024-09-12,0.54,15.5,46.64,54.279999999999994
2024-09-13,0.58,16,46.64,54.279999999999994
2024-09-14,0.68,16.5,45.050000000000004,34.809999999999995
2024-09-15,1.08,13.23,42.400000000000006,23.939999999999998
2024-09-16,1.05,14.07,47.7,54.15
2024-09-17,0.93,14.49,51.410000000000004,55.28999999999999
2024-09-18,0.93,13.44,51.410000000000004,54.72
2024-09-19,1.14,12.39,49.29,48.449999999999996
2024-09-20,0.93,12.81,48.230000000000004,47.879999999999995
2024-09-21,0.93,12.81,42.93,28.499999999999996
2024-09-22,1.04,14.28,44.52,23.92
2024-09-23,1.04,13.65,51.410000000000004,48.36
2024-09-24,1.12,12.81,53,47.84
2024-09-25,1.52,12.6,51.410000000000004,50.440000000000005
2024-09-26,1.48,11.76,51.410000000000004,42.120000000000005
2024-09-27,4,11.34,49.82,39.52
2024-09-28,2.52,11.76,42.93,26
2024-09-29,1.88,13,43,26.099999999999998
2024-09-30,1.48,10.8,42,52.779999999999994
2024-10-01,0.64,13.2,44,53.94
2024-10-02,0.6,14.6,46.5,57.419999999999995
2024-10-03,0.56,15.2,44.5,57.99999999999999
2024-10-04,0.64,16,45,52.199999999999996
2024-10-05,1.12,14.4,42,34.8
2024-10-06,3.1500000000000004,18.96,47.519999999999996,26.950000000000003
2024-10-07,1.2600000000000002,23.52,47.519999999999996,47.85
2024-10-08,1.12,22.08,43.68,52.25000000000001
2024-10-09,1.2600000000000002,24,42.239999999999995,48.400000000000006
2024-10-10,3.22,21.84,41.76,48.95
2024-10-11,1.7500000000000002,18.24,45.12,47.300000000000004
2024-10-12,3.71,17.04,44.16,30.800000000000004
2024-10-13,2.16,15.8,42,24.200000000000003
2024-10-14,2.88,16.2,48.5,51.7
2024-10-15,1.92,16.400000000000002,46.5,54.45
2024-10-16,5.6000000000000005,15,49.5,51.150000000000006
2024-10-17,1.92,14,48,50.050000000000004
2024-10-18,1.92,12.8,47.5,45.650000000000006
2024-10-19,3.84,13.4,42.5,31.35
2024-10-20,2.31,15.96,38.4,24.91
2024-10-21,2.75,15.54,48,47.7
2024-10-22,2.64,15.54,45.12,50.88
2024-10-23,3.85,16.38,44.16,46.64
2024-10-24,11,14.49,43.199999999999996,43.46
2024-10-25,4.18,16.169999999999998,43.68,43.99
2024-10-26,9.13,15.75,36,25.970000000000002
2024-10-27,6.580000000000001,16.6,38.18,24.380000000000003
2024-10-28,11.2,14.6,41.86,47.7
2024-10-29,5.32,15.8,44.620000000000005,46.11
2024-10-30,12.6,14,44.620000000000005,46.64
2024-10-31,10.64,14.4,41.4,42.93
2024-11-01,2.9400000000000004,2.6,37.72,47.7
2024-11-02,3.640000000000001,2.8000000000000003,35.42,31.8
2024-11-03,8.32,3.36,38.25,27.03
2024-11-04,3.52,3.12,39.15,51
2024-11-05,6.08,3.36,39.15,46.410000000000004
2024-11-06,2.72,2.4,27.900000000000002,34.68
2024-11-07,10.88,3.5999999999999996,38.7,47.43
2024-11-08,4.48,3.5999999999999996,40.5,47.43
2024-11-09,9.76,4.32,37.800000000000004,30.6
2024-11-10,3.78,5.89,37.92,23.97
2024-11-11,8.1,6.82,48,47.43
2024-11-12,4.859999999999999,6.82,41.76,49.47
2024-11-13,18,5.89,40.8,48.96
2024-11-14,4.859999999999999,6.2,40.32,45.9
2024-11-15,3.78,5.89,41.28,45.9
2024-11-16,10.62,5.58,36,27.54
2024-11-17,3.5000000000000004,9.2,46.5,29.160000000000004
2024-11-18,3.3600000000000003,8.4,44,49.14
2024-11-19,6.580000000000001,8.4,43.5,51.300000000000004
2024-11-20,3.22,8.8,43.5,50.220000000000006
2024-11-21,6.580000000000001,9.6,45,48.6
2024-11-22,3.3600000000000003,10.4,45,46.440000000000005
2024-11-23,7.840000000000001,11.2,45,29.700000000000003
2024-11-24,5.52,26.35,40.8,17.1
2024-11-25,2.04,27.2,44.16,33.44
2024-11-26,4.8,29.75,45.12,32.68
2024-11-27,2.52,30.6,42.239999999999995,29.64
2024-11-28,5.76,43.35,33.6,17.86
2024-11-29,1.7999999999999998,85,40.32,22.42
2024-11-30,2.4,65.45,41.76,19
2024-12-01,6.5,50.32,43.120000000000005,25.76
2024-12-02,2.8600000000000003,68,45.92,48.720000000000006
2024-12-03,3.12,57.8,56.00000000000001,56.00000000000001
2024-12-04,6.76,28.56,45.92,54.88
2024-12-05,2.47,21.08,40.32000000000001,53.2
2024-12-06,6.63,21.08,36.96,51.52
2024-12-07,8.19,23.8,36.96,34.720000000000006
2024-12-08,2.53,11.22,31.28,24.380000000000003
2024-12-09,5.06,10.89,34.04,46.11
2024-12-10,2.53,10.56,32.660000000000004,47.17
2024-12-11,3.19,9.57,32.660000000000004,47.17
2024-12-12,9.02,9.9,33.58,46.64
2024-12-13,2.2,9.57,31.740000000000002,46.11
2024-12-14,2.86,9.9,33.120000000000005,30.740000000000002
2024-12-15,3.63,8.4,36.4,25.44
2024-12-16,6.05,8.120000000000001,40.04,43.99
2024-12-17,2.42,7.56,39.52,48.760000000000005
2024-12-18,2.31,7.000000000000001,39,46.11
2024-12-19,2.64,7.000000000000001,40.04,46.64
2024-12-20,6.82,5.6000000000000005,41.6,45.050000000000004
2024-12-21,2.86,6.16,39,27.560000000000002
2024-12-22,7.65,5.04,39.22,16.28
2024-12-23,3.15,5.279999999999999,40.81,29.6
2024-12-24,6.6,4.56,39.75,26.64
2024-12-25,5.1,3.84,36.04,14.8
2024-12-26,15,6.24,51.410000000000004,27.009999999999998
2024-12-27,3.4499999999999997,5.76,44.52,31.08
2024-12-28,7.199999999999999,4.56,41.34,22.2
2024-12-29,5.28,4.83,49.84,31.35
2024-12-30,2.53,4.83,47.040000000000006,50.050000000000004
2024-12-31,5.06,4.6000000000000005,44.24,50.6
2025-01-01,3.41,19.78,40.88,31.35
2025-01-02,4.18,22.31,45.92,50.6
2025-01-03,8.14,22.540000000000003,47.6,51.7
2025-01-04,5.06,19.55,44.24,34.650000000000006
2025-01-05,8.69,21,54.27,27.729999999999997
2025-01-06,6.49,20.16,60.970000000000006,57.82
2025-01-07,3.52,17.849999999999998,59.63,55.459999999999994
2025-01-08,6.6,17.22,52.93,54.87
2025-01-09,4.18,17.64,52.93,47.199999999999996
2025-01-10,6.49,17.64,55.61000000000001,46.61
2025-01-11,5.72,18.48,54.940000000000005,32.449999999999996
2025-01-12,2.32,18.2,43.120000000000005,27.44
2025-01-13,2.32,17.400000000000002,44.800000000000004,50.96000000000001
2025-01-14,3.92,16.6,43.68000000000001,56.00000000000001
2025-01-15,2.32,17.8,45.36000000000001,53.2
2025-01-16,5.92,16,44.800000000000004,48.720000000000006
2025-01-17,2.64,17,40.88,45.92
2025-01-18,3.28,16.8,35.84,30.800000000000004
2025-01-19,6.4,18,39.2,21.93
2025-01-20,5,19.6,44.24,30.09
2025-01-21,3.9,18.2,41.440000000000005,42.84
2025-01-22,3,15.4,48.160000000000004,45.39
2025-01-23,6.800000000000001,17,41.440000000000005,44.88
2025-01-24,5.4,15.4,38.080000000000005,39.78
2025-01-25,4.1000000000000005,14.8,56.00000000000001,27.54
2025-01-26,13,17.1,53.760000000000005,24.3
2025-01-27,4.29,15.2,41.440000000000005,42.660000000000004
2025-01-28,4.8100000000000005,14.25,41.440000000000005,50.220000000000006
2025-01-29,8.32,14.44,40.32000000000001,45.36
2025-01-30,10.92,14.25,44.24,43.74
2025-01-31,5.33,15.01,39.760000000000005,45.900000000000006
2025-02-01,6.24,12.35,36.96,30.78
2025-02-02,6.2700000000000005,13.11,52.080000000000005,29.120000000000005
2025-02-03,6.65,12.73,56.00000000000001,52.64000000000001
2025-02-04,10.45,12.92,46.480000000000004,51.52
2025-02-05,8.55,12.73,40.32000000000001,49.28
2025-02-06,19,14.25,43.68000000000001,48.160000000000004
2025-02-07,14.25,13.49,42.00000000000001,45.36000000000001
2025-02-08,7.03,12.35,41.440000000000005,32.480000000000004
2025-02-09,16.56,14.4,38.5,21.42
2025-02-10,5.3999999999999995,14,37.400000000000006,41.31
2025-02-11,11.88,15.2,42.35,42.33
2025-02-12,5.58,13,41.800000000000004,44.88
2025-02-13,14.22,14,45.1,41.82
2025-02-14,10.8,15.2,41.800000000000004,38.76
2025-02-15,3.78,20,42.35,28.560000000000002
2025-02-16,1.52,21.34,48.95,26.950000000000003
2025-02-17,1.6,20.02,47.300000000000004,45.1
2025-02-18,1.36,19.8,47.85,55.00000000000001
2025-02-19,1.36,17.16,44,49.50000000000001
2025-02-20,1.68,15.84,44,47.300000000000004
2025-02-21,2.16,15.84,41.25,50.050000000000004
2025-02-22,4.96,16.06,35.2,31.35
2025-02-23,11.9,18.2,37.63,25.44
2025-02-24,6.800000000000001,16.2,39.22,46.64
2025-02-25,5.2700000000000005,14.8,42.93,46.11
2025-02-26,9.69,15.2,42.93,47.17
2025-02-27,5.61,13.4,38.690000000000005,46.64
2025-02-28,15.47,14,37.1,42.400000000000006
2025-03-01,6.12,16.2,39.75,31.270000000000003
2025-03-02,13.6,17,44.550000000000004,28.09
2025-03-03,4.6000000000000005,14.4,52.800000000000004,48.230000000000004
2025-03-04,10.2,13.8,46.75000000000001,49.29
2025-03-05,11.4,15,49.50000000000001,46.11
2025-03-06,5.6000000000000005,14.4,47.85,49.82
2025-03-07,13.8,14.6,44.550000000000004,45.580000000000005
2025-03-08,6.4,16.2,43.45,29.68
2025-03-09,14.4,18.2,45.1,27.500000000000004
2025-03-10,4.859999999999999,14.2,46.75000000000001,50.6
2025-03-11,9.72,14.6,52.25000000000001,53.35
2025-03-12,3.96,14.8,50.6,52.25000000000001
2025-03-13,5.58,14.4,51.7,49.50000000000001
2025-03-14,12.06,13.4,44.550000000000004,48.400000000000006
2025-03-15,6.12,13.6,47.85,34.1
2025-03-16,21,22,56.99999999999999,27.500000000000004
2025-03-17,6.51,17.16,51.87,51.7
2025-03-18,12.81,18.48,48.449999999999996,53.900000000000006
2025-03-19,12.18,18.04,54.15,53.900000000000006
2025-03-20,6.3,17.16,54.15,52.25000000000001
2025-03-21,10.92,16.06,50.16,46.2
2025-03-22,7.35,15.18,43.88999999999999,30.800000000000004
2025-03-23,5.33,16.6,57.82,28.080000000000002
2025-03-24,2.73,16.8,53.099999999999994,50.760000000000005
2025-03-25,4.03,13.8,53.69,54
2025-03-26,5.720000000000001,13.8,51.919999999999995,50.760000000000005
2025-03-27,2.47,14.2,50.739999999999995,48.6
2025-03-28,2.99,15.8,51.33,46.440000000000005
2025-03-29,5.720000000000001,13.2,44.839999999999996,30.240000000000002
2025-03-30,7.13,16,46.440000000000005,26.5
2025-03-31,8.51,14.8,48.6,48.230000000000004
2025-04-01,3.91,18,54,53
2025-04-02,9.43,17.6,51.84,47.7
2025-04-03,3.91,17,52.38,45.580000000000005
2025-04-04,13.57,17.2,50.220000000000006,42.400000000000006
2025-04-05,13.11,16.6,45.36,28.62
2025-04-06,6.75,19.11,45.9,24.96
2025-04-07,11.5,18.9,44.88,45.24
2025-04-08,4.25,20.37,46.410000000000004,45.24
2025-04-09,10.5,15.96,51,43.68
2025-04-10,11,15.96,46.410000000000004,43.160000000000004
2025-04-11,6.75,18.06,47.94,42.64
2025-04-12,13.25,18.69,41.82,28.080000000000002
2025-04-13,16.32,15.8,41.82,25.5