Date,Golden State Warriors_unscaled,Golden State Warriors_monthly,isPartial,scale,Golden State Warriors
2020-12-22,37,14,,0.14,5.180000000000001
2020-12-23,100,14,,0.14,14.000000000000002
2020-12-24,25,14,,0.14,3.5000000000000004
2020-12-25,74,14,,0.14,10.36
2020-12-26,36,14,,0.14,5.040000000000001
2020-12-27,28,11,FALSE,0.11,3.08
2020-12-28,54,11,,0.11,5.94
2020-12-29,26,11,,0.11,2.86
2020-12-30,45,11,,0.11,4.95
2020-12-31,22,11,,0.11,2.42
2021-01-01,26,11,,0.11,2.86
2021-01-02,61,11,,0.11,6.71
2021-01-03,24,15,FALSE,0.15,3.5999999999999996
2021-01-04,100,15,,0.15,15
2021-01-05,79,15,,0.15,11.85
2021-01-06,28,15,,0.15,4.2
2021-01-07,59,15,,0.15,8.85
2021-01-08,25,15,,0.15,3.75
2021-01-09,78,15,,0.15,11.7
2021-01-10,34,12,FALSE,0.12,4.08
2021-01-11,62,12,,0.12,7.44
2021-01-12,25,12,,0.12,3
2021-01-13,64,12,,0.12,7.68
2021-01-14,30,12,,0.12,3.5999999999999996
2021-01-15,51,12,,0.12,6.12
2021-01-16,24,12,,0.12,2.88
2021-01-17,20,12,FALSE,0.12,2.4
2021-01-18,19,12,,0.12,2.28
2021-01-19,79,12,,0.12,9.48
2021-01-20,27,12,,0.12,3.24
2021-01-21,68,12,,0.12,8.16
2021-01-22,62,12,,0.12,7.44
2021-01-23,29,12,,0.12,3.48
2021-01-24,50,12,FALSE,0.12,6
2021-01-25,21,12,,0.12,2.52
2021-01-26,50,12,,0.12,6
2021-01-27,29,12,,0.12,3.48
2021-01-28,65,12,,0.12,7.8
2021-01-29,48,12,,0.12,5.76
2021-01-30,28,12,,0.12,3.36
2021-01-31,56,11,FALSE,0.11,6.16
2021-02-01,28,11,,0.11,3.08
2021-02-02,33,11,,0.11,3.63
2021-02-03,78,11,,0.11,8.58
2021-02-04,33,11,,0.11,3.63
2021-02-05,77,11,,0.11,8.47
2021-02-06,41,11,,0.11,4.51
2021-02-07,100,13,FALSE,0.13,13
2021-02-08,32,13,,0.13,4.16
2021-02-09,63,13,,0.13,8.19
2021-02-10,66,13,,0.13,8.58
2021-02-11,33,13,,0.13,4.29
2021-02-12,80,13,,0.13,10.4
2021-02-13,59,13,,0.13,7.67
2021-02-14,98,13,FALSE,0.13,12.74
2021-02-15,37,13,,0.13,4.8100000000000005
2021-02-16,70,13,,0.13,9.1
2021-02-17,37,13,,0.13,4.8100000000000005
2021-02-18,86,13,,0.13,11.18
2021-02-19,42,13,,0.13,5.46
2021-02-20,68,13,,0.13,8.84
2021-02-21,85,12,FALSE,0.12,10.2
2021-02-22,29,12,,0.12,3.48
2021-02-23,38,12,,0.12,4.56
2021-02-24,65,12,,0.12,7.8
2021-02-25,69,12,,0.12,8.28
2021-02-26,37,12,,0.12,4.4399999999999995
2021-02-27,85,12,,0.12,10.2
2021-02-28,47,10,FALSE,0.1,4.7
2021-03-01,100,10,,0.1,10
2021-03-02,39,10,,0.1,3.9
2021-03-03,46,10,,0.1,4.6000000000000005
2021-03-04,89,10,,0.1,8.9
2021-03-05,67,10,,0.1,6.7
2021-03-06,35,10,,0.1,3.5
2021-03-07,29,6,FALSE,0.06,1.74
2021-03-08,35,6,,0.06,2.1
2021-03-09,31,6,,0.06,1.86
2021-03-10,33,6,,0.06,1.98
2021-03-11,39,6,,0.06,2.34
2021-03-12,88,6,,0.06,5.279999999999999
2021-03-13,41,6,,0.06,2.46
2021-03-14,73,10,FALSE,0.1,7.300000000000001
2021-03-15,46,10,,0.1,4.6000000000000005
2021-03-16,75,10,,0.1,7.5
2021-03-17,40,10,,0.1,4
2021-03-18,78,10,,0.1,7.800000000000001
2021-03-19,48,10,,0.1,4.800000000000001
2021-03-20,94,10,,0.1,9.4
2021-03-21,66,10,FALSE,0.1,6.6000000000000005
2021-03-22,36,10,,0.1,3.6
2021-03-23,45,10,,0.1,4.5
2021-03-24,83,10,,0.1,8.3
2021-03-25,72,10,,0.1,7.2
2021-03-26,74,10,,0.1,7.4
2021-03-27,63,10,,0.1,6.300000000000001
2021-03-28,41,8,FALSE,0.08,3.28
2021-03-29,36,8,,0.08,2.88
2021-03-30,67,8,,0.08,5.36
2021-03-31,40,8,,0.08,3.2
2021-04-01,29,8,,0.08,2.32
2021-04-02,42,8,,0.08,3.36
2021-04-03,66,8,,0.08,5.28
2021-04-04,34,8,FALSE,0.08,2.72
2021-04-05,40,8,,0.08,3.2
2021-04-06,21,8,,0.08,1.68
2021-04-07,49,8,,0.08,3.92
2021-04-08,28,8,,0.08,2.24
2021-04-09,25,8,,0.08,2
2021-04-10,44,8,,0.08,3.52
2021-04-11,49,13,FALSE,0.13,6.37
2021-04-12,24,13,,0.13,3.12
2021-04-13,64,13,,0.13,8.32
2021-04-14,32,13,,0.13,4.16
2021-04-15,76,13,,0.13,9.88
2021-04-16,69,13,,0.13,8.97
2021-04-17,36,13,,0.13,4.68
2021-04-18,100,15,FALSE,0.15,15
2021-04-19,45,15,,0.15,6.75
2021-04-20,87,15,,0.15,13.05
2021-04-21,47,15,,0.15,7.05
2021-04-22,64,15,,0.15,9.6
2021-04-23,33,15,,0.15,4.95
2021-04-24,78,15,,0.15,11.7
2021-04-25,43,12,FALSE,0.12,5.16
2021-04-26,85,12,,0.12,10.2
2021-04-27,36,12,,0.12,4.32
2021-04-28,76,12,,0.12,9.12
2021-04-29,32,12,,0.12,3.84
2021-04-30,47,12,,0.12,5.64
2021-05-01,9,12,,0.12,1.08
2021-05-02,17,13,FALSE,0.13,2.21
2021-05-03,11,13,,0.13,1.4300000000000002
2021-05-04,19,13,,0.13,2.47
2021-05-05,19,13,,0.13,2.47
2021-05-06,9,13,,0.13,1.17
2021-05-07,18,13,,0.13,2.34
2021-05-08,12,13,,0.13,1.56
2021-05-09,23,16,FALSE,0.16,3.68
2021-05-10,11,16,,0.16,1.76
2021-05-11,26,16,,0.16,4.16
2021-05-12,26,16,,0.16,4.16
2021-05-13,12,16,,0.16,1.92
2021-05-14,16,16,,0.16,2.56
2021-05-15,27,16,,0.16,4.32
2021-05-16,29,31,FALSE,0.31,8.99
2021-05-17,20,31,,0.31,6.2
2021-05-18,11,31,,0.31,3.41
2021-05-19,18,31,,0.31,5.58
2021-05-20,64,31,,0.31,19.84
2021-05-21,24,31,,0.31,7.44
2021-05-22,100,31,,0.31,31
2021-05-23,18,6,FALSE,0.06,1.08
2021-05-24,10,6,,0.06,0.6
2021-05-25,7,6,,0.06,0.42
2021-05-26,8,6,,0.06,0.48
2021-05-27,6,6,,0.06,0.36
2021-05-28,6,6,,0.06,0.36
2021-05-29,6,6,,0.06,0.36
2021-05-30,6,5,FALSE,0.05,0.3
2021-05-31,6,5,,0.05,0.3
2021-06-01,57,5,,0.05,2.85
2021-06-02,78,5,,0.05,3.9
2021-06-03,63,5,,0.05,3.1500000000000004
2021-06-04,75,5,,0.05,3.75
2021-06-05,63,5,,0.05,3.1500000000000004
2021-06-06,62,4,FALSE,0.04,2.48
2021-06-07,45,4,,0.04,1.8
2021-06-08,51,4,,0.04,2.04
2021-06-09,53,4,,0.04,2.12
2021-06-10,53,4,,0.04,2.12
2021-06-11,45,4,,0.04,1.8
2021-06-12,57,4,,0.04,2.28
2021-06-13,52,4,FALSE,0.04,2.08
2021-06-14,43,4,,0.04,1.72
2021-06-15,43,4,,0.04,1.72
2021-06-16,59,4,,0.04,2.36
2021-06-17,51,4,,0.04,2.04
2021-06-18,52,4,,0.04,2.08
2021-06-19,65,4,,0.04,2.6
2021-06-20,69,5,FALSE,0.05,3.45
2021-06-21,57,5,,0.05,2.85
2021-06-22,41,5,,0.05,2.0500000000000003
2021-06-23,100,5,,0.05,5
2021-06-24,77,5,,0.05,3.85
2021-06-25,60,5,,0.05,3
2021-06-26,60,5,,0.05,3
2021-06-27,56,4,FALSE,0.04,2.24
2021-06-28,59,4,,0.04,2.36
2021-06-29,53,4,,0.04,2.12
2021-06-30,59,4,,0.04,2.36
2021-07-01,32,4,,0.04,1.28
2021-07-02,30,4,,0.04,1.2
2021-07-03,23,4,,0.04,0.92
2021-07-04,24,4,FALSE,0.04,0.96
2021-07-05,25,4,,0.04,1
2021-07-06,21,4,,0.04,0.84
2021-07-07,26,4,,0.04,1.04
2021-07-08,23,4,,0.04,0.92
2021-07-09,28,4,,0.04,1.12
2021-07-10,23,4,,0.04,0.92
2021-07-11,21,4,FALSE,0.04,0.84
2021-07-12,26,4,,0.04,1.04
2021-07-13,24,4,,0.04,0.96
2021-07-14,29,4,,0.04,1.16
2021-07-15,26,4,,0.04,1.04
2021-07-16,29,4,,0.04,1.16
2021-07-17,24,4,,0.04,0.96
2021-07-18,24,5,FALSE,0.05,1.2000000000000002
2021-07-19,24,5,,0.05,1.2000000000000002
2021-07-20,23,5,,0.05,1.15
2021-07-21,34,5,,0.05,1.7000000000000002
2021-07-22,25,5,,0.05,1.25
2021-07-23,34,5,,0.05,1.7000000000000002
2021-07-24,33,5,,0.05,1.65
2021-07-25,28,7,FALSE,0.07,1.96
2021-07-26,28,7,,0.07,1.96
2021-07-27,31,7,,0.07,2.1700000000000004
2021-07-28,32,7,,0.07,2.24
2021-07-29,52,7,,0.07,3.640000000000001
2021-07-30,100,7,,0.07,7.000000000000001
2021-07-31,50,7,,0.07,3.5000000000000004
2021-08-01,51,12,FALSE,0.12,6.12
2021-08-02,52,12,,0.12,6.24
2021-08-03,100,12,,0.12,12
2021-08-04,92,12,,0.12,11.04
2021-08-05,71,12,,0.12,8.52
2021-08-06,73,12,,0.12,8.76
2021-08-07,67,12,,0.12,8.04
2021-08-08,47,7,FALSE,0.07,3.2900000000000005
2021-08-09,41,7,,0.07,2.87
2021-08-10,48,7,,0.07,3.3600000000000003
2021-08-11,43,7,,0.07,3.01
2021-08-12,46,7,,0.07,3.22
2021-08-13,44,7,,0.07,3.08
2021-08-14,46,7,,0.07,3.22
2021-08-15,38,6,FALSE,0.06,2.28
2021-08-16,40,6,,0.06,2.4
2021-08-17,36,6,,0.06,2.16
2021-08-18,38,6,,0.06,2.28
2021-08-19,38,6,,0.06,2.28
2021-08-20,32,6,,0.06,1.92
2021-08-21,31,6,,0.06,1.86
2021-08-22,28,5,FALSE,0.05,1.4
2021-08-23,25,5,,0.05,1.25
2021-08-24,27,5,,0.05,1.35
2021-08-25,30,5,,0.05,1.5
2021-08-26,25,5,,0.05,1.25
2021-08-27,31,5,,0.05,1.55
2021-08-28,30,5,,0.05,1.5
2021-08-29,26,4,FALSE,0.04,1.04
2021-08-30,26,4,,0.04,1.04
2021-08-31,24,4,,0.04,0.96
2021-09-01,100,4,,0.04,4
2021-09-02,90,4,,0.04,3.6
2021-09-03,85,4,,0.04,3.4
2021-09-04,81,4,,0.04,3.24
2021-09-05,79,4,FALSE,0.04,3.16
2021-09-06,75,4,,0.04,3
2021-09-07,73,4,,0.04,2.92
2021-09-08,81,4,,0.04,3.24
2021-09-09,87,4,,0.04,3.48
2021-09-10,90,4,,0.04,3.6
2021-09-11,55,4,,0.04,2.2
2021-09-12,63,3,FALSE,0.03,1.89
2021-09-13,63,3,,0.03,1.89
2021-09-14,62,3,,0.03,1.86
2021-09-15,69,3,,0.03,2.07
2021-09-16,86,3,,0.03,2.58
2021-09-17,76,3,,0.03,2.28
2021-09-18,67,3,,0.03,2.01
2021-09-19,58,4,FALSE,0.04,2.32
2021-09-20,59,4,,0.04,2.36
2021-09-21,65,4,,0.04,2.6
2021-09-22,79,4,,0.04,3.16
2021-09-23,93,4,,0.04,3.72
2021-09-24,88,4,,0.04,3.52
2021-09-25,85,4,,0.04,3.4
2021-09-26,67,4,FALSE,0.04,2.68
2021-09-27,81,4,,0.04,3.24
2021-09-28,92,4,,0.04,3.68
2021-09-29,86,4,,0.04,3.44
2021-09-30,96,4,,0.04,3.84
2021-10-01,10,4,,0.04,0.4
2021-10-02,13,4,,0.04,0.52
2021-10-03,12,8,FALSE,0.08,0.96
2021-10-04,15,8,,0.08,1.2
2021-10-05,35,8,,0.08,2.8000000000000003
2021-10-06,18,8,,0.08,1.44
2021-10-07,32,8,,0.08,2.56
2021-10-08,18,8,,0.08,1.44
2021-10-09,38,8,,0.08,3.04
2021-10-10,17,8,FALSE,0.08,1.36
2021-10-11,16,8,,0.08,1.28
2021-10-12,16,8,,0.08,1.28
2021-10-13,37,8,,0.08,2.96
2021-10-14,20,8,,0.08,1.6
2021-10-15,19,8,,0.08,1.52
2021-10-16,31,8,,0.08,2.48
2021-10-17,19,19,FALSE,0.19,3.61
2021-10-18,18,19,,0.19,3.42
2021-10-19,27,19,,0.19,5.13
2021-10-20,93,19,,0.19,17.67
2021-10-21,38,19,,0.19,7.22
2021-10-22,100,19,,0.19,19
2021-10-23,37,19,,0.19,7.03
2021-10-24,36,18,FALSE,0.18,6.4799999999999995
2021-10-25,65,18,,0.18,11.7
2021-10-26,32,18,,0.18,5.76
2021-10-27,71,18,,0.18,12.78
2021-10-28,33,18,,0.18,5.9399999999999995
2021-10-29,72,18,,0.18,12.96
2021-10-30,29,18,,0.18,5.22
2021-10-31,55,16,FALSE,0.16,8.8
2021-11-01,25,16,,0.16,4
2021-11-02,23,16,,0.16,3.68
2021-11-03,29,16,,0.16,4.64
2021-11-04,77,16,,0.16,12.32
2021-11-05,29,16,,0.16,4.64
2021-11-06,68,16,,0.16,10.88
2021-11-07,35,23,FALSE,0.23,8.05
2021-11-08,61,23,,0.23,14.03
2021-11-09,78,23,,0.23,17.94
2021-11-10,44,23,,0.23,10.12
2021-11-11,80,23,,0.23,18.4
2021-11-12,38,23,,0.23,8.74
2021-11-13,98,23,,0.23,22.540000000000003
2021-11-14,46,25,FALSE,0.25,11.5
2021-11-15,64,25,,0.25,16
2021-11-16,35,25,,0.25,8.75
2021-11-17,96,25,,0.25,24
2021-11-18,47,25,,0.25,11.75
2021-11-19,92,25,,0.25,23
2021-11-20,87,25,,0.25,21.75
2021-11-21,51,23,FALSE,0.23,11.73
2021-11-22,69,23,,0.23,15.87
2021-11-23,34,23,,0.23,7.82
2021-11-24,39,23,,0.23,8.97
2021-11-25,100,23,,0.23,23
2021-11-26,36,23,,0.23,8.280000000000001
2021-11-27,97,23,,0.23,22.31
2021-11-28,83,24,FALSE,0.24,19.92
2021-11-29,51,24,,0.24,12.24
2021-11-30,42,24,,0.24,10.08
2021-12-01,90,24,,0.24,21.6
2021-12-02,25,24,,0.24,6
2021-12-03,33,24,,0.24,7.92
2021-12-04,100,24,,0.24,24
2021-12-05,67,21,FALSE,0.21,14.07
2021-12-06,29,21,,0.21,6.09
2021-12-07,60,21,,0.21,12.6
2021-12-08,35,21,,0.21,7.35
2021-12-09,69,21,,0.21,14.49
2021-12-10,35,21,,0.21,7.35
2021-12-11,43,21,,0.21,9.03
2021-12-12,97,28,FALSE,0.28,27.160000000000004
2021-12-13,36,28,,0.28,10.080000000000002
2021-12-14,90,28,,0.28,25.200000000000003
2021-12-15,97,28,,0.28,27.160000000000004
2021-12-16,29,28,,0.28,8.120000000000001
2021-12-17,32,28,,0.28,8.96
2021-12-18,70,28,,0.28,19.6
2021-12-19,57,20,FALSE,0.2,11.4
2021-12-20,33,20,,0.2,6.6000000000000005
2021-12-21,50,20,,0.2,10
2021-12-22,29,20,,0.2,5.800000000000001
2021-12-23,33,20,,0.2,6.6000000000000005
2021-12-24,67,20,,0.2,13.4
2021-12-25,66,20,,0.2,13.2
2021-12-26,81,18,FALSE,0.18,14.58
2021-12-27,30,18,,0.18,5.3999999999999995
2021-12-28,33,18,,0.18,5.9399999999999995
2021-12-29,66,18,,0.18,11.88
2021-12-30,32,18,,0.18,5.76
2021-12-31,43,18,,0.18,7.739999999999999
2022-01-01,21,18,,0.18,3.78
2022-01-02,43,19,FALSE,0.19,8.17
2022-01-03,18,19,,0.19,3.42
2022-01-04,43,19,,0.19,8.17
2022-01-05,23,19,,0.19,4.37
2022-01-06,34,19,,0.19,6.46
2022-01-07,37,19,,0.19,7.03
2022-01-08,21,19,,0.19,3.99
2022-01-09,46,31,FALSE,0.31,14.26
2022-01-10,100,31,,0.31,31
2022-01-11,23,31,,0.31,7.13
2022-01-12,47,31,,0.31,14.57
2022-01-13,19,31,,0.31,5.89
2022-01-14,43,31,,0.31,13.33
2022-01-15,45,31,,0.31,13.95
2022-01-16,22,19,FALSE,0.19,4.18
2022-01-17,32,19,,0.19,6.08
2022-01-18,21,19,,0.19,3.99
2022-01-19,34,19,,0.19,6.46
2022-01-20,18,19,,0.19,3.42
2022-01-21,43,19,,0.19,8.17
2022-01-22,39,19,,0.19,7.41
2022-01-23,16,16,FALSE,0.16,2.56
2022-01-24,35,16,,0.16,5.6000000000000005
2022-01-25,15,16,,0.16,2.4
2022-01-26,35,16,,0.16,5.6000000000000005
2022-01-27,17,16,,0.16,2.72
2022-01-28,42,16,,0.16,6.72
2022-01-29,24,16,,0.16,3.84
2022-01-30,53,19,FALSE,0.19,10.07
2022-01-31,17,19,,0.19,3.23
2022-02-01,86,19,,0.19,16.34
2022-02-02,86,19,,0.19,16.34
2022-02-03,41,19,,0.19,7.79
2022-02-04,87,19,,0.19,16.53
2022-02-05,39,19,,0.19,7.41
2022-02-06,37,16,FALSE,0.16,5.92
2022-02-07,40,16,,0.16,6.4
2022-02-08,75,16,,0.16,12
2022-02-09,47,16,,0.16,7.52
2022-02-10,79,16,,0.16,12.64
2022-02-11,81,16,,0.16,12.96
2022-02-12,41,16,,0.16,6.5600000000000005
2022-02-13,100,15,FALSE,0.15,15
2022-02-14,37,15,,0.15,5.55
2022-02-15,81,15,,0.15,12.15
2022-02-16,35,15,,0.15,5.25
2022-02-17,72,15,,0.15,10.8
2022-02-18,28,15,,0.15,4.2
2022-02-19,25,15,,0.15,3.75
2022-02-20,26,10,FALSE,0.1,2.6
2022-02-21,26,10,,0.1,2.6
2022-02-22,23,10,,0.1,2.3000000000000003
2022-02-23,27,10,,0.1,2.7
2022-02-24,34,10,,0.1,3.4000000000000004
2022-02-25,73,10,,0.1,7.300000000000001
2022-02-26,35,10,,0.1,3.5
2022-02-27,48,15,FALSE,0.15,7.199999999999999
2022-02-28,84,15,,0.15,12.6
2022-03-01,37,15,,0.15,5.55
2022-03-02,62,15,,0.15,9.3
2022-03-03,36,15,,0.15,5.3999999999999995
2022-03-04,67,15,,0.15,10.05
2022-03-05,37,15,,0.15,5.55
2022-03-06,100,17,FALSE,0.17,17
2022-03-07,35,17,,0.17,5.95
2022-03-08,64,17,,0.17,10.88
2022-03-09,72,17,,0.17,12.24
2022-03-10,38,17,,0.17,6.460000000000001
2022-03-11,79,17,,0.17,13.43
2022-03-12,40,17,,0.17,6.800000000000001
2022-03-13,93,16,FALSE,0.16,14.88
2022-03-14,40,16,,0.16,6.4
2022-03-15,80,16,,0.16,12.8
2022-03-16,41,16,,0.16,6.5600000000000005
2022-03-17,86,16,,0.16,13.76
2022-03-18,32,16,,0.16,5.12
2022-03-19,32,16,,0.16,5.12
2022-03-20,37,13,FALSE,0.13,4.8100000000000005
2022-03-21,55,13,,0.13,7.15
2022-03-22,40,13,,0.13,5.2
2022-03-23,60,13,,0.13,7.800000000000001
2022-03-24,53,13,,0.13,6.890000000000001
2022-03-25,40,13,,0.13,5.2
2022-03-26,53,13,,0.13,6.890000000000001
2022-03-27,49,12,FALSE,0.12,5.88
2022-03-28,41,12,,0.12,4.92
2022-03-29,46,12,,0.12,5.52
2022-03-30,31,12,,0.12,3.72
2022-03-31,63,12,,0.12,7.56
2022-04-01,14,12,,0.12,1.68
2022-04-02,19,12,,0.12,2.28
2022-04-03,37,13,FALSE,0.13,4.8100000000000005
2022-04-04,29,13,,0.13,3.77
2022-04-05,14,13,,0.13,1.82
2022-04-06,16,13,,0.13,2.08
2022-04-07,16,13,,0.13,2.08
2022-04-08,29,13,,0.13,3.77
2022-04-09,20,13,,0.13,2.6
2022-04-10,33,13,FALSE,0.13,4.29
2022-04-11,34,13,,0.13,4.42
2022-04-12,13,13,,0.13,1.69
2022-04-13,14,13,,0.13,1.82
2022-04-14,13,13,,0.13,1.69
2022-04-15,18,13,,0.13,2.34
2022-04-16,29,13,,0.13,3.77
2022-04-17,86,30,FALSE,0.3,25.8
2022-04-18,32,30,,0.3,9.6
2022-04-19,74,30,,0.3,22.2
2022-04-20,26,30,,0.3,7.8
2022-04-21,31,30,,0.3,9.3
2022-04-22,86,30,,0.3,25.8
2022-04-23,35,30,,0.3,10.5
2022-04-24,99,30,FALSE,0.3,29.7
2022-04-25,40,30,,0.3,12
2022-04-26,31,30,,0.3,9.3
2022-04-27,36,30,,0.3,10.8
2022-04-28,100,30,,0.3,30
2022-04-29,30,30,,0.3,9
2022-04-30,37,30,,0.3,11.1
2022-05-01,53,38,FALSE,0.38,20.14
2022-05-02,21,38,,0.38,7.98
2022-05-03,16,38,,0.38,6.08
2022-05-04,53,38,,0.38,20.14
2022-05-05,16,38,,0.38,6.08
2022-05-06,16,38,,0.38,6.08
2022-05-07,23,38,,0.38,8.74
2022-05-08,66,60,FALSE,0.6,39.6
2022-05-09,18,60,,0.6,10.8
2022-05-10,60,60,,0.6,36
2022-05-11,19,60,,0.6,11.4
2022-05-12,64,60,,0.6,38.4
2022-05-13,23,60,,0.6,13.8
2022-05-14,92,60,,0.6,55.2
2022-05-15,23,47,FALSE,0.47,10.81
2022-05-16,24,47,,0.47,11.28
2022-05-17,15,47,,0.47,7.05
2022-05-18,23,47,,0.47,10.81
2022-05-19,69,47,,0.47,32.43
2022-05-20,25,47,,0.47,11.75
2022-05-21,85,47,,0.47,39.95
2022-05-22,36,76,FALSE,0.76,27.36
2022-05-23,77,76,,0.76,58.52
2022-05-24,29,76,,0.76,22.04
2022-05-25,92,76,,0.76,69.92
2022-05-26,30,76,,0.76,22.8
2022-05-27,100,76,,0.76,76
2022-05-28,24,76,,0.76,18.24
2022-05-29,16,47,FALSE,0.47,7.52
2022-05-30,32,47,,0.47,15.04
2022-05-31,19,47,,0.47,8.93
2022-06-01,8,47,,0.47,3.76
2022-06-02,13,47,,0.47,6.109999999999999
2022-06-03,46,47,,0.47,21.619999999999997
2022-06-04,11,47,,0.47,5.17
2022-06-05,17,78,FALSE,0.78,13.26
2022-06-06,42,78,,0.78,32.76
2022-06-07,10,78,,0.78,7.800000000000001
2022-06-08,14,78,,0.78,10.92
2022-06-09,42,78,,0.78,32.76
2022-06-10,12,78,,0.78,9.36
2022-06-11,57,78,,0.78,44.46
2022-06-12,15,100,FALSE,1,15
2022-06-13,14,100,,1,14
2022-06-14,57,100,,1,57
2022-06-15,13,100,,1,13
2022-06-16,16,100,,1,16
2022-06-17,100,100,,1,100
2022-06-18,13,100,,1,13
2022-06-19,9,17,FALSE,0.17,1.53
2022-06-20,9,17,,0.17,1.53
2022-06-21,6,17,,0.17,1.02
2022-06-22,4,17,,0.17,0.68
2022-06-23,4,17,,0.17,0.68
2022-06-24,6,17,,0.17,1.02
2022-06-25,3,17,,0.17,0.51
2022-06-26,3,11,FALSE,0.11,0.33
2022-06-27,3,11,,0.11,0.33
2022-06-28,3,11,,0.11,0.33
2022-06-29,3,11,,0.11,0.33
2022-06-30,4,11,,0.11,0.44
2022-07-01,96,11,,0.11,10.56
2022-07-02,100,11,,0.11,11
2022-07-03,83,11,FALSE,0.11,9.13
2022-07-04,87,11,,0.11,9.57
2022-07-05,70,11,,0.11,7.7
2022-07-06,59,11,,0.11,6.49
2022-07-07,50,11,,0.11,5.5
2022-07-08,49,11,,0.11,5.39
2022-07-09,54,11,,0.11,5.94
2022-07-10,51,7,FALSE,0.07,3.5700000000000003
2022-07-11,55,7,,0.07,3.850000000000001
2022-07-12,40,7,,0.07,2.8000000000000003
2022-07-13,45,7,,0.07,3.1500000000000004
2022-07-14,44,7,,0.07,3.08
2022-07-15,43,7,,0.07,3.01
2022-07-16,47,7,,0.07,3.2900000000000005
2022-07-17,52,7,FALSE,0.07,3.640000000000001
2022-07-18,39,7,,0.07,2.7300000000000004
2022-07-19,39,7,,0.07,2.7300000000000004
2022-07-20,38,7,,0.07,2.66
2022-07-21,56,7,,0.07,3.92
2022-07-22,35,7,,0.07,2.45
2022-07-23,36,7,,0.07,2.5200000000000005
2022-07-24,35,7,FALSE,0.07,2.45
2022-07-25,35,7,,0.07,2.45
2022-07-26,54,7,,0.07,3.78
2022-07-27,42,7,,0.07,2.9400000000000004
2022-07-28,31,7,,0.07,2.1700000000000004
2022-07-29,30,7,,0.07,2.1
2022-07-30,34,7,,0.07,2.3800000000000003
2022-07-31,32,5,FALSE,0.05,1.6
2022-08-01,64,5,,0.05,3.2
2022-08-02,84,5,,0.05,4.2
2022-08-03,100,5,,0.05,5
2022-08-04,69,5,,0.05,3.45
2022-08-05,64,5,,0.05,3.2
2022-08-06,72,5,,0.05,3.6
2022-08-07,83,4,FALSE,0.04,3.3200000000000003
2022-08-08,62,4,,0.04,2.48
2022-08-09,68,4,,0.04,2.72
2022-08-10,56,4,,0.04,2.24
2022-08-11,56,4,,0.04,2.24
2022-08-12,64,4,,0.04,2.56
2022-08-13,79,4,,0.04,3.16
2022-08-14,65,4,FALSE,0.04,2.6
2022-08-15,58,4,,0.04,2.32
2022-08-16,65,4,,0.04,2.6
2022-08-17,70,4,,0.04,2.8000000000000003
2022-08-18,68,4,,0.04,2.72
2022-08-19,67,4,,0.04,2.68
2022-08-20,54,4,,0.04,2.16
2022-08-21,53,5,FALSE,0.05,2.6500000000000004
2022-08-22,61,5,,0.05,3.0500000000000003
2022-08-23,50,5,,0.05,2.5
2022-08-24,92,5,,0.05,4.6000000000000005
2022-08-25,98,5,,0.05,4.9
2022-08-26,60,5,,0.05,3
2022-08-27,74,5,,0.05,3.7
2022-08-28,82,4,FALSE,0.04,3.28
2022-08-29,57,4,,0.04,2.28
2022-08-30,52,4,,0.04,2.08
2022-08-31,46,4,,0.04,1.84
2022-09-01,44,4,,0.04,1.76
2022-09-02,38,4,,0.04,1.52
2022-09-03,41,4,,0.04,1.64
2022-09-04,41,4,FALSE,0.04,1.64
2022-09-05,39,4,,0.04,1.56
2022-09-06,37,4,,0.04,1.48
2022-09-07,33,4,,0.04,1.32
2022-09-08,37,4,,0.04,1.48
2022-09-09,41,4,,0.04,1.64
2022-09-10,52,4,,0.04,2.08
2022-09-11,50,4,FALSE,0.04,2
2022-09-12,34,4,,0.04,1.36
2022-09-13,74,4,,0.04,2.96
2022-09-14,38,4,,0.04,1.52
2022-09-15,40,4,,0.04,1.6
2022-09-16,37,4,,0.04,1.48
2022-09-17,47,4,,0.04,1.88
2022-09-18,42,5,FALSE,0.05,2.1
2022-09-19,47,5,,0.05,2.35
2022-09-20,41,5,,0.05,2.0500000000000003
2022-09-21,35,5,,0.05,1.75
2022-09-22,43,5,,0.05,2.15
2022-09-23,68,5,,0.05,3.4000000000000004
2022-09-24,53,5,,0.05,2.6500000000000004
2022-09-25,47,6,FALSE,0.06,2.82
2022-09-26,49,6,,0.06,2.94
2022-09-27,53,6,,0.06,3.1799999999999997
2022-09-28,48,6,,0.06,2.88
2022-09-29,46,6,,0.06,2.76
2022-09-30,100,6,,0.06,6
2022-10-01,13,6,,0.06,0.78
2022-10-02,17,7,FALSE,0.07,1.1900000000000002
2022-10-03,13,7,,0.07,0.91
2022-10-04,12,7,,0.07,0.8400000000000001
2022-10-05,13,7,,0.07,0.91
2022-10-06,14,7,,0.07,0.98
2022-10-07,14,7,,0.07,0.98
2022-10-08,16,7,,0.07,1.12
2022-10-09,23,12,FALSE,0.12,2.76
2022-10-10,25,12,,0.12,3
2022-10-11,13,12,,0.12,1.56
2022-10-12,21,12,,0.12,2.52
2022-10-13,16,12,,0.12,1.92
2022-10-14,21,12,,0.12,2.52
2022-10-15,32,12,,0.12,3.84
2022-10-16,20,21,FALSE,0.21,4.2
2022-10-17,17,21,,0.21,3.57
2022-10-18,22,21,,0.21,4.62
2022-10-19,100,21,,0.21,21
2022-10-20,23,21,,0.21,4.83
2022-10-21,24,21,,0.21,5.04
2022-10-22,59,21,,0.21,12.39
2022-10-23,27,19,FALSE,0.19,5.13
2022-10-24,46,19,,0.19,8.74
2022-10-25,23,19,,0.19,4.37
2022-10-26,60,19,,0.19,11.4
2022-10-27,21,19,,0.19,3.99
2022-10-28,43,19,,0.19,8.17
2022-10-29,27,19,,0.19,5.13
2022-10-30,51,19,FALSE,0.19,9.69
2022-10-31,29,19,,0.19,5.51
2022-11-01,45,19,,0.19,8.55
2022-11-02,77,19,,0.19,14.63
2022-11-03,51,19,,0.19,9.69
2022-11-04,85,19,,0.19,16.15
2022-11-05,84,19,,0.19,15.96
2022-11-06,42,14,FALSE,0.14,5.880000000000001
2022-11-07,38,14,,0.14,5.32
2022-11-08,74,14,,0.14,10.36
2022-11-09,33,14,,0.14,4.62
2022-11-10,37,14,,0.14,5.180000000000001
2022-11-11,38,14,,0.14,5.32
2022-11-12,100,14,,0.14,14.000000000000002
2022-11-13,41,17,FALSE,0.17,6.970000000000001
2022-11-14,74,17,,0.17,12.58
2022-11-15,71,17,,0.17,12.07
2022-11-16,40,17,,0.17,6.800000000000001
2022-11-17,89,17,,0.17,15.13
2022-11-18,37,17,,0.17,6.29
2022-11-19,89,17,,0.17,15.13
2022-11-20,46,17,FALSE,0.17,7.82
2022-11-21,76,17,,0.17,12.920000000000002
2022-11-22,67,17,,0.17,11.39
2022-11-23,39,17,,0.17,6.630000000000001
2022-11-24,86,17,,0.17,14.62
2022-11-25,36,17,,0.17,6.12
2022-11-26,82,17,,0.17,13.94
2022-11-27,74,15,FALSE,0.15,11.1
2022-11-28,43,15,,0.15,6.45
2022-11-29,42,15,,0.15,6.3
2022-11-30,83,15,,0.15,12.45
2022-12-01,26,15,,0.15,3.9
2022-12-02,28,15,,0.15,4.2
2022-12-03,66,15,,0.15,9.9
2022-12-04,57,15,FALSE,0.15,8.549999999999999
2022-12-05,29,15,,0.15,4.35
2022-12-06,62,15,,0.15,9.3
2022-12-07,39,15,,0.15,5.85
2022-12-08,56,15,,0.15,8.4
2022-12-09,28,15,,0.15,4.2
2022-12-10,34,15,,0.15,5.1
2022-12-11,85,16,FALSE,0.16,13.6
2022-12-12,31,16,,0.16,4.96
2022-12-13,28,16,,0.16,4.48
2022-12-14,60,16,,0.16,9.6
2022-12-15,52,16,,0.16,8.32
2022-12-16,28,16,,0.16,4.48
2022-12-17,52,16,,0.16,8.32
2022-12-18,32,13,FALSE,0.13,4.16
2022-12-19,39,13,,0.13,5.07
2022-12-20,35,13,,0.13,4.55
2022-12-21,54,13,,0.13,7.0200000000000005
2022-12-22,49,13,,0.13,6.37
2022-12-23,24,13,,0.13,3.12
2022-12-24,26,13,,0.13,3.38
2022-12-25,41,22,FALSE,0.22,9.02
2022-12-26,100,22,,0.22,22
2022-12-27,33,22,,0.22,7.26
2022-12-28,70,22,,0.22,15.4
2022-12-29,66,22,,0.22,14.52
2022-12-30,35,22,,0.22,7.7
2022-12-31,80,22,,0.22,17.6
2023-01-01,52,16,FALSE,0.16,8.32
2023-01-02,41,16,,0.16,6.5600000000000005
2023-01-03,84,16,,0.16,13.44
2023-01-04,39,16,,0.16,6.24
2023-01-05,73,16,,0.16,11.68
2023-01-06,32,16,,0.16,5.12
2023-01-07,47,16,,0.16,7.52
2023-01-08,79,17,FALSE,0.17,13.43
2023-01-09,34,17,,0.17,5.78
2023-01-10,40,17,,0.17,6.800000000000001
2023-01-11,81,17,,0.17,13.77
2023-01-12,33,17,,0.17,5.61
2023-01-13,40,17,,0.17,6.800000000000001
2023-01-14,89,17,,0.17,15.13
2023-01-15,59,17,FALSE,0.17,10.03
2023-01-16,52,17,,0.17,8.84
2023-01-17,39,17,,0.17,6.630000000000001
2023-01-18,37,17,,0.17,6.29
2023-01-19,44,17,,0.17,7.48
2023-01-20,100,17,,0.17,17
2023-01-21,73,17,,0.17,12.41
2023-01-22,41,17,FALSE,0.17,6.970000000000001
2023-01-23,66,17,,0.17,11.22
2023-01-24,28,17,,0.17,4.760000000000001
2023-01-25,33,17,,0.17,5.61
2023-01-26,97,17,,0.17,16.490000000000002
2023-01-27,39,17,,0.17,6.630000000000001
2023-01-28,95,17,,0.17,16.150000000000002
2023-01-29,39,16,FALSE,0.16,6.24
2023-01-30,34,16,,0.16,5.44
2023-01-31,75,16,,0.16,12
2023-02-01,38,16,,0.16,6.08
2023-02-02,85,16,,0.16,13.6
2023-02-03,67,16,,0.16,10.72
2023-02-04,39,16,,0.16,6.24
2023-02-05,100,20,FALSE,0.2,20
2023-02-06,40,20,,0.2,8
2023-02-07,78,20,,0.2,15.6
2023-02-08,40,20,,0.2,8
2023-02-09,98,20,,0.2,19.6
2023-02-10,54,20,,0.2,10.8
2023-02-11,59,20,,0.2,11.8
2023-02-12,91,14,FALSE,0.14,12.740000000000002
2023-02-13,35,14,,0.14,4.9
2023-02-14,68,14,,0.14,9.52
2023-02-15,58,14,,0.14,8.120000000000001
2023-02-16,28,14,,0.14,3.92
2023-02-17,30,14,,0.14,4.2
2023-02-18,27,14,,0.14,3.78
2023-02-19,30,11,FALSE,0.11,3.3
2023-02-20,25,11,,0.11,2.75
2023-02-21,24,11,,0.11,2.64
2023-02-22,25,11,,0.11,2.75
2023-02-23,27,11,,0.11,2.97
2023-02-24,68,11,,0.11,7.48
2023-02-25,69,11,,0.11,7.59
2023-02-26,46,19,FALSE,0.19,8.74
2023-02-27,86,19,,0.19,16.34
2023-02-28,37,19,,0.19,7.03
2023-03-01,62,19,,0.19,11.78
2023-03-02,33,19,,0.19,6.2700000000000005
2023-03-03,84,19,,0.19,15.96
2023-03-04,77,19,,0.19,14.63
2023-03-05,81,18,FALSE,0.18,14.58
2023-03-06,36,18,,0.18,6.4799999999999995
2023-03-07,30,18,,0.18,5.3999999999999995
2023-03-08,67,18,,0.18,12.06
2023-03-09,34,18,,0.18,6.12
2023-03-10,74,18,,0.18,13.32
2023-03-11,41,18,,0.18,7.38
2023-03-12,98,22,FALSE,0.22,21.56
2023-03-13,38,22,,0.22,8.36
2023-03-14,87,22,,0.22,19.14
2023-03-15,38,22,,0.22,8.36
2023-03-16,75,22,,0.22,16.5
2023-03-17,39,22,,0.22,8.58
2023-03-18,70,22,,0.22,15.4
2023-03-19,74,20,FALSE,0.2,14.8
2023-03-20,39,20,,0.2,7.800000000000001
2023-03-21,60,20,,0.2,12
2023-03-22,41,20,,0.2,8.200000000000001
2023-03-23,72,20,,0.2,14.4
2023-03-24,39,20,,0.2,7.800000000000001
2023-03-25,100,20,,0.2,20
2023-03-26,54,23,FALSE,0.23,12.42
2023-03-27,79,23,,0.23,18.17
2023-03-28,40,23,,0.23,9.2
2023-03-29,94,23,,0.23,21.62
2023-03-30,45,23,,0.23,10.35
2023-03-31,39,23,,0.23,8.97
2023-04-01,24,23,,0.23,5.5200000000000005
2023-04-02,14,27,FALSE,0.27,3.78
2023-04-03,20,27,,0.27,5.4
2023-04-04,10,27,,0.27,2.7
2023-04-05,24,27,,0.27,6.48
2023-04-06,14,27,,0.27,3.78
2023-04-07,14,27,,0.27,3.78
2023-04-08,29,27,,0.27,7.83
2023-04-09,29,17,FALSE,0.17,4.930000000000001
2023-04-10,14,17,,0.17,2.3800000000000003
2023-04-11,8,17,,0.17,1.36
2023-04-12,8,17,,0.17,1.36
2023-04-13,7,17,,0.17,1.1900000000000002
2023-04-14,6,17,,0.17,1.02
2023-04-15,14,17,,0.17,2.3800000000000003
2023-04-16,49,41,FALSE,0.41,20.09
2023-04-17,13,41,,0.41,5.33
2023-04-18,49,41,,0.41,20.09
2023-04-19,15,41,,0.41,6.1499999999999995
2023-04-20,18,41,,0.41,7.38
2023-04-21,50,41,,0.41,20.5
2023-04-22,17,41,,0.41,6.97
2023-04-23,56,52,FALSE,0.52,29.12
2023-04-24,20,52,,0.52,10.4
2023-04-25,15,52,,0.52,7.800000000000001
2023-04-26,18,52,,0.52,9.36
2023-04-27,53,52,,0.52,27.56
2023-04-28,20,52,,0.52,10.4
2023-04-29,72,52,,0.52,37.44
2023-04-30,100,64,FALSE,0.64,64
2023-05-01,32,64,,0.64,20.48
2023-05-02,21,64,,0.64,13.44
2023-05-03,60,64,,0.64,38.4
2023-05-04,19,64,,0.64,12.16
2023-05-05,62,64,,0.64,39.68
2023-05-06,28,64,,0.64,17.92
2023-05-07,63,66,FALSE,0.66,41.580000000000005
2023-05-08,20,66,,0.66,13.2
2023-05-09,58,66,,0.66,38.28
2023-05-10,21,66,,0.66,13.86
2023-05-11,68,66,,0.66,44.88
2023-05-12,26,66,,0.66,17.16
2023-05-13,100,66,,0.66,66
2023-05-14,13,9,FALSE,0.09,1.17
2023-05-15,8,9,,0.09,0.72
2023-05-16,5,9,,0.09,0.4499999999999999
2023-05-17,6,9,,0.09,0.54
2023-05-18,4,9,,0.09,0.36
2023-05-19,5,9,,0.09,0.4499999999999999
2023-05-20,5,9,,0.09,0.4499999999999999
2023-05-21,8,6,FALSE,0.06,0.48
2023-05-22,6,6,,0.06,0.36
2023-05-23,5,6,,0.06,0.3
2023-05-24,4,6,,0.06,0.24
2023-05-25,3,6,,0.06,0.18
2023-05-26,4,6,,0.06,0.24
2023-05-27,3,6,,0.06,0.18
2023-05-28,3,5,FALSE,0.05,0.15
2023-05-29,4,5,,0.05,0.2
2023-05-30,6,5,,0.05,0.3
2023-05-31,4,5,,0.05,0.2
2023-06-01,26,5,,0.05,1.3
2023-06-02,24,5,,0.05,1.2000000000000002
2023-06-03,22,5,,0.05,1.1
2023-06-04,34,4,FALSE,0.04,1.36
2023-06-05,24,4,,0.04,0.96
2023-06-06,18,4,,0.04,0.72
2023-06-07,18,4,,0.04,0.72
2023-06-08,21,4,,0.04,0.84
2023-06-09,17,4,,0.04,0.68
2023-06-10,24,4,,0.04,0.96
2023-06-11,19,4,FALSE,0.04,0.76
2023-06-12,25,4,,0.04,1
2023-06-13,25,4,,0.04,1
2023-06-14,30,4,,0.04,1.2
2023-06-15,23,4,,0.04,0.92
2023-06-16,23,4,,0.04,0.92
2023-06-17,24,4,,0.04,0.96
2023-06-18,32,9,FALSE,0.09,2.88
2023-06-19,36,9,,0.09,3.24
2023-06-20,30,9,,0.09,2.6999999999999997
2023-06-21,32,9,,0.09,2.88
2023-06-22,76,9,,0.09,6.84
2023-06-23,100,9,,0.09,9
2023-06-24,55,9,,0.09,4.95
2023-06-25,52,8,FALSE,0.08,4.16
2023-06-26,37,8,,0.08,2.96
2023-06-27,35,8,,0.08,2.8000000000000003
2023-06-28,32,8,,0.08,2.56
2023-06-29,33,8,,0.08,2.64
2023-06-30,39,8,,0.08,3.12
2023-07-01,100,8,,0.08,8
2023-07-02,84,8,FALSE,0.08,6.72
2023-07-03,74,8,,0.08,5.92
2023-07-04,83,8,,0.08,6.640000000000001
2023-07-05,63,8,,0.08,5.04
2023-07-06,61,8,,0.08,4.88
2023-07-07,56,8,,0.08,4.48
2023-07-08,80,8,,0.08,6.4
2023-07-09,69,6,FALSE,0.06,4.14
2023-07-10,77,6,,0.06,4.62
2023-07-11,48,6,,0.06,2.88
2023-07-12,56,6,,0.06,3.36
2023-07-13,48,6,,0.06,2.88
2023-07-14,46,6,,0.06,2.76
2023-07-15,47,6,,0.06,2.82
2023-07-16,44,6,FALSE,0.06,2.6399999999999997
2023-07-17,46,6,,0.06,2.76
2023-07-18,67,6,,0.06,4.02
2023-07-19,66,6,,0.06,3.96
2023-07-20,37,6,,0.06,2.22
2023-07-21,35,6,,0.06,2.1
2023-07-22,40,6,,0.06,2.4
2023-07-23,34,4,FALSE,0.04,1.36
2023-07-24,35,4,,0.04,1.4
2023-07-25,36,4,,0.04,1.44
2023-07-26,28,4,,0.04,1.12
2023-07-27,31,4,,0.04,1.24
2023-07-28,36,4,,0.04,1.44
2023-07-29,35,4,,0.04,1.4
2023-07-30,39,3,FALSE,0.03,1.17
2023-07-31,29,3,,0.03,0.87
2023-08-01,50,3,,0.03,1.5
2023-08-02,54,3,,0.03,1.62
2023-08-03,52,3,,0.03,1.56
2023-08-04,44,3,,0.03,1.3199999999999998
2023-08-05,45,3,,0.03,1.35
2023-08-06,52,3,FALSE,0.03,1.56
2023-08-07,47,3,,0.03,1.41
2023-08-08,49,3,,0.03,1.47
2023-08-09,48,3,,0.03,1.44
2023-08-10,49,3,,0.03,1.47
2023-08-11,48,3,,0.03,1.44
2023-08-12,64,3,,0.03,1.92
2023-08-13,48,5,FALSE,0.05,2.4000000000000004
2023-08-14,49,5,,0.05,2.45
2023-08-15,50,5,,0.05,2.5
2023-08-16,63,5,,0.05,3.1500000000000004
2023-08-17,100,5,,0.05,5
2023-08-18,76,5,,0.05,3.8
2023-08-19,78,5,,0.05,3.9
2023-08-20,58,4,FALSE,0.04,2.32
2023-08-21,46,4,,0.04,1.84
2023-08-22,70,4,,0.04,2.8000000000000003
2023-08-23,57,4,,0.04,2.28
2023-08-24,57,4,,0.04,2.28
2023-08-25,47,4,,0.04,1.88
2023-08-26,50,4,,0.04,2
2023-08-27,58,4,FALSE,0.04,2.32
2023-08-28,49,4,,0.04,1.96
2023-08-29,44,4,,0.04,1.76
2023-08-30,49,4,,0.04,1.96
2023-08-31,41,4,,0.04,1.64
2023-09-01,73,4,,0.04,2.92
2023-09-02,82,4,,0.04,3.28
2023-09-03,50,4,FALSE,0.04,2
2023-09-04,57,4,,0.04,2.28
2023-09-05,52,4,,0.04,2.08
2023-09-06,64,4,,0.04,2.56
2023-09-07,72,4,,0.04,2.88
2023-09-08,72,4,,0.04,2.88
2023-09-09,61,4,,0.04,2.44
2023-09-10,59,4,FALSE,0.04,2.36
2023-09-11,57,4,,0.04,2.28
2023-09-12,51,4,,0.04,2.04
2023-09-13,53,4,,0.04,2.12
2023-09-14,59,4,,0.04,2.36
2023-09-15,100,4,,0.04,4
2023-09-16,76,4,,0.04,3.04
2023-09-17,72,4,FALSE,0.04,2.88
2023-09-18,61,4,,0.04,2.44
2023-09-19,54,4,,0.04,2.16
2023-09-20,65,4,,0.04,2.6
2023-09-21,78,4,,0.04,3.12
2023-09-22,80,4,,0.04,3.2
2023-09-23,67,4,,0.04,2.68
2023-09-24,66,4,FALSE,0.04,2.64
2023-09-25,60,4,,0.04,2.4
2023-09-26,66,4,,0.04,2.64
2023-09-27,85,4,,0.04,3.4
2023-09-28,78,4,,0.04,3.12
2023-09-29,79,4,,0.04,3.16
2023-09-30,83,4,,0.04,3.3200000000000003
2023-10-01,14,5,FALSE,0.05,0.7000000000000001
2023-10-02,18,5,,0.05,0.9
2023-10-03,13,5,,0.05,0.65
2023-10-04,13,5,,0.05,0.65
2023-10-05,19,5,,0.05,0.95
2023-10-06,15,5,,0.05,0.75
2023-10-07,19,5,,0.05,0.95
2023-10-08,50,9,FALSE,0.09,4.5
2023-10-09,18,9,,0.09,1.62
2023-10-10,20,9,,0.09,1.7999999999999998
2023-10-11,18,9,,0.09,1.62
2023-10-12,14,9,,0.09,1.26
2023-10-13,17,9,,0.09,1.53
2023-10-14,47,9,,0.09,4.2299999999999995
2023-10-15,21,10,FALSE,0.1,2.1
2023-10-16,34,10,,0.1,3.4000000000000004
2023-10-17,20,10,,0.1,2
2023-10-18,19,10,,0.1,1.9
2023-10-19,42,10,,0.1,4.2
2023-10-20,21,10,,0.1,2.1
2023-10-21,44,10,,0.1,4.4
2023-10-22,22,16,FALSE,0.16,3.52
2023-10-23,19,16,,0.16,3.04
2023-10-24,32,16,,0.16,5.12
2023-10-25,100,16,,0.16,16
2023-10-26,23,16,,0.16,3.68
2023-10-27,29,16,,0.16,4.64
2023-10-28,66,16,,0.16,10.56
2023-10-29,38,19,FALSE,0.19,7.22
2023-10-30,56,19,,0.19,10.64
2023-10-31,58,19,,0.19,11.02
2023-11-01,36,19,,0.19,6.84
2023-11-02,82,19,,0.19,15.58
2023-11-03,41,19,,0.19,7.79
2023-11-04,100,19,,0.19,19
2023-11-05,57,17,FALSE,0.17,9.69
2023-11-06,62,17,,0.17,10.54
2023-11-07,62,17,,0.17,10.54
2023-11-08,35,17,,0.17,5.95
2023-11-09,74,17,,0.17,12.58
2023-11-10,33,17,,0.17,5.61
2023-11-11,52,17,,0.17,8.84
2023-11-12,82,20,FALSE,0.2,16.400000000000002
2023-11-13,62,20,,0.2,12.4
2023-11-14,33,20,,0.2,6.6000000000000005
2023-11-15,96,20,,0.2,19.200000000000003
2023-11-16,45,20,,0.2,9
2023-11-17,66,20,,0.2,13.2
2023-11-18,39,20,,0.2,7.800000000000001
2023-11-19,79,17,FALSE,0.17,13.43
2023-11-20,29,17,,0.17,4.930000000000001
2023-11-21,61,17,,0.17,10.37
2023-11-22,28,17,,0.17,4.760000000000001
2023-11-23,78,17,,0.17,13.260000000000002
2023-11-24,28,17,,0.17,4.760000000000001
2023-11-25,75,17,,0.17,12.750000000000002
2023-11-26,25,14,FALSE,0.14,3.5000000000000004
2023-11-27,24,14,,0.14,3.3600000000000003
2023-11-28,30,14,,0.14,4.2
2023-11-29,81,14,,0.14,11.340000000000002
2023-11-30,27,14,,0.14,3.78
2023-12-01,61,14,,0.14,8.540000000000001
2023-12-02,62,14,,0.14,8.680000000000001
2023-12-03,38,11,FALSE,0.11,4.18
2023-12-04,23,11,,0.11,2.53
2023-12-05,27,11,,0.11,2.97
2023-12-06,27,11,,0.11,2.97
2023-12-07,57,11,,0.11,6.2700000000000005
2023-12-08,29,11,,0.11,3.19
2023-12-09,67,11,,0.11,7.37
2023-12-10,28,12,FALSE,0.12,3.36
2023-12-11,21,12,,0.12,2.52
2023-12-12,28,12,,0.12,3.36
2023-12-13,76,12,,0.12,9.12
2023-12-14,39,12,,0.12,4.68
2023-12-15,59,12,,0.12,7.08
2023-12-16,31,12,,0.12,3.72
2023-12-17,61,17,FALSE,0.17,10.37
2023-12-18,57,17,,0.17,9.69
2023-12-19,30,17,,0.17,5.1000000000000005
2023-12-20,93,17,,0.17,15.81
2023-12-21,32,17,,0.17,5.44
2023-12-22,40,17,,0.17,6.800000000000001
2023-12-23,98,17,,0.17,16.66
2023-12-24,69,15,FALSE,0.15,10.35
2023-12-25,100,15,,0.15,15
2023-12-26,34,15,,0.15,5.1
2023-12-27,29,15,,0.15,4.35
2023-12-28,30,15,,0.15,4.5
2023-12-29,66,15,,0.15,9.9
2023-12-30,33,15,,0.15,4.95
2023-12-31,53,15,FALSE,0.15,7.949999999999999
2024-01-01,23,15,,0.15,3.4499999999999997
2024-01-02,29,15,,0.15,4.35
2024-01-03,60,15,,0.15,9
2024-01-04,30,15,,0.15,4.5
2024-01-05,81,15,,0.15,12.15
2024-01-06,65,15,,0.15,9.75
2024-01-07,30,12,FALSE,0.12,3.5999999999999996
2024-01-08,48,12,,0.12,5.76
2024-01-09,24,12,,0.12,2.88
2024-01-10,29,12,,0.12,3.48
2024-01-11,66,12,,0.12,7.92
2024-01-12,35,12,,0.12,4.2
2024-01-13,61,12,,0.12,7.319999999999999
2024-01-14,50,14,FALSE,0.14,7.000000000000001
2024-01-15,30,14,,0.14,4.2
2024-01-16,45,14,,0.14,6.300000000000001
2024-01-17,56,14,,0.14,7.840000000000001
2024-01-18,63,14,,0.14,8.82
2024-01-19,36,14,,0.14,5.040000000000001
2024-01-20,35,14,,0.14,4.9
2024-01-21,26,12,FALSE,0.12,3.12
2024-01-22,25,12,,0.12,3
2024-01-23,27,12,,0.12,3.24
2024-01-24,30,12,,0.12,3.5999999999999996
2024-01-25,68,12,,0.12,8.16
2024-01-26,69,12,,0.12,8.28
2024-01-27,33,12,,0.12,3.96
2024-01-28,100,14,FALSE,0.14,14.000000000000002
2024-01-29,22,14,,0.14,3.08
2024-01-30,26,14,,0.14,3.640000000000001
2024-01-31,63,14,,0.14,8.82
2024-02-01,25,14,,0.14,3.5000000000000004
2024-02-02,24,14,,0.14,3.3600000000000003
2024-02-03,59,14,,0.14,8.260000000000002
2024-02-04,77,16,FALSE,0.16,12.32
2024-02-05,26,16,,0.16,4.16
2024-02-06,48,16,,0.16,7.68
2024-02-07,32,16,,0.16,5.12
2024-02-08,76,16,,0.16,12.16
2024-02-09,67,16,,0.16,10.72
2024-02-10,37,16,,0.16,5.92
2024-02-11,100,21,FALSE,0.21,21
2024-02-12,29,21,,0.21,6.09
2024-02-13,68,21,,0.21,14.28
2024-02-14,37,21,,0.21,7.77
2024-02-15,89,21,,0.21,18.69
2024-02-16,91,21,,0.21,19.11
2024-02-17,26,21,,0.21,5.46
2024-02-18,21,12,FALSE,0.12,2.52
2024-02-19,20,12,,0.12,2.4
2024-02-20,17,12,,0.12,2.04
2024-02-21,21,12,,0.12,2.52
2024-02-22,25,12,,0.12,3
2024-02-23,73,12,,0.12,8.76
2024-02-24,81,12,,0.12,9.72
2024-02-25,46,18,FALSE,0.18,8.28
2024-02-26,67,18,,0.18,12.06
2024-02-27,29,18,,0.18,5.22
2024-02-28,56,18,,0.18,10.08
2024-02-29,37,18,,0.18,6.66
2024-03-01,66,18,,0.18,11.88
2024-03-02,64,18,,0.18,11.52
2024-03-03,93,19,FALSE,0.19,17.67
2024-03-04,50,19,,0.19,9.5
2024-03-05,24,19,,0.19,4.5600000000000005
2024-03-06,27,19,,0.19,5.13
2024-03-07,70,19,,0.19,13.3
2024-03-08,61,19,,0.19,11.59
2024-03-09,32,19,,0.19,6.08
2024-03-10,64,14,FALSE,0.14,8.96
2024-03-11,28,14,,0.14,3.92
2024-03-12,52,14,,0.14,7.280000000000001
2024-03-13,29,14,,0.14,4.0600000000000005
2024-03-14,49,14,,0.14,6.86
2024-03-15,19,14,,0.14,2.66
2024-03-16,28,14,,0.14,3.92
2024-03-17,100,18,FALSE,0.18,18
2024-03-18,29,18,,0.18,5.22
2024-03-19,62,18,,0.18,11.16
2024-03-20,23,18,,0.18,4.14
2024-03-21,52,18,,0.18,9.36
2024-03-22,25,18,,0.18,4.5
2024-03-23,57,18,,0.18,10.26
2024-03-24,35,18,FALSE,0.18,6.3
2024-03-25,45,18,,0.18,8.1
2024-03-26,31,18,,0.18,5.58
2024-03-27,64,18,,0.18,11.52
2024-03-28,73,18,,0.18,13.14
2024-03-29,35,18,,0.18,6.3
2024-03-30,53,18,,0.18,9.54
2024-03-31,37,18,FALSE,0.18,6.66
2024-04-01,31,18,,0.18,5.58
2024-04-02,18,18,,0.18,3.24
2024-04-03,38,18,,0.18,6.84
2024-04-04,20,18,,0.18,3.5999999999999996
2024-04-05,40,18,,0.18,7.199999999999999
2024-04-06,39,18,,0.18,7.02
2024-04-07,22,22,FALSE,0.22,4.84
2024-04-08,34,22,,0.22,7.48
2024-04-09,17,22,,0.22,3.74
2024-04-10,50,22,,0.22,11
2024-04-11,22,22,,0.22,4.84
2024-04-12,47,22,,0.22,10.34
2024-04-13,53,22,,0.22,11.66
2024-04-14,41,21,FALSE,0.21,8.61
2024-04-15,21,21,,0.21,4.41
2024-04-16,22,21,,0.21,4.62
2024-04-17,100,21,,0.21,21
2024-04-18,19,21,,0.21,3.99
2024-04-19,11,21,,0.21,2.31
2024-04-20,12,21,,0.21,2.52
2024-04-21,10,5,FALSE,0.05,0.5
2024-04-22,8,5,,0.05,0.4
2024-04-23,9,5,,0.05,0.45
2024-04-24,7,5,,0.05,0.35
2024-04-25,7,5,,0.05,0.35
2024-04-26,7,5,,0.05,0.35
2024-04-27,7,5,,0.05,0.35
2024-04-28,9,4,FALSE,0.04,0.36
2024-04-29,8,4,,0.04,0.32
2024-04-30,9,4,,0.04,0.36
2024-05-01,90,4,,0.04,3.6
2024-05-02,91,4,,0.04,3.64
2024-05-03,88,4,,0.04,3.52
2024-05-04,93,4,,0.04,3.72
2024-05-05,94,3,FALSE,0.03,2.82
2024-05-06,78,3,,0.03,2.34
2024-05-07,87,3,,0.03,2.61
2024-05-08,100,3,,0.03,3
2024-05-09,81,3,,0.03,2.4299999999999997
2024-05-10,71,3,,0.03,2.13
2024-05-11,85,3,,0.03,2.55
2024-05-12,82,3,FALSE,0.03,2.46
2024-05-13,92,3,,0.03,2.76
2024-05-14,89,3,,0.03,2.67
2024-05-15,86,3,,0.03,2.58
2024-05-16,77,3,,0.03,2.31
2024-05-17,73,3,,0.03,2.19
2024-05-18,66,3,,0.03,1.98
2024-05-19,92,3,FALSE,0.03,2.76
2024-05-20,90,3,,0.03,2.6999999999999997
2024-05-21,78,3,,0.03,2.34
2024-05-22,66,3,,0.03,1.98
2024-05-23,70,3,,0.03,2.1
2024-05-24,64,3,,0.03,1.92
2024-05-25,77,3,,0.03,2.31
2024-05-26,79,3,FALSE,0.03,2.37
2024-05-27,86,3,,0.03,2.58
2024-05-28,84,3,,0.03,2.52
2024-05-29,86,3,,0.03,2.58
2024-05-30,65,3,,0.03,1.95
2024-05-31,74,3,,0.03,2.22
2024-06-01,24,3,,0.03,0.72
2024-06-02,22,3,FALSE,0.03,0.6599999999999999
2024-06-03,21,3,,0.03,0.63
2024-06-04,22,3,,0.03,0.6599999999999999
2024-06-05,20,3,,0.03,0.6
2024-06-06,25,3,,0.03,0.75
2024-06-07,23,3,,0.03,0.69
2024-06-08,19,3,,0.03,0.57
2024-06-09,25,3,FALSE,0.03,0.75
2024-06-10,25,3,,0.03,0.75
2024-06-11,19,3,,0.03,0.57
2024-06-12,22,3,,0.03,0.6599999999999999
2024-06-13,25,3,,0.03,0.75
2024-06-14,21,3,,0.03,0.63
2024-06-15,27,3,,0.03,0.8099999999999999
2024-06-16,20,3,FALSE,0.03,0.6
2024-06-17,23,3,,0.03,0.69
2024-06-18,36,3,,0.03,1.08
2024-06-19,25,3,,0.03,0.75
2024-06-20,26,3,,0.03,0.78
2024-06-21,27,3,,0.03,0.8099999999999999
2024-06-22,29,3,,0.03,0.87
2024-06-23,29,7,FALSE,0.07,2.03
2024-06-24,29,7,,0.07,2.03
2024-06-25,32,7,,0.07,2.24
2024-06-26,43,7,,0.07,3.01
2024-06-27,100,7,,0.07,7.000000000000001
2024-06-28,66,7,,0.07,4.62
2024-06-29,62,7,,0.07,4.340000000000001
2024-06-30,86,12,FALSE,0.12,10.32
2024-07-01,100,12,,0.12,12
2024-07-02,82,12,,0.12,9.84
2024-07-03,77,12,,0.12,9.24
2024-07-04,67,12,,0.12,8.04
2024-07-05,61,12,,0.12,7.319999999999999
2024-07-06,63,12,,0.12,7.56
2024-07-07,56,6,FALSE,0.06,3.36
2024-07-08,42,6,,0.06,2.52
2024-07-09,37,6,,0.06,2.22
2024-07-10,36,6,,0.06,2.16
2024-07-11,37,6,,0.06,2.22
2024-07-12,30,6,,0.06,1.7999999999999998
2024-07-13,29,6,,0.06,1.74
2024-07-14,26,5,FALSE,0.05,1.3
2024-07-15,29,5,,0.05,1.4500000000000002
2024-07-16,32,5,,0.05,1.6
2024-07-17,34,5,,0.05,1.7000000000000002
2024-07-18,27,5,,0.05,1.35
2024-07-19,29,5,,0.05,1.4500000000000002
2024-07-20,32,5,,0.05,1.6
2024-07-21,29,4,FALSE,0.04,1.16
2024-07-22,26,4,,0.04,1.04
2024-07-23,24,4,,0.04,0.96
2024-07-24,23,4,,0.04,0.92
2024-07-25,20,4,,0.04,0.8
2024-07-26,21,4,,0.04,0.84
2024-07-27,21,4,,0.04,0.84
2024-07-28,22,3,FALSE,0.03,0.6599999999999999
2024-07-29,18,3,,0.03,0.54
2024-07-30,23,3,,0.03,0.69
2024-07-31,19,3,,0.03,0.57
2024-08-01,50,3,,0.03,1.5
2024-08-02,55,3,,0.03,1.65
2024-08-03,54,3,,0.03,1.62
2024-08-04,56,3,FALSE,0.03,1.68
2024-08-05,50,3,,0.03,1.5
2024-08-06,48,3,,0.03,1.44
2024-08-07,55,3,,0.03,1.65
2024-08-08,61,3,,0.03,1.83
2024-08-09,55,3,,0.03,1.65
2024-08-10,100,3,,0.03,3
2024-08-11,90,4,FALSE,0.04,3.6
2024-08-12,58,4,,0.04,2.32
2024-08-13,67,4,,0.04,2.68
2024-08-14,59,4,,0.04,2.36
2024-08-15,67,4,,0.04,2.68
2024-08-16,79,4,,0.04,3.16
2024-08-17,67,4,,0.04,2.68
2024-08-18,84,4,FALSE,0.04,3.36
2024-08-19,67,4,,0.04,2.68
2024-08-20,82,4,,0.04,3.28
2024-08-21,69,4,,0.04,2.76
2024-08-22,64,4,,0.04,2.56
2024-08-23,54,4,,0.04,2.16
2024-08-24,70,4,,0.04,2.8000000000000003
2024-08-25,61,3,FALSE,0.03,1.83
2024-08-26,57,3,,0.03,1.71
2024-08-27,58,3,,0.03,1.74
2024-08-28,53,3,,0.03,1.59
2024-08-29,64,3,,0.03,1.92
2024-08-30,58,3,,0.03,1.74
2024-08-31,49,3,,0.03,1.47
2024-09-01,34,3,FALSE,0.03,1.02
2024-09-02,30,3,,0.03,0.8999999999999999
2024-09-03,37,3,,0.03,1.11
2024-09-04,29,3,,0.03,0.87
2024-09-05,34,3,,0.03,1.02
2024-09-06,30,3,,0.03,0.8999999999999999
2024-09-07,37,3,,0.03,1.11
2024-09-08,29,2,FALSE,0.02,0.58
2024-09-09,29,2,,0.02,0.58
2024-09-10,30,2,,0.02,0.6
2024-09-11,29,2,,0.02,0.58
2024-09-12,27,2,,0.02,0.54
2024-09-13,29,2,,0.02,0.58
2024-09-14,34,2,,0.02,0.68
2024-09-15,36,3,FALSE,0.03,1.08
2024-09-16,35,3,,0.03,1.05
2024-09-17,31,3,,0.03,0.93
2024-09-18,31,3,,0.03,0.93
2024-09-19,38,3,,0.03,1.14
2024-09-20,31,3,,0.03,0.93
2024-09-21,31,3,,0.03,0.93
2024-09-22,26,4,FALSE,0.04,1.04
2024-09-23,26,4,,0.04,1.04
2024-09-24,28,4,,0.04,1.12
2024-09-25,38,4,,0.04,1.52
2024-09-26,37,4,,0.04,1.48
2024-09-27,100,4,,0.04,4
2024-09-28,63,4,,0.04,2.52
2024-09-29,47,4,FALSE,0.04,1.88
2024-09-30,37,4,,0.04,1.48
2024-10-01,16,4,,0.04,0.64
2024-10-02,15,4,,0.04,0.6
2024-10-03,14,4,,0.04,0.56
2024-10-04,16,4,,0.04,0.64
2024-10-05,28,4,,0.04,1.12
2024-10-06,45,7,FALSE,0.07,3.1500000000000004
2024-10-07,18,7,,0.07,1.2600000000000002
2024-10-08,16,7,,0.07,1.12
2024-10-09,18,7,,0.07,1.2600000000000002
2024-10-10,46,7,,0.07,3.22
2024-10-11,25,7,,0.07,1.7500000000000002
2024-10-12,53,7,,0.07,3.71
2024-10-13,27,8,FALSE,0.08,2.16
2024-10-14,36,8,,0.08,2.88
2024-10-15,24,8,,0.08,1.92
2024-10-16,70,8,,0.08,5.6000000000000005
2024-10-17,24,8,,0.08,1.92
2024-10-18,24,8,,0.08,1.92
2024-10-19,48,8,,0.08,3.84
2024-10-20,21,11,FALSE,0.11,2.31
2024-10-21,25,11,,0.11,2.75
2024-10-22,24,11,,0.11,2.64
2024-10-23,35,11,,0.11,3.85
2024-10-24,100,11,,0.11,11
2024-10-25,38,11,,0.11,4.18
2024-10-26,83,11,,0.11,9.13
2024-10-27,47,14,FALSE,0.14,6.580000000000001
2024-10-28,80,14,,0.14,11.2
2024-10-29,38,14,,0.14,5.32
2024-10-30,90,14,,0.14,12.6
2024-10-31,76,14,,0.14,10.64
2024-11-01,21,14,,0.14,2.9400000000000004
2024-11-02,26,14,,0.14,3.640000000000001
2024-11-03,52,16,FALSE,0.16,8.32
2024-11-04,22,16,,0.16,3.52
2024-11-05,38,16,,0.16,6.08
2024-11-06,17,16,,0.16,2.72
2024-11-07,68,16,,0.16,10.88
2024-11-08,28,16,,0.16,4.48
2024-11-09,61,16,,0.16,9.76
2024-11-10,21,18,FALSE,0.18,3.78
2024-11-11,45,18,,0.18,8.1
2024-11-12,27,18,,0.18,4.859999999999999
2024-11-13,100,18,,0.18,18
2024-11-14,27,18,,0.18,4.859999999999999
2024-11-15,21,18,,0.18,3.78
2024-11-16,59,18,,0.18,10.62
2024-11-17,25,14,FALSE,0.14,3.5000000000000004
2024-11-18,24,14,,0.14,3.3600000000000003
2024-11-19,47,14,,0.14,6.580000000000001
2024-11-20,23,14,,0.14,3.22
2024-11-21,47,14,,0.14,6.580000000000001
2024-11-22,24,14,,0.14,3.3600000000000003
2024-11-23,56,14,,0.14,7.840000000000001
2024-11-24,46,12,FALSE,0.12,5.52
2024-11-25,17,12,,0.12,2.04
2024-11-26,40,12,,0.12,4.8
2024-11-27,21,12,,0.12,2.52
2024-11-28,48,12,,0.12,5.76
2024-11-29,15,12,,0.12,1.7999999999999998
2024-11-30,20,12,,0.12,2.4
2024-12-01,50,13,FALSE,0.13,6.5
2024-12-02,22,13,,0.13,2.8600000000000003
2024-12-03,24,13,,0.13,3.12
2024-12-04,52,13,,0.13,6.76
2024-12-05,19,13,,0.13,2.47
2024-12-06,51,13,,0.13,6.63
2024-12-07,63,13,,0.13,8.19
2024-12-08,23,11,FALSE,0.11,2.53
2024-12-09,46,11,,0.11,5.06
2024-12-10,23,11,,0.11,2.53
2024-12-11,29,11,,0.11,3.19
2024-12-12,82,11,,0.11,9.02
2024-12-13,20,11,,0.11,2.2
2024-12-14,26,11,,0.11,2.86
2024-12-15,33,11,FALSE,0.11,3.63
2024-12-16,55,11,,0.11,6.05
2024-12-17,22,11,,0.11,2.42
2024-12-18,21,11,,0.11,2.31
2024-12-19,24,11,,0.11,2.64
2024-12-20,62,11,,0.11,6.82
2024-12-21,26,11,,0.11,2.86
2024-12-22,51,15,FALSE,0.15,7.65
2024-12-23,21,15,,0.15,3.15
2024-12-24,44,15,,0.15,6.6
2024-12-25,34,15,,0.15,5.1
2024-12-26,100,15,,0.15,15
2024-12-27,23,15,,0.15,3.4499999999999997
2024-12-28,48,15,,0.15,7.199999999999999
2024-12-29,48,11,FALSE,0.11,5.28
2024-12-30,23,11,,0.11,2.53
2024-12-31,46,11,,0.11,5.06
2025-01-01,31,11,,0.11,3.41
2025-01-02,38,11,,0.11,4.18
2025-01-03,74,11,,0.11,8.14
2025-01-04,46,11,,0.11,5.06
2025-01-05,79,11,FALSE,0.11,8.69
2025-01-06,59,11,,0.11,6.49
2025-01-07,32,11,,0.11,3.52
2025-01-08,60,11,,0.11,6.6
2025-01-09,38,11,,0.11,4.18
2025-01-10,59,11,,0.11,6.49
2025-01-11,52,11,,0.11,5.72
2025-01-12,29,8,FALSE,0.08,2.32
2025-01-13,29,8,,0.08,2.32
2025-01-14,49,8,,0.08,3.92
2025-01-15,29,8,,0.08,2.32
2025-01-16,74,8,,0.08,5.92
2025-01-17,33,8,,0.08,2.64
2025-01-18,41,8,,0.08,3.28
2025-01-19,64,10,FALSE,0.1,6.4
2025-01-20,50,10,,0.1,5
2025-01-21,39,10,,0.1,3.9
2025-01-22,30,10,,0.1,3
2025-01-23,68,10,,0.1,6.800000000000001
2025-01-24,54,10,,0.1,5.4
2025-01-25,41,10,,0.1,4.1000000000000005
2025-01-26,100,13,FALSE,0.13,13
2025-01-27,33,13,,0.13,4.29
2025-01-28,37,13,,0.13,4.8100000000000005
2025-01-29,64,13,,0.13,8.32
2025-01-30,84,13,,0.13,10.92
2025-01-31,41,13,,0.13,5.33
2025-02-01,48,13,,0.13,6.24
2025-02-02,33,19,FALSE,0.19,6.2700000000000005
2025-02-03,35,19,,0.19,6.65
2025-02-04,55,19,,0.19,10.45
2025-02-05,45,19,,0.19,8.55
2025-02-06,100,19,,0.19,19
2025-02-07,75,19,,0.19,14.25
2025-02-08,37,19,,0.19,7.03
2025-02-09,92,18,FALSE,0.18,16.56
2025-02-10,30,18,,0.18,5.3999999999999995
2025-02-11,66,18,,0.18,11.88
2025-02-12,31,18,,0.18,5.58
2025-02-13,79,18,,0.18,14.22
2025-02-14,60,18,,0.18,10.8
2025-02-15,21,18,,0.18,3.78
2025-02-16,19,8,FALSE,0.08,1.52
2025-02-17,20,8,,0.08,1.6
2025-02-18,17,8,,0.08,1.36
2025-02-19,17,8,,0.08,1.36
2025-02-20,21,8,,0.08,1.68
2025-02-21,27,8,,0.08,2.16
2025-02-22,62,8,,0.08,4.96
2025-02-23,70,17,FALSE,0.17,11.9
2025-02-24,40,17,,0.17,6.800000000000001
2025-02-25,31,17,,0.17,5.2700000000000005
2025-02-26,57,17,,0.17,9.69
2025-02-27,33,17,,0.17,5.61
2025-02-28,91,17,,0.17,15.47
2025-03-01,36,17,,0.17,6.12
2025-03-02,68,20,FALSE,0.2,13.6
2025-03-03,23,20,,0.2,4.6000000000000005
2025-03-04,51,20,,0.2,10.2
2025-03-05,57,20,,0.2,11.4
2025-03-06,28,20,,0.2,5.6000000000000005
2025-03-07,69,20,,0.2,13.8
2025-03-08,32,20,,0.2,6.4
2025-03-09,80,18,FALSE,0.18,14.4
2025-03-10,27,18,,0.18,4.859999999999999
2025-03-11,54,18,,0.18,9.72
2025-03-12,22,18,,0.18,3.96
2025-03-13,31,18,,0.18,5.58
2025-03-14,67,18,,0.18,12.06
2025-03-15,34,18,,0.18,6.12
2025-03-16,100,21,FALSE,0.21,21
2025-03-17,31,21,,0.21,6.51
2025-03-18,61,21,,0.21,12.81
2025-03-19,58,21,,0.21,12.18
2025-03-20,30,21,,0.21,6.3
2025-03-21,52,21,,0.21,10.92
2025-03-22,35,21,,0.21,7.35
2025-03-23,41,13,FALSE,0.13,5.33
2025-03-24,21,13,,0.13,2.73
2025-03-25,31,13,,0.13,4.03
2025-03-26,44,13,,0.13,5.720000000000001
2025-03-27,19,13,,0.13,2.47
2025-03-28,23,13,,0.13,2.99
2025-03-29,44,13,,0.13,5.720000000000001
2025-03-30,31,23,FALSE,0.23,7.13
2025-03-31,37,23,,0.23,8.51
2025-04-01,17,23,,0.23,3.91
2025-04-02,41,23,,0.23,9.43
2025-04-03,17,23,,0.23,3.91
2025-04-04,59,23,,0.23,13.57
2025-04-05,57,23,,0.23,13.11
2025-04-06,27,25,FALSE,0.25,6.75
2025-04-07,46,25,,0.25,11.5
2025-04-08,17,25,,0.25,4.25
2025-04-09,42,25,,0.25,10.5
2025-04-10,44,25,,0.25,11
2025-04-11,27,25,,0.25,6.75
2025-04-12,53,25,,0.25,13.25
2025-04-13,68,24,FALSE,0.24,16.32