Date,JPMorgan Chase_unscaled,JPMorgan Chase_monthly,isPartial,scale,JPMorgan Chase
2020-12-22,96,29.0,,0.29,27.839999999999996
2020-12-23,93,29.0,,0.29,26.97
2020-12-24,63,29.0,,0.29,18.27
2020-12-25,28,29.0,,0.29,8.12
2020-12-26,29,29.0,,0.29,8.41
2020-12-27,35,31.0,False,0.31,10.85
2020-12-28,87,31.0,,0.31,26.97
2020-12-29,79,31.0,,0.31,24.49
2020-12-30,81,31.0,,0.31,25.11
2020-12-31,83,31.0,,0.31,25.73
2021-01-01,51,31.0,,0.31,15.81
2021-01-02,43,31.0,,0.31,13.33
2021-01-03,41,35.0,False,0.35,14.35
2021-01-04,80,35.0,,0.35,28.0
2021-01-05,86,35.0,,0.35,30.099999999999998
2021-01-06,69,35.0,,0.35,24.15
2021-01-07,67,35.0,,0.35,23.45
2021-01-08,79,35.0,,0.35,27.65
2021-01-09,44,35.0,,0.35,15.399999999999999
2021-01-10,30,36.0,False,0.36,10.799999999999999
2021-01-11,63,36.0,,0.36,22.68
2021-01-12,90,36.0,,0.36,32.4
2021-01-13,84,36.0,,0.36,30.24
2021-01-14,79,36.0,,0.36,28.439999999999998
2021-01-15,100,36.0,,0.36,36.0
2021-01-16,43,36.0,,0.36,15.479999999999999
2021-01-17,48,34.0,False,0.34,16.32
2021-01-18,57,34.0,,0.34,19.380000000000003
2021-01-19,80,34.0,,0.34,27.200000000000003
2021-01-20,85,34.0,,0.34,28.900000000000002
2021-01-21,76,34.0,,0.34,25.840000000000003
2021-01-22,77,34.0,,0.34,26.180000000000003
2021-01-23,35,34.0,,0.34,11.9
2021-01-24,23,37.0,False,0.37,8.51
2021-01-25,89,37.0,,0.37,32.93
2021-01-26,87,37.0,,0.37,32.19
2021-01-27,84,37.0,,0.37,31.08
2021-01-28,75,37.0,,0.37,27.75
2021-01-29,81,37.0,,0.37,29.97
2021-01-30,54,37.0,,0.37,19.98
2021-01-31,40,34.0,False,0.34,13.600000000000001
2021-02-01,93,34.0,,0.34,31.62
2021-02-02,90,34.0,,0.34,30.6
2021-02-03,77,34.0,,0.34,26.180000000000003
2021-02-04,83,34.0,,0.34,28.220000000000002
2021-02-05,71,34.0,,0.34,24.14
2021-02-06,53,34.0,,0.34,18.02
2021-02-07,49,33.0,False,0.33,16.17
2021-02-08,80,33.0,,0.33,26.400000000000002
2021-02-09,80,33.0,,0.33,26.400000000000002
2021-02-10,68,33.0,,0.33,22.44
2021-02-11,66,33.0,,0.33,21.78
2021-02-12,100,33.0,,0.33,33.0
2021-02-13,49,33.0,,0.33,16.17
2021-02-14,42,33.0,False,0.33,13.860000000000001
2021-02-15,56,33.0,,0.33,18.48
2021-02-16,89,33.0,,0.33,29.37
2021-02-17,77,33.0,,0.33,25.41
2021-02-18,74,33.0,,0.33,24.42
2021-02-19,86,33.0,,0.33,28.380000000000003
2021-02-20,75,33.0,,0.33,24.75
2021-02-21,45,35.0,False,0.35,15.749999999999998
2021-02-22,81,35.0,,0.35,28.349999999999998
2021-02-23,86,35.0,,0.35,30.099999999999998
2021-02-24,98,35.0,,0.35,34.3
2021-02-25,76,35.0,,0.35,26.599999999999998
2021-02-26,82,35.0,,0.35,28.7
2021-02-27,43,35.0,,0.35,15.049999999999999
2021-02-28,36,35.0,False,0.35,12.6
2021-03-01,91,35.0,,0.35,31.849999999999998
2021-03-02,100,35.0,,0.35,35.0
2021-03-03,94,35.0,,0.35,32.9
2021-03-04,76,35.0,,0.35,26.599999999999998
2021-03-05,69,35.0,,0.35,24.15
2021-03-06,39,35.0,,0.35,13.649999999999999
2021-03-07,35,33.0,False,0.33,11.55
2021-03-08,82,33.0,,0.33,27.060000000000002
2021-03-09,79,33.0,,0.33,26.07
2021-03-10,83,33.0,,0.33,27.39
2021-03-11,65,33.0,,0.33,21.45
2021-03-12,66,33.0,,0.33,21.78
2021-03-13,47,33.0,,0.33,15.510000000000002
2021-03-14,32,34.0,False,0.34,10.88
2021-03-15,77,34.0,,0.34,26.180000000000003
2021-03-16,77,34.0,,0.34,26.180000000000003
2021-03-17,78,34.0,,0.34,26.520000000000003
2021-03-18,78,34.0,,0.34,26.520000000000003
2021-03-19,93,34.0,,0.34,31.62
2021-03-20,30,34.0,,0.34,10.200000000000001
2021-03-21,25,34.0,False,0.34,8.5
2021-03-22,80,34.0,,0.34,27.200000000000003
2021-03-23,63,34.0,,0.34,21.42
2021-03-24,86,34.0,,0.34,29.240000000000002
2021-03-25,72,34.0,,0.34,24.48
2021-03-26,78,34.0,,0.34,26.520000000000003
2021-03-27,40,34.0,,0.34,13.600000000000001
2021-03-28,32,32.0,False,0.32,10.24
2021-03-29,76,32.0,,0.32,24.32
2021-03-30,78,32.0,,0.32,24.96
2021-03-31,75,32.0,,0.32,24.0
2021-04-01,77,32.0,,0.32,24.64
2021-04-02,67,32.0,,0.32,21.44
2021-04-03,39,32.0,,0.32,12.48
2021-04-04,25,37.0,False,0.37,9.25
2021-04-05,75,37.0,,0.37,27.75
2021-04-06,92,37.0,,0.37,34.04
2021-04-07,87,37.0,,0.37,32.19
2021-04-08,89,37.0,,0.37,32.93
2021-04-09,70,37.0,,0.37,25.9
2021-04-10,54,37.0,,0.37,19.98
2021-04-11,15,37.0,False,0.37,5.55
2021-04-12,89,37.0,,0.37,32.93
2021-04-13,83,37.0,,0.37,30.71
2021-04-14,100,37.0,,0.37,37.0
2021-04-15,92,37.0,,0.37,34.04
2021-04-16,83,37.0,,0.37,30.71
2021-04-17,36,37.0,,0.37,13.32
2021-04-18,36,37.0,False,0.37,13.32
2021-04-19,79,37.0,,0.37,29.23
2021-04-20,90,37.0,,0.37,33.3
2021-04-21,78,37.0,,0.37,28.86
2021-04-22,73,37.0,,0.37,27.009999999999998
2021-04-23,73,37.0,,0.37,27.009999999999998
2021-04-24,49,37.0,,0.37,18.13
2021-04-25,39,41.0,False,0.41,15.989999999999998
2021-04-26,90,41.0,,0.41,36.9
2021-04-27,98,41.0,,0.41,40.18
2021-04-28,91,41.0,,0.41,37.309999999999995
2021-04-29,78,41.0,,0.41,31.979999999999997
2021-04-30,94,41.0,,0.41,38.54
2021-05-01,62,41.0,,0.41,25.419999999999998
2021-05-02,55,37.0,False,0.37,20.35
2021-05-03,93,37.0,,0.37,34.41
2021-05-04,100,37.0,,0.37,37.0
2021-05-05,69,37.0,,0.37,25.53
2021-05-06,85,37.0,,0.37,31.45
2021-05-07,86,37.0,,0.37,31.82
2021-05-08,61,37.0,,0.37,22.57
2021-05-09,20,36.0,False,0.36,7.199999999999999
2021-05-10,96,36.0,,0.36,34.56
2021-05-11,86,36.0,,0.36,30.959999999999997
2021-05-12,90,36.0,,0.36,32.4
2021-05-13,97,36.0,,0.36,34.92
2021-05-14,99,36.0,,0.36,35.64
2021-05-15,53,36.0,,0.36,19.08
2021-05-16,45,35.0,False,0.35,15.749999999999998
2021-05-17,91,35.0,,0.35,31.849999999999998
2021-05-18,92,35.0,,0.35,32.199999999999996
2021-05-19,85,35.0,,0.35,29.749999999999996
2021-05-20,73,35.0,,0.35,25.549999999999997
2021-05-21,92,35.0,,0.35,32.199999999999996
2021-05-22,49,35.0,,0.35,17.15
2021-05-23,45,37.0,False,0.37,16.65
2021-05-24,79,37.0,,0.37,29.23
2021-05-25,90,37.0,,0.37,33.3
2021-05-26,86,37.0,,0.37,31.82
2021-05-27,89,37.0,,0.37,32.93
2021-05-28,82,37.0,,0.37,30.34
2021-05-29,57,37.0,,0.37,21.09
2021-05-30,35,33.0,False,0.33,11.55
2021-05-31,25,33.0,,0.33,8.25
2021-06-01,76,33.0,,0.33,25.080000000000002
2021-06-02,84,33.0,,0.33,27.720000000000002
2021-06-03,91,33.0,,0.33,30.03
2021-06-04,64,33.0,,0.33,21.12
2021-06-05,39,33.0,,0.33,12.870000000000001
2021-06-06,40,35.0,False,0.35,14.0
2021-06-07,63,35.0,,0.35,22.049999999999997
2021-06-08,90,35.0,,0.35,31.499999999999996
2021-06-09,100,35.0,,0.35,35.0
2021-06-10,71,35.0,,0.35,24.849999999999998
2021-06-11,70,35.0,,0.35,24.5
2021-06-12,27,35.0,,0.35,9.45
2021-06-13,50,37.0,False,0.37,18.5
2021-06-14,77,37.0,,0.37,28.49
2021-06-15,86,37.0,,0.37,31.82
2021-06-16,90,37.0,,0.37,33.3
2021-06-17,88,37.0,,0.37,32.56
2021-06-18,66,37.0,,0.37,24.419999999999998
2021-06-19,38,37.0,,0.37,14.06
2021-06-20,29,39.0,False,0.39,11.31
2021-06-21,83,39.0,,0.39,32.370000000000005
2021-06-22,82,39.0,,0.39,31.98
2021-06-23,85,39.0,,0.39,33.15
2021-06-24,98,39.0,,0.39,38.22
2021-06-25,86,39.0,,0.39,33.54
2021-06-26,47,39.0,,0.39,18.330000000000002
2021-06-27,24,35.0,False,0.35,8.399999999999999
2021-06-28,80,35.0,,0.35,28.0
2021-06-29,96,35.0,,0.35,33.599999999999994
2021-06-30,70,35.0,,0.35,24.5
2021-07-01,61,35.0,,0.35,21.349999999999998
2021-07-02,73,35.0,,0.35,25.549999999999997
2021-07-03,32,35.0,,0.35,11.2
2021-07-04,27,33.0,False,0.33,8.91
2021-07-05,36,33.0,,0.33,11.88
2021-07-06,71,33.0,,0.33,23.43
2021-07-07,66,33.0,,0.33,21.78
2021-07-08,71,33.0,,0.33,23.43
2021-07-09,63,33.0,,0.33,20.790000000000003
2021-07-10,31,33.0,,0.33,10.23
2021-07-11,36,41.0,False,0.41,14.76
2021-07-12,67,41.0,,0.41,27.47
2021-07-13,100,41.0,,0.41,41.0
2021-07-14,81,41.0,,0.41,33.21
2021-07-15,78,41.0,,0.41,31.979999999999997
2021-07-16,74,41.0,,0.41,30.34
2021-07-17,44,41.0,,0.41,18.04
2021-07-18,31,35.0,False,0.35,10.85
2021-07-19,70,35.0,,0.35,24.5
2021-07-20,71,35.0,,0.35,24.849999999999998
2021-07-21,52,35.0,,0.35,18.2
2021-07-22,76,35.0,,0.35,26.599999999999998
2021-07-23,68,35.0,,0.35,23.799999999999997
2021-07-24,35,35.0,,0.35,12.25
2021-07-25,27,36.0,False,0.36,9.719999999999999
2021-07-26,66,36.0,,0.36,23.759999999999998
2021-07-27,78,36.0,,0.36,28.08
2021-07-28,82,36.0,,0.36,29.52
2021-07-29,60,36.0,,0.36,21.599999999999998
2021-07-30,61,36.0,,0.36,21.96
2021-07-31,39,36.0,,0.36,14.04
2021-08-01,42,36.0,False,0.36,15.12
2021-08-02,80,36.0,,0.36,28.799999999999997
2021-08-03,90,36.0,,0.36,32.4
2021-08-04,100,36.0,,0.36,36.0
2021-08-05,81,36.0,,0.36,29.16
2021-08-06,79,36.0,,0.36,28.439999999999998
2021-08-07,40,36.0,,0.36,14.399999999999999
2021-08-08,40,34.0,False,0.34,13.600000000000001
2021-08-09,68,34.0,,0.34,23.12
2021-08-10,73,34.0,,0.34,24.82
2021-08-11,85,34.0,,0.34,28.900000000000002
2021-08-12,85,34.0,,0.34,28.900000000000002
2021-08-13,72,34.0,,0.34,24.48
2021-08-14,44,34.0,,0.34,14.96
2021-08-15,29,34.0,False,0.34,9.860000000000001
2021-08-16,83,34.0,,0.34,28.220000000000002
2021-08-17,72,34.0,,0.34,24.48
2021-08-18,79,34.0,,0.34,26.860000000000003
2021-08-19,76,34.0,,0.34,25.840000000000003
2021-08-20,63,34.0,,0.34,21.42
2021-08-21,38,34.0,,0.34,12.920000000000002
2021-08-22,42,35.0,False,0.35,14.7
2021-08-23,86,35.0,,0.35,30.099999999999998
2021-08-24,76,35.0,,0.35,26.599999999999998
2021-08-25,81,35.0,,0.35,28.349999999999998
2021-08-26,90,35.0,,0.35,31.499999999999996
2021-08-27,56,35.0,,0.35,19.599999999999998
2021-08-28,42,35.0,,0.35,14.7
2021-08-29,25,34.0,False,0.34,8.5
2021-08-30,64,34.0,,0.34,21.76
2021-08-31,85,34.0,,0.34,28.900000000000002
2021-09-01,82,34.0,,0.34,27.880000000000003
2021-09-02,100,34.0,,0.34,34.0
2021-09-03,78,34.0,,0.34,26.520000000000003
2021-09-04,39,34.0,,0.34,13.260000000000002
2021-09-05,26,32.0,False,0.32,8.32
2021-09-06,41,32.0,,0.32,13.120000000000001
2021-09-07,80,32.0,,0.32,25.6
2021-09-08,100,32.0,,0.32,32.0
2021-09-09,71,32.0,,0.32,22.72
2021-09-10,75,32.0,,0.32,24.0
2021-09-11,39,32.0,,0.32,12.48
2021-09-12,30,34.0,False,0.34,10.200000000000001
2021-09-13,100,34.0,,0.34,34.0
2021-09-14,87,34.0,,0.34,29.580000000000002
2021-09-15,77,34.0,,0.34,26.180000000000003
2021-09-16,84,34.0,,0.34,28.560000000000002
2021-09-17,65,34.0,,0.34,22.1
2021-09-18,43,34.0,,0.34,14.620000000000001
2021-09-19,33,34.0,False,0.34,11.22
2021-09-20,71,34.0,,0.34,24.14
2021-09-21,85,34.0,,0.34,28.900000000000002
2021-09-22,73,34.0,,0.34,24.82
2021-09-23,83,34.0,,0.34,28.220000000000002
2021-09-24,79,34.0,,0.34,26.860000000000003
2021-09-25,45,34.0,,0.34,15.3
2021-09-26,34,37.0,False,0.37,12.58
2021-09-27,78,37.0,,0.37,28.86
2021-09-28,90,37.0,,0.37,33.3
2021-09-29,84,37.0,,0.37,31.08
2021-09-30,98,37.0,,0.37,36.26
2021-10-01,69,37.0,,0.37,25.53
2021-10-02,47,37.0,,0.37,17.39
2021-10-03,35,37.0,False,0.37,12.95
2021-10-04,72,37.0,,0.37,26.64
2021-10-05,83,37.0,,0.37,30.71
2021-10-06,76,37.0,,0.37,28.12
2021-10-07,83,37.0,,0.37,30.71
2021-10-08,92,37.0,,0.37,34.04
2021-10-09,55,37.0,,0.37,20.35
2021-10-10,26,41.0,False,0.41,10.66
2021-10-11,79,41.0,,0.41,32.39
2021-10-12,100,41.0,,0.41,41.0
2021-10-13,84,41.0,,0.41,34.44
2021-10-14,91,41.0,,0.41,37.309999999999995
2021-10-15,89,41.0,,0.41,36.489999999999995
2021-10-16,61,41.0,,0.41,25.009999999999998
2021-10-17,38,34.0,False,0.34,12.920000000000002
2021-10-18,72,34.0,,0.34,24.48
2021-10-19,96,34.0,,0.34,32.64
2021-10-20,72,34.0,,0.34,24.48
2021-10-21,76,34.0,,0.34,25.840000000000003
2021-10-22,71,34.0,,0.34,24.14
2021-10-23,37,34.0,,0.34,12.58
2021-10-24,40,34.0,False,0.34,13.600000000000001
2021-10-25,71,34.0,,0.34,24.14
2021-10-26,72,34.0,,0.34,24.48
2021-10-27,78,34.0,,0.34,26.520000000000003
2021-10-28,73,34.0,,0.34,24.82
2021-10-29,54,34.0,,0.34,18.360000000000003
2021-10-30,40,34.0,,0.34,13.600000000000001
2021-10-31,26,35.0,False,0.35,9.1
2021-11-01,73,35.0,,0.35,25.549999999999997
2021-11-02,100,35.0,,0.35,35.0
2021-11-03,80,35.0,,0.35,28.0
2021-11-04,73,35.0,,0.35,25.549999999999997
2021-11-05,63,35.0,,0.35,22.049999999999997
2021-11-06,39,35.0,,0.35,13.649999999999999
2021-11-07,36,35.0,False,0.35,12.6
2021-11-08,78,35.0,,0.35,27.299999999999997
2021-11-09,79,35.0,,0.35,27.65
2021-11-10,73,35.0,,0.35,25.549999999999997
2021-11-11,60,35.0,,0.35,21.0
2021-11-12,69,35.0,,0.35,24.15
2021-11-13,33,35.0,,0.35,11.549999999999999
2021-11-14,34,37.0,False,0.37,12.58
2021-11-15,100,37.0,,0.37,37.0
2021-11-16,83,37.0,,0.37,30.71
2021-11-17,75,37.0,,0.37,27.75
2021-11-18,80,37.0,,0.37,29.6
2021-11-19,70,37.0,,0.37,25.9
2021-11-20,37,37.0,,0.37,13.69
2021-11-21,30,28.0,False,0.28,8.4
2021-11-22,70,28.0,,0.28,19.6
2021-11-23,74,28.0,,0.28,20.720000000000002
2021-11-24,68,28.0,,0.28,19.040000000000003
2021-11-25,36,28.0,,0.28,10.080000000000002
2021-11-26,57,28.0,,0.28,15.96
2021-11-27,38,28.0,,0.28,10.64
2021-11-28,0,35.0,False,0.35,0.0
2021-11-29,88,35.0,,0.35,30.799999999999997
2021-11-30,86,35.0,,0.35,30.099999999999998
2021-12-01,97,35.0,,0.35,33.949999999999996
2021-12-02,71,35.0,,0.35,24.849999999999998
2021-12-03,75,35.0,,0.35,26.25
2021-12-04,34,35.0,,0.35,11.899999999999999
2021-12-05,33,31.0,False,0.31,10.23
2021-12-06,87,31.0,,0.31,26.97
2021-12-07,66,31.0,,0.31,20.46
2021-12-08,88,31.0,,0.31,27.28
2021-12-09,88,31.0,,0.31,27.28
2021-12-10,74,31.0,,0.31,22.94
2021-12-11,30,31.0,,0.31,9.3
2021-12-12,42,34.0,False,0.34,14.280000000000001
2021-12-13,70,34.0,,0.34,23.8
2021-12-14,100,34.0,,0.34,34.0
2021-12-15,80,34.0,,0.34,27.200000000000003
2021-12-16,91,34.0,,0.34,30.94
2021-12-17,71,34.0,,0.34,24.14
2021-12-18,37,34.0,,0.34,12.58
2021-12-19,20,25.0,False,0.25,5.0
2021-12-20,71,25.0,,0.25,17.75
2021-12-21,73,25.0,,0.25,18.25
2021-12-22,73,25.0,,0.25,18.25
2021-12-23,56,25.0,,0.25,14.0
2021-12-24,32,25.0,,0.25,8.0
2021-12-25,0,25.0,,0.25,0.0
2021-12-26,24,26.0,False,0.26,6.24
2021-12-27,58,26.0,,0.26,15.08
2021-12-28,80,26.0,,0.26,20.8
2021-12-29,54,26.0,,0.26,14.040000000000001
2021-12-30,59,26.0,,0.26,15.34
2021-12-31,61,26.0,,0.26,15.860000000000001
2022-01-01,24,26.0,,0.26,6.24
2022-01-02,25,35.0,False,0.35,8.75
2022-01-03,55,35.0,,0.35,19.25
2022-01-04,79,35.0,,0.35,27.65
2022-01-05,82,35.0,,0.35,28.7
2022-01-06,54,35.0,,0.35,18.9
2022-01-07,54,35.0,,0.35,18.9
2022-01-08,34,35.0,,0.35,11.899999999999999
2022-01-09,28,39.0,False,0.39,10.92
2022-01-10,65,39.0,,0.39,25.35
2022-01-11,56,39.0,,0.39,21.84
2022-01-12,51,39.0,,0.39,19.89
2022-01-13,81,39.0,,0.39,31.59
2022-01-14,100,39.0,,0.39,39.0
2022-01-15,34,39.0,,0.39,13.26
2022-01-16,26,33.0,False,0.33,8.58
2022-01-17,43,33.0,,0.33,14.190000000000001
2022-01-18,60,33.0,,0.33,19.8
2022-01-19,57,33.0,,0.33,18.810000000000002
2022-01-20,75,33.0,,0.33,24.75
2022-01-21,56,33.0,,0.33,18.48
2022-01-22,26,33.0,,0.33,8.58
2022-01-23,33,37.0,False,0.37,12.209999999999999
2022-01-24,78,37.0,,0.37,28.86
2022-01-25,70,37.0,,0.37,25.9
2022-01-26,53,37.0,,0.37,19.61
2022-01-27,64,37.0,,0.37,23.68
2022-01-28,72,37.0,,0.37,26.64
2022-01-29,47,37.0,,0.37,17.39
2022-01-30,23,34.0,False,0.34,7.82
2022-01-31,68,34.0,,0.34,23.12
2022-02-01,86,34.0,,0.34,29.240000000000002
2022-02-02,66,34.0,,0.34,22.44
2022-02-03,77,34.0,,0.34,26.180000000000003
2022-02-04,75,34.0,,0.34,25.500000000000004
2022-02-05,49,34.0,,0.34,16.66
2022-02-06,41,40.0,False,0.4,16.400000000000002
2022-02-07,83,40.0,,0.4,33.2
2022-02-08,92,40.0,,0.4,36.800000000000004
2022-02-09,99,40.0,,0.4,39.6
2022-02-10,71,40.0,,0.4,28.400000000000002
2022-02-11,80,40.0,,0.4,32.0
2022-02-12,56,40.0,,0.4,22.400000000000002
2022-02-13,40,38.0,False,0.38,15.2
2022-02-14,67,38.0,,0.38,25.46
2022-02-15,89,38.0,,0.38,33.82
2022-02-16,100,38.0,,0.38,38.0
2022-02-17,82,38.0,,0.38,31.16
2022-02-18,97,38.0,,0.38,36.86
2022-02-19,48,38.0,,0.38,18.240000000000002
2022-02-20,47,36.0,False,0.36,16.919999999999998
2022-02-21,63,36.0,,0.36,22.68
2022-02-22,89,36.0,,0.36,32.04
2022-02-23,80,36.0,,0.36,28.799999999999997
2022-02-24,77,36.0,,0.36,27.72
2022-02-25,98,36.0,,0.36,35.28
2022-02-26,47,36.0,,0.36,16.919999999999998
2022-02-27,38,36.0,False,0.36,13.68
2022-02-28,82,36.0,,0.36,29.52
2022-03-01,77,36.0,,0.36,27.72
2022-03-02,77,36.0,,0.36,27.72
2022-03-03,68,36.0,,0.36,24.48
2022-03-04,77,36.0,,0.36,27.72
2022-03-05,52,36.0,,0.36,18.72
2022-03-06,43,38.0,False,0.38,16.34
2022-03-07,64,38.0,,0.38,24.32
2022-03-08,80,38.0,,0.38,30.4
2022-03-09,100,38.0,,0.38,38.0
2022-03-10,66,38.0,,0.38,25.080000000000002
2022-03-11,77,38.0,,0.38,29.26
2022-03-12,51,38.0,,0.38,19.38
2022-03-13,32,34.0,False,0.34,10.88
2022-03-14,59,34.0,,0.34,20.060000000000002
2022-03-15,74,34.0,,0.34,25.16
2022-03-16,87,34.0,,0.34,29.580000000000002
2022-03-17,67,34.0,,0.34,22.78
2022-03-18,67,34.0,,0.34,22.78
2022-03-19,33,34.0,,0.34,11.22
2022-03-20,36,37.0,False,0.37,13.32
2022-03-21,75,37.0,,0.37,27.75
2022-03-22,78,37.0,,0.37,28.86
2022-03-23,75,37.0,,0.37,27.75
2022-03-24,79,37.0,,0.37,29.23
2022-03-25,74,37.0,,0.37,27.38
2022-03-26,45,37.0,,0.37,16.65
2022-03-27,36,33.0,False,0.33,11.88
2022-03-28,68,33.0,,0.33,22.44
2022-03-29,75,33.0,,0.33,24.75
2022-03-30,72,33.0,,0.33,23.76
2022-03-31,66,33.0,,0.33,21.78
2022-04-01,96,33.0,,0.33,31.68
2022-04-02,44,33.0,,0.33,14.520000000000001
2022-04-03,51,38.0,False,0.38,19.38
2022-04-04,90,38.0,,0.38,34.2
2022-04-05,95,38.0,,0.38,36.1
2022-04-06,90,38.0,,0.38,34.2
2022-04-07,77,38.0,,0.38,29.26
2022-04-08,86,38.0,,0.38,32.68
2022-04-09,55,38.0,,0.38,20.9
2022-04-10,47,35.0,False,0.35,16.45
2022-04-11,77,35.0,,0.35,26.95
2022-04-12,83,35.0,,0.35,29.049999999999997
2022-04-13,99,35.0,,0.35,34.65
2022-04-14,100,35.0,,0.35,35.0
2022-04-15,83,35.0,,0.35,29.049999999999997
2022-04-16,39,35.0,,0.35,13.649999999999999
2022-04-17,43,38.0,False,0.38,16.34
2022-04-18,95,38.0,,0.38,36.1
2022-04-19,89,38.0,,0.38,33.82
2022-04-20,93,38.0,,0.38,35.34
2022-04-21,72,38.0,,0.38,27.36
2022-04-22,84,38.0,,0.38,31.92
2022-04-23,46,38.0,,0.38,17.48
2022-04-24,42,33.0,False,0.33,13.860000000000001
2022-04-25,85,33.0,,0.33,28.05
2022-04-26,92,33.0,,0.33,30.360000000000003
2022-04-27,73,33.0,,0.33,24.09
2022-04-28,85,33.0,,0.33,28.05
2022-04-29,62,33.0,,0.33,20.46
2022-04-30,44,33.0,,0.33,14.520000000000001
2022-05-01,35,36.0,False,0.36,12.6
2022-05-02,64,36.0,,0.36,23.04
2022-05-03,80,36.0,,0.36,28.799999999999997
2022-05-04,72,36.0,,0.36,25.919999999999998
2022-05-05,65,36.0,,0.36,23.4
2022-05-06,74,36.0,,0.36,26.64
2022-05-07,42,36.0,,0.36,15.12
2022-05-08,39,35.0,False,0.35,13.649999999999999
2022-05-09,66,35.0,,0.35,23.099999999999998
2022-05-10,80,35.0,,0.35,28.0
2022-05-11,63,35.0,,0.35,22.049999999999997
2022-05-12,77,35.0,,0.35,26.95
2022-05-13,58,35.0,,0.35,20.299999999999997
2022-05-14,32,35.0,,0.35,11.2
2022-05-15,22,33.0,False,0.33,7.260000000000001
2022-05-16,60,33.0,,0.33,19.8
2022-05-17,70,33.0,,0.33,23.1
2022-05-18,75,33.0,,0.33,24.75
2022-05-19,65,33.0,,0.33,21.45
2022-05-20,54,33.0,,0.33,17.82
2022-05-21,27,33.0,,0.33,8.91
2022-05-22,15,37.0,False,0.37,5.55
2022-05-23,100,37.0,,0.37,37.0
2022-05-24,72,37.0,,0.37,26.64
2022-05-25,74,37.0,,0.37,27.38
2022-05-26,67,37.0,,0.37,24.79
2022-05-27,49,37.0,,0.37,18.13
2022-05-28,37,37.0,,0.37,13.69
2022-05-29,28,100.0,False,1.0,28.0
2022-05-30,23,100.0,,1.0,23.0
2022-05-31,57,100.0,,1.0,57.0
2022-06-01,9,100.0,,1.0,9.0
2022-06-02,100,100.0,,1.0,100.0
2022-06-03,10,100.0,,1.0,10.0
2022-06-04,4,100.0,,1.0,4.0
2022-06-05,4,35.0,False,0.35,1.4
2022-06-06,9,35.0,,0.35,3.15
2022-06-07,10,35.0,,0.35,3.5
2022-06-08,8,35.0,,0.35,2.8
2022-06-09,8,35.0,,0.35,2.8
2022-06-10,8,35.0,,0.35,2.8
2022-06-11,5,35.0,,0.35,1.75
2022-06-12,4,34.0,False,0.34,1.36
2022-06-13,8,34.0,,0.34,2.72
2022-06-14,9,34.0,,0.34,3.06
2022-06-15,9,34.0,,0.34,3.06
2022-06-16,8,34.0,,0.34,2.72
2022-06-17,7,34.0,,0.34,2.3800000000000003
2022-06-18,6,34.0,,0.34,2.04
2022-06-19,5,39.0,False,0.39,1.9500000000000002
2022-06-20,6,39.0,,0.39,2.34
2022-06-21,10,39.0,,0.39,3.9000000000000004
2022-06-22,10,39.0,,0.39,3.9000000000000004
2022-06-23,11,39.0,,0.39,4.29
2022-06-24,12,39.0,,0.39,4.68
2022-06-25,6,39.0,,0.39,2.34
2022-06-26,5,37.0,False,0.37,1.85
2022-06-27,7,37.0,,0.37,2.59
2022-06-28,11,37.0,,0.37,4.07
2022-06-29,9,37.0,,0.37,3.33
2022-06-30,9,37.0,,0.37,3.33
2022-07-01,77,37.0,,0.37,28.49
2022-07-02,45,37.0,,0.37,16.65
2022-07-03,20,29.0,False,0.29,5.8
2022-07-04,30,29.0,,0.29,8.7
2022-07-05,49,29.0,,0.29,14.209999999999999
2022-07-06,73,29.0,,0.29,21.169999999999998
2022-07-07,57,29.0,,0.29,16.529999999999998
2022-07-08,61,29.0,,0.29,17.689999999999998
2022-07-09,37,29.0,,0.29,10.729999999999999
2022-07-10,30,40.0,False,0.4,12.0
2022-07-11,75,40.0,,0.4,30.0
2022-07-12,78,40.0,,0.4,31.200000000000003
2022-07-13,67,40.0,,0.4,26.8
2022-07-14,100,40.0,,0.4,40.0
2022-07-15,76,40.0,,0.4,30.400000000000002
2022-07-16,44,40.0,,0.4,17.6
2022-07-17,36,34.0,False,0.34,12.24
2022-07-18,63,34.0,,0.34,21.42
2022-07-19,80,34.0,,0.34,27.200000000000003
2022-07-20,65,34.0,,0.34,22.1
2022-07-21,65,34.0,,0.34,22.1
2022-07-22,64,34.0,,0.34,21.76
2022-07-23,34,34.0,,0.34,11.56
2022-07-24,30,38.0,False,0.38,11.4
2022-07-25,77,38.0,,0.38,29.26
2022-07-26,75,38.0,,0.38,28.5
2022-07-27,76,38.0,,0.38,28.88
2022-07-28,68,38.0,,0.38,25.84
2022-07-29,61,38.0,,0.38,23.18
2022-07-30,39,38.0,,0.38,14.82
2022-07-31,40,37.0,False,0.37,14.8
2022-08-01,34,37.0,,0.37,12.58
2022-08-02,39,37.0,,0.37,14.43
2022-08-03,34,37.0,,0.37,12.58
2022-08-04,32,37.0,,0.37,11.84
2022-08-05,30,37.0,,0.37,11.1
2022-08-06,21,37.0,,0.37,7.77
2022-08-07,9,35.0,False,0.35,3.15
2022-08-08,27,35.0,,0.35,9.45
2022-08-09,28,35.0,,0.35,9.799999999999999
2022-08-10,33,35.0,,0.35,11.549999999999999
2022-08-11,33,35.0,,0.35,11.549999999999999
2022-08-12,31,35.0,,0.35,10.85
2022-08-13,16,35.0,,0.35,5.6
2022-08-14,14,54.0,False,0.54,7.5600000000000005
2022-08-15,30,54.0,,0.54,16.200000000000003
2022-08-16,100,54.0,,0.54,54.0
2022-08-17,59,54.0,,0.54,31.860000000000003
2022-08-18,37,54.0,,0.54,19.98
2022-08-19,30,54.0,,0.54,16.200000000000003
2022-08-20,22,54.0,,0.54,11.88
2022-08-21,19,36.0,False,0.36,6.84
2022-08-22,35,36.0,,0.36,12.6
2022-08-23,32,36.0,,0.36,11.52
2022-08-24,33,36.0,,0.36,11.879999999999999
2022-08-25,36,36.0,,0.36,12.959999999999999
2022-08-26,26,36.0,,0.36,9.36
2022-08-27,18,36.0,,0.36,6.4799999999999995
2022-08-28,14,32.0,False,0.32,4.48
2022-08-29,26,32.0,,0.32,8.32
2022-08-30,36,32.0,,0.32,11.52
2022-08-31,27,32.0,,0.32,8.64
2022-09-01,84,32.0,,0.32,26.88
2022-09-02,72,32.0,,0.32,23.04
2022-09-03,37,32.0,,0.32,11.84
2022-09-04,31,32.0,False,0.32,9.92
2022-09-05,49,32.0,,0.32,15.68
2022-09-06,90,32.0,,0.32,28.8
2022-09-07,70,32.0,,0.32,22.400000000000002
2022-09-08,75,32.0,,0.32,24.0
2022-09-09,67,32.0,,0.32,21.44
2022-09-10,43,32.0,,0.32,13.76
2022-09-11,39,35.0,False,0.35,13.649999999999999
2022-09-12,73,35.0,,0.35,25.549999999999997
2022-09-13,84,35.0,,0.35,29.4
2022-09-14,83,35.0,,0.35,29.049999999999997
2022-09-15,88,35.0,,0.35,30.799999999999997
2022-09-16,77,35.0,,0.35,26.95
2022-09-17,54,35.0,,0.35,18.9
2022-09-18,34,41.0,False,0.41,13.94
2022-09-19,95,41.0,,0.41,38.949999999999996
2022-09-20,80,41.0,,0.41,32.8
2022-09-21,79,41.0,,0.41,32.39
2022-09-22,93,41.0,,0.41,38.129999999999995
2022-09-23,100,41.0,,0.41,41.0
2022-09-24,62,41.0,,0.41,25.419999999999998
2022-09-25,43,35.0,False,0.35,15.049999999999999
2022-09-26,75,35.0,,0.35,26.25
2022-09-27,82,35.0,,0.35,28.7
2022-09-28,85,35.0,,0.35,29.749999999999996
2022-09-29,74,35.0,,0.35,25.9
2022-09-30,84,35.0,,0.35,29.4
2022-10-01,42,35.0,,0.35,14.7
2022-10-02,25,37.0,False,0.37,9.25
2022-10-03,62,37.0,,0.37,22.94
2022-10-04,76,37.0,,0.37,28.12
2022-10-05,75,37.0,,0.37,27.75
2022-10-06,60,37.0,,0.37,22.2
2022-10-07,58,37.0,,0.37,21.46
2022-10-08,37,37.0,,0.37,13.69
2022-10-09,29,48.0,False,0.48,13.92
2022-10-10,72,48.0,,0.48,34.56
2022-10-11,96,48.0,,0.48,46.08
2022-10-12,68,48.0,,0.48,32.64
2022-10-13,94,48.0,,0.48,45.12
2022-10-14,100,48.0,,0.48,48.0
2022-10-15,46,48.0,,0.48,22.08
2022-10-16,37,37.0,False,0.37,13.69
2022-10-17,64,37.0,,0.37,23.68
2022-10-18,63,37.0,,0.37,23.31
2022-10-19,66,37.0,,0.37,24.419999999999998
2022-10-20,73,37.0,,0.37,27.009999999999998
2022-10-21,60,37.0,,0.37,22.2
2022-10-22,38,37.0,,0.37,14.06
2022-10-23,38,37.0,False,0.37,14.06
2022-10-24,57,37.0,,0.37,21.09
2022-10-25,60,37.0,,0.37,22.2
2022-10-26,74,37.0,,0.37,27.38
2022-10-27,71,37.0,,0.37,26.27
2022-10-28,69,37.0,,0.37,25.53
2022-10-29,30,37.0,,0.37,11.1
2022-10-30,32,36.0,False,0.36,11.52
2022-10-31,69,36.0,,0.36,24.84
2022-11-01,100,36.0,,0.36,36.0
2022-11-02,89,36.0,,0.36,32.04
2022-11-03,77,36.0,,0.36,27.72
2022-11-04,79,36.0,,0.36,28.439999999999998
2022-11-05,50,36.0,,0.36,18.0
2022-11-06,45,32.0,False,0.32,14.4
2022-11-07,73,32.0,,0.32,23.36
2022-11-08,76,32.0,,0.32,24.32
2022-11-09,74,32.0,,0.32,23.68
2022-11-10,83,32.0,,0.32,26.560000000000002
2022-11-11,67,32.0,,0.32,21.44
2022-11-12,36,32.0,,0.32,11.52
2022-11-13,31,34.0,False,0.34,10.540000000000001
2022-11-14,77,34.0,,0.34,26.180000000000003
2022-11-15,92,34.0,,0.34,31.28
2022-11-16,94,34.0,,0.34,31.96
2022-11-17,79,34.0,,0.34,26.860000000000003
2022-11-18,70,34.0,,0.34,23.8
2022-11-19,44,34.0,,0.34,14.96
2022-11-20,40,24.0,False,0.24,9.6
2022-11-21,53,24.0,,0.24,12.719999999999999
2022-11-22,76,24.0,,0.24,18.24
2022-11-23,68,24.0,,0.24,16.32
2022-11-24,18,24.0,,0.24,4.32
2022-11-25,41,24.0,,0.24,9.84
2022-11-26,38,24.0,,0.24,9.12
2022-11-27,42,35.0,False,0.35,14.7
2022-11-28,77,35.0,,0.35,26.95
2022-11-29,70,35.0,,0.35,24.5
2022-11-30,87,35.0,,0.35,30.45
2022-12-01,82,35.0,,0.35,28.7
2022-12-02,75,35.0,,0.35,26.25
2022-12-03,42,35.0,,0.35,14.7
2022-12-04,27,33.0,False,0.33,8.91
2022-12-05,69,33.0,,0.33,22.77
2022-12-06,71,33.0,,0.33,23.43
2022-12-07,69,33.0,,0.33,22.77
2022-12-08,82,33.0,,0.33,27.060000000000002
2022-12-09,75,33.0,,0.33,24.75
2022-12-10,40,33.0,,0.33,13.200000000000001
2022-12-11,37,32.0,False,0.32,11.84
2022-12-12,70,32.0,,0.32,22.400000000000002
2022-12-13,79,32.0,,0.32,25.28
2022-12-14,55,32.0,,0.32,17.6
2022-12-15,60,32.0,,0.32,19.2
2022-12-16,57,32.0,,0.32,18.240000000000002
2022-12-17,35,32.0,,0.32,11.200000000000001
2022-12-18,28,27.0,False,0.27,7.5600000000000005
2022-12-19,63,27.0,,0.27,17.01
2022-12-20,72,27.0,,0.27,19.44
2022-12-21,56,27.0,,0.27,15.120000000000001
2022-12-22,47,27.0,,0.27,12.690000000000001
2022-12-23,46,27.0,,0.27,12.420000000000002
2022-12-24,30,27.0,,0.27,8.100000000000001
2022-12-25,25,33.0,False,0.33,8.25
2022-12-26,28,33.0,,0.33,9.24
2022-12-27,59,33.0,,0.33,19.470000000000002
2022-12-28,67,33.0,,0.33,22.11
2022-12-29,71,33.0,,0.33,23.43
2022-12-30,68,33.0,,0.33,22.44
2022-12-31,100,33.0,,0.33,33.0
2023-01-01,20,35.0,False,0.35,7.0
2023-01-02,23,35.0,,0.35,8.049999999999999
2023-01-03,37,35.0,,0.35,12.95
2023-01-04,44,35.0,,0.35,15.399999999999999
2023-01-05,38,35.0,,0.35,13.299999999999999
2023-01-06,52,35.0,,0.35,18.2
2023-01-07,35,35.0,,0.35,12.25
2023-01-08,20,58.0,False,0.58,11.6
2023-01-09,41,58.0,,0.58,23.779999999999998
2023-01-10,45,58.0,,0.58,26.099999999999998
2023-01-11,47,58.0,,0.58,27.259999999999998
2023-01-12,63,58.0,,0.58,36.54
2023-01-13,100,58.0,,0.58,57.99999999999999
2023-01-14,100,58.0,,0.58,57.99999999999999
2023-01-15,23,36.0,False,0.36,8.28
2023-01-16,25,36.0,,0.36,9.0
2023-01-17,45,36.0,,0.36,16.2
2023-01-18,51,36.0,,0.36,18.36
2023-01-19,39,36.0,,0.36,14.04
2023-01-20,37,36.0,,0.36,13.32
2023-01-21,30,36.0,,0.36,10.799999999999999
2023-01-22,18,39.0,False,0.39,7.0200000000000005
2023-01-23,49,39.0,,0.39,19.11
2023-01-24,49,39.0,,0.39,19.11
2023-01-25,50,39.0,,0.39,19.5
2023-01-26,50,39.0,,0.39,19.5
2023-01-27,40,39.0,,0.39,15.600000000000001
2023-01-28,24,39.0,,0.39,9.36
2023-01-29,15,37.0,False,0.37,5.55
2023-01-30,40,37.0,,0.37,14.8
2023-01-31,44,37.0,,0.37,16.28
2023-02-01,100,37.0,,0.37,37.0
2023-02-02,82,37.0,,0.37,30.34
2023-02-03,70,37.0,,0.37,25.9
2023-02-04,49,37.0,,0.37,18.13
2023-02-05,34,37.0,False,0.37,12.58
2023-02-06,77,37.0,,0.37,28.49
2023-02-07,81,37.0,,0.37,29.97
2023-02-08,90,37.0,,0.37,33.3
2023-02-09,87,37.0,,0.37,32.19
2023-02-10,68,37.0,,0.37,25.16
2023-02-11,48,37.0,,0.37,17.759999999999998
2023-02-12,47,39.0,False,0.39,18.330000000000002
2023-02-13,74,39.0,,0.39,28.86
2023-02-14,78,39.0,,0.39,30.42
2023-02-15,80,39.0,,0.39,31.200000000000003
2023-02-16,85,39.0,,0.39,33.15
2023-02-17,84,39.0,,0.39,32.76
2023-02-18,59,39.0,,0.39,23.01
2023-02-19,31,35.0,False,0.35,10.85
2023-02-20,62,35.0,,0.35,21.7
2023-02-21,70,35.0,,0.35,24.5
2023-02-22,85,35.0,,0.35,29.749999999999996
2023-02-23,76,35.0,,0.35,26.599999999999998
2023-02-24,80,35.0,,0.35,28.0
2023-02-25,45,35.0,,0.35,15.749999999999998
2023-02-26,32,37.0,False,0.37,11.84
2023-02-27,88,37.0,,0.37,32.56
2023-02-28,78,37.0,,0.37,28.86
2023-03-01,44,37.0,,0.37,16.28
2023-03-02,46,37.0,,0.37,17.02
2023-03-03,50,37.0,,0.37,18.5
2023-03-04,29,37.0,,0.37,10.73
2023-03-05,22,41.0,False,0.41,9.02
2023-03-06,43,41.0,,0.41,17.63
2023-03-07,47,41.0,,0.41,19.27
2023-03-08,46,41.0,,0.41,18.86
2023-03-09,42,41.0,,0.41,17.22
2023-03-10,59,41.0,,0.41,24.189999999999998
2023-03-11,56,41.0,,0.41,22.959999999999997
2023-03-12,39,59.0,False,0.59,23.009999999999998
2023-03-13,100,59.0,,0.59,59.0
2023-03-14,75,59.0,,0.59,44.25
2023-03-15,49,59.0,,0.59,28.91
2023-03-16,61,59.0,,0.59,35.989999999999995
2023-03-17,61,59.0,,0.59,35.989999999999995
2023-03-18,44,59.0,,0.59,25.959999999999997
2023-03-19,28,47.0,False,0.47,13.16
2023-03-20,53,47.0,,0.47,24.91
2023-03-21,56,47.0,,0.47,26.32
2023-03-22,57,47.0,,0.47,26.79
2023-03-23,59,47.0,,0.47,27.729999999999997
2023-03-24,54,47.0,,0.47,25.38
2023-03-25,33,47.0,,0.47,15.51
2023-03-26,24,41.0,False,0.41,9.84
2023-03-27,57,41.0,,0.41,23.369999999999997
2023-03-28,44,41.0,,0.41,18.04
2023-03-29,54,41.0,,0.41,22.139999999999997
2023-03-30,49,41.0,,0.41,20.09
2023-03-31,46,41.0,,0.41,18.86
2023-04-01,18,41.0,,0.41,7.38
2023-04-02,15,77.0,False,0.77,11.55
2023-04-03,22,77.0,,0.77,16.94
2023-04-04,29,77.0,,0.77,22.330000000000002
2023-04-05,35,77.0,,0.77,26.95
2023-04-06,30,77.0,,0.77,23.1
2023-04-07,40,77.0,,0.77,30.8
2023-04-08,100,77.0,,0.77,77.0
2023-04-09,79,64.0,False,0.64,50.56
2023-04-10,34,64.0,,0.64,21.76
2023-04-11,21,64.0,,0.64,13.44
2023-04-12,23,64.0,,0.64,14.72
2023-04-13,25,64.0,,0.64,16.0
2023-04-14,33,64.0,,0.64,21.12
2023-04-15,15,64.0,,0.64,9.6
2023-04-16,12,41.0,False,0.41,4.92
2023-04-17,25,41.0,,0.41,10.25
2023-04-18,26,41.0,,0.41,10.66
2023-04-19,19,41.0,,0.41,7.789999999999999
2023-04-20,21,41.0,,0.41,8.61
2023-04-21,20,41.0,,0.41,8.2
2023-04-22,14,41.0,,0.41,5.739999999999999
2023-04-23,9,37.0,False,0.37,3.33
2023-04-24,22,37.0,,0.37,8.14
2023-04-25,22,37.0,,0.37,8.14
2023-04-26,19,37.0,,0.37,7.03
2023-04-27,22,37.0,,0.37,8.14
2023-04-28,17,37.0,,0.37,6.29
2023-04-29,14,37.0,,0.37,5.18
2023-04-30,11,61.0,False,0.61,6.71
2023-05-01,100,61.0,,0.61,61.0
2023-05-02,81,61.0,,0.61,49.41
2023-05-03,61,61.0,,0.61,37.21
2023-05-04,44,61.0,,0.61,26.84
2023-05-05,39,61.0,,0.61,23.79
2023-05-06,29,61.0,,0.61,17.69
2023-05-07,13,38.0,False,0.38,4.94
2023-05-08,48,38.0,,0.38,18.240000000000002
2023-05-09,40,38.0,,0.38,15.2
2023-05-10,37,38.0,,0.38,14.06
2023-05-11,34,38.0,,0.38,12.92
2023-05-12,37,38.0,,0.38,14.06
2023-05-13,20,38.0,,0.38,7.6
2023-05-14,18,37.0,False,0.37,6.66
2023-05-15,39,37.0,,0.37,14.43
2023-05-16,45,37.0,,0.37,16.65
2023-05-17,43,37.0,,0.37,15.91
2023-05-18,38,37.0,,0.37,14.06
2023-05-19,35,37.0,,0.37,12.95
2023-05-20,20,37.0,,0.37,7.4
2023-05-21,17,45.0,False,0.45,7.65
2023-05-22,52,45.0,,0.45,23.400000000000002
2023-05-23,53,45.0,,0.45,23.85
2023-05-24,38,45.0,,0.45,17.1
2023-05-25,44,45.0,,0.45,19.8
2023-05-26,52,45.0,,0.45,23.400000000000002
2023-05-27,22,45.0,,0.45,9.9
2023-05-28,15,35.0,False,0.35,5.25
2023-05-29,20,35.0,,0.35,7.0
2023-05-30,38,35.0,,0.35,13.299999999999999
2023-05-31,35,35.0,,0.35,12.25
2023-06-01,76,35.0,,0.35,26.599999999999998
2023-06-02,82,35.0,,0.35,28.7
2023-06-03,39,35.0,,0.35,13.649999999999999
2023-06-04,48,36.0,False,0.36,17.28
2023-06-05,71,36.0,,0.36,25.56
2023-06-06,83,36.0,,0.36,29.88
2023-06-07,74,36.0,,0.36,26.64
2023-06-08,67,36.0,,0.36,24.119999999999997
2023-06-09,74,36.0,,0.36,26.64
2023-06-10,49,36.0,,0.36,17.64
2023-06-11,30,37.0,False,0.37,11.1
2023-06-12,96,37.0,,0.37,35.519999999999996
2023-06-13,100,37.0,,0.37,37.0
2023-06-14,72,37.0,,0.37,26.64
2023-06-15,58,37.0,,0.37,21.46
2023-06-16,73,37.0,,0.37,27.009999999999998
2023-06-17,47,37.0,,0.37,17.39
2023-06-18,34,33.0,False,0.33,11.22
2023-06-19,37,33.0,,0.33,12.21
2023-06-20,76,33.0,,0.33,25.080000000000002
2023-06-21,78,33.0,,0.33,25.740000000000002
2023-06-22,74,33.0,,0.33,24.42
2023-06-23,76,33.0,,0.33,25.080000000000002
2023-06-24,34,33.0,,0.33,11.22
2023-06-25,33,38.0,False,0.38,12.540000000000001
2023-06-26,75,38.0,,0.38,28.5
2023-06-27,83,38.0,,0.38,31.54
2023-06-28,81,38.0,,0.38,30.78
2023-06-29,81,38.0,,0.38,30.78
2023-06-30,71,38.0,,0.38,26.98
2023-07-01,43,38.0,,0.38,16.34
2023-07-02,31,37.0,False,0.37,11.47
2023-07-03,100,37.0,,0.37,37.0
2023-07-04,33,37.0,,0.37,12.209999999999999
2023-07-05,80,37.0,,0.37,29.6
2023-07-06,72,37.0,,0.37,26.64
2023-07-07,71,37.0,,0.37,26.27
2023-07-08,49,37.0,,0.37,18.13
2023-07-09,29,38.0,False,0.38,11.02
2023-07-10,72,38.0,,0.38,27.36
2023-07-11,82,38.0,,0.38,31.16
2023-07-12,75,38.0,,0.38,28.5
2023-07-13,72,38.0,,0.38,27.36
2023-07-14,86,38.0,,0.38,32.68
2023-07-15,36,38.0,,0.38,13.68
2023-07-16,34,37.0,False,0.37,12.58
2023-07-17,72,37.0,,0.37,26.64
2023-07-18,75,37.0,,0.37,27.75
2023-07-19,74,37.0,,0.37,27.38
2023-07-20,64,37.0,,0.37,23.68
2023-07-21,72,37.0,,0.37,26.64
2023-07-22,41,37.0,,0.37,15.17
2023-07-23,30,36.0,False,0.36,10.799999999999999
2023-07-24,67,36.0,,0.36,24.119999999999997
2023-07-25,67,36.0,,0.36,24.119999999999997
2023-07-26,77,36.0,,0.36,27.72
2023-07-27,69,36.0,,0.36,24.84
2023-07-28,67,36.0,,0.36,24.119999999999997
2023-07-29,48,36.0,,0.36,17.28
2023-07-30,33,34.0,False,0.34,11.22
2023-07-31,65,34.0,,0.34,22.1
2023-08-01,80,34.0,,0.34,27.200000000000003
2023-08-02,96,34.0,,0.34,32.64
2023-08-03,77,34.0,,0.34,26.180000000000003
2023-08-04,78,34.0,,0.34,26.520000000000003
2023-08-05,47,34.0,,0.34,15.98
2023-08-06,36,35.0,False,0.35,12.6
2023-08-07,83,35.0,,0.35,29.049999999999997
2023-08-08,86,35.0,,0.35,30.099999999999998
2023-08-09,83,35.0,,0.35,29.049999999999997
2023-08-10,77,35.0,,0.35,26.95
2023-08-11,88,35.0,,0.35,30.799999999999997
2023-08-12,44,35.0,,0.35,15.399999999999999
2023-08-13,43,36.0,False,0.36,15.479999999999999
2023-08-14,81,36.0,,0.36,29.16
2023-08-15,100,36.0,,0.36,36.0
2023-08-16,84,36.0,,0.36,30.24
2023-08-17,93,36.0,,0.36,33.48
2023-08-18,78,36.0,,0.36,28.08
2023-08-19,49,36.0,,0.36,17.64
2023-08-20,39,35.0,False,0.35,13.649999999999999
2023-08-21,68,35.0,,0.35,23.799999999999997
2023-08-22,81,35.0,,0.35,28.349999999999998
2023-08-23,94,35.0,,0.35,32.9
2023-08-24,80,35.0,,0.35,28.0
2023-08-25,79,35.0,,0.35,27.65
2023-08-26,51,35.0,,0.35,17.849999999999998
2023-08-27,37,36.0,False,0.36,13.32
2023-08-28,82,36.0,,0.36,29.52
2023-08-29,100,36.0,,0.36,36.0
2023-08-30,85,36.0,,0.36,30.599999999999998
2023-08-31,87,36.0,,0.36,31.32
2023-09-01,25,36.0,,0.36,9.0
2023-09-02,17,36.0,,0.36,6.12
2023-09-03,10,33.0,False,0.33,3.3000000000000003
2023-09-04,17,33.0,,0.33,5.61
2023-09-05,31,33.0,,0.33,10.23
2023-09-06,24,33.0,,0.33,7.92
2023-09-07,30,33.0,,0.33,9.9
2023-09-08,26,33.0,,0.33,8.58
2023-09-09,19,33.0,,0.33,6.2700000000000005
2023-09-10,13,33.0,False,0.33,4.29
2023-09-11,26,33.0,,0.33,8.58
2023-09-12,28,33.0,,0.33,9.24
2023-09-13,24,33.0,,0.33,7.92
2023-09-14,23,33.0,,0.33,7.590000000000001
2023-09-15,27,33.0,,0.33,8.91
2023-09-16,18,33.0,,0.33,5.94
2023-09-17,14,37.0,False,0.37,5.18
2023-09-18,28,37.0,,0.37,10.36
2023-09-19,35,37.0,,0.37,12.95
2023-09-20,31,37.0,,0.37,11.47
2023-09-21,30,37.0,,0.37,11.1
2023-09-22,21,37.0,,0.37,7.77
2023-09-23,10,37.0,,0.37,3.7
2023-09-24,13,61.0,False,0.61,7.93
2023-09-25,25,61.0,,0.61,15.25
2023-09-26,41,61.0,,0.61,25.009999999999998
2023-09-27,100,61.0,,0.61,61.0
2023-09-28,61,61.0,,0.61,37.21
2023-09-29,30,61.0,,0.61,18.3
2023-09-30,14,61.0,,0.61,8.54
2023-10-01,16,37.0,False,0.37,5.92
2023-10-02,44,37.0,,0.37,16.28
2023-10-03,41,37.0,,0.37,15.17
2023-10-04,43,37.0,,0.37,15.91
2023-10-05,32,37.0,,0.37,11.84
2023-10-06,45,37.0,,0.37,16.65
2023-10-07,20,37.0,,0.37,7.4
2023-10-08,25,44.0,False,0.44,11.0
2023-10-09,33,44.0,,0.44,14.52
2023-10-10,35,44.0,,0.44,15.4
2023-10-11,34,44.0,,0.44,14.96
2023-10-12,38,44.0,,0.44,16.72
2023-10-13,38,44.0,,0.44,16.72
2023-10-14,100,44.0,,0.44,44.0
2023-10-15,83,44.0,False,0.44,36.52
2023-10-16,45,44.0,,0.44,19.8
2023-10-17,35,44.0,,0.44,15.4
2023-10-18,40,44.0,,0.44,17.6
2023-10-19,34,44.0,,0.44,14.96
2023-10-20,40,44.0,,0.44,17.6
2023-10-21,22,44.0,,0.44,9.68
2023-10-22,19,34.0,False,0.34,6.460000000000001
2023-10-23,39,34.0,,0.34,13.260000000000002
2023-10-24,41,34.0,,0.34,13.940000000000001
2023-10-25,39,34.0,,0.34,13.260000000000002
2023-10-26,31,34.0,,0.34,10.540000000000001
2023-10-27,40,34.0,,0.34,13.600000000000001
2023-10-28,20,34.0,,0.34,6.800000000000001
2023-10-29,18,37.0,False,0.37,6.66
2023-10-30,41,37.0,,0.37,15.17
2023-10-31,43,37.0,,0.37,15.91
2023-11-01,94,37.0,,0.37,34.78
2023-11-02,83,37.0,,0.37,30.71
2023-11-03,87,37.0,,0.37,32.19
2023-11-04,63,37.0,,0.37,23.31
2023-11-05,52,36.0,False,0.36,18.72
2023-11-06,94,36.0,,0.36,33.839999999999996
2023-11-07,83,36.0,,0.36,29.88
2023-11-08,86,36.0,,0.36,30.959999999999997
2023-11-09,89,36.0,,0.36,32.04
2023-11-10,89,36.0,,0.36,32.04
2023-11-11,59,36.0,,0.36,21.24
2023-11-12,31,36.0,False,0.36,11.16
2023-11-13,82,36.0,,0.36,29.52
2023-11-14,99,36.0,,0.36,35.64
2023-11-15,84,36.0,,0.36,30.24
2023-11-16,100,36.0,,0.36,36.0
2023-11-17,69,36.0,,0.36,24.84
2023-11-18,43,36.0,,0.36,15.479999999999999
2023-11-19,32,24.0,False,0.24,7.68
2023-11-20,82,24.0,,0.24,19.68
2023-11-21,58,24.0,,0.24,13.92
2023-11-22,64,24.0,,0.24,15.36
2023-11-23,0,24.0,,0.24,0.0
2023-11-24,43,24.0,,0.24,10.32
2023-11-25,31,24.0,,0.24,7.4399999999999995
2023-11-26,26,33.0,False,0.33,8.58
2023-11-27,81,33.0,,0.33,26.73
2023-11-28,87,33.0,,0.33,28.71
2023-11-29,79,33.0,,0.33,26.07
2023-11-30,70,33.0,,0.33,23.1
2023-12-01,84,33.0,,0.33,27.720000000000002
2023-12-02,58,33.0,,0.33,19.14
2023-12-03,38,33.0,False,0.33,12.540000000000001
2023-12-04,70,33.0,,0.33,23.1
2023-12-05,91,33.0,,0.33,30.03
2023-12-06,67,33.0,,0.33,22.11
2023-12-07,80,33.0,,0.33,26.400000000000002
2023-12-08,89,33.0,,0.33,29.37
2023-12-09,54,33.0,,0.33,17.82
2023-12-10,38,35.0,False,0.35,13.299999999999999
2023-12-11,100,35.0,,0.35,35.0
2023-12-12,81,35.0,,0.35,28.349999999999998
2023-12-13,86,35.0,,0.35,30.099999999999998
2023-12-14,71,35.0,,0.35,24.849999999999998
2023-12-15,72,35.0,,0.35,25.2
2023-12-16,50,35.0,,0.35,17.5
2023-12-17,18,31.0,False,0.31,5.58
2023-12-18,75,31.0,,0.31,23.25
2023-12-19,89,31.0,,0.31,27.59
2023-12-20,76,31.0,,0.31,23.56
2023-12-21,73,31.0,,0.31,22.63
2023-12-22,62,31.0,,0.31,19.22
2023-12-23,54,31.0,,0.31,16.74
2023-12-24,28,30.0,False,0.3,8.4
2023-12-25,24,30.0,,0.3,7.199999999999999
2023-12-26,56,30.0,,0.3,16.8
2023-12-27,77,30.0,,0.3,23.099999999999998
2023-12-28,85,30.0,,0.3,25.5
2023-12-29,97,30.0,,0.3,29.099999999999998
2023-12-30,48,30.0,,0.3,14.399999999999999
2023-12-31,31,30.0,False,0.3,9.299999999999999
2024-01-01,14,30.0,,0.3,4.2
2024-01-02,74,30.0,,0.3,22.2
2024-01-03,83,30.0,,0.3,24.9
2024-01-04,84,30.0,,0.3,25.2
2024-01-05,66,30.0,,0.3,19.8
2024-01-06,37,30.0,,0.3,11.1
2024-01-07,31,34.0,False,0.34,10.540000000000001
2024-01-08,85,34.0,,0.34,28.900000000000002
2024-01-09,78,34.0,,0.34,26.520000000000003
2024-01-10,69,34.0,,0.34,23.46
2024-01-11,85,34.0,,0.34,28.900000000000002
2024-01-12,88,34.0,,0.34,29.92
2024-01-13,33,34.0,,0.34,11.22
2024-01-14,37,38.0,False,0.38,14.06
2024-01-15,58,38.0,,0.38,22.04
2024-01-16,82,38.0,,0.38,31.16
2024-01-17,100,38.0,,0.38,38.0
2024-01-18,73,38.0,,0.38,27.740000000000002
2024-01-19,80,38.0,,0.38,30.4
2024-01-20,52,38.0,,0.38,19.76
2024-01-21,37,41.0,False,0.41,15.17
2024-01-22,81,41.0,,0.41,33.21
2024-01-23,93,41.0,,0.41,38.129999999999995
2024-01-24,100,41.0,,0.41,41.0
2024-01-25,88,41.0,,0.41,36.08
2024-01-26,77,41.0,,0.41,31.569999999999997
2024-01-27,53,41.0,,0.41,21.73
2024-01-28,46,37.0,False,0.37,17.02
2024-01-29,86,37.0,,0.37,31.82
2024-01-30,79,37.0,,0.37,29.23
2024-01-31,79,37.0,,0.37,29.23
2024-02-01,77,37.0,,0.37,28.49
2024-02-02,61,37.0,,0.37,22.57
2024-02-03,52,37.0,,0.37,19.24
2024-02-04,43,39.0,False,0.39,16.77
2024-02-05,63,39.0,,0.39,24.57
2024-02-06,91,39.0,,0.39,35.49
2024-02-07,86,39.0,,0.39,33.54
2024-02-08,80,39.0,,0.39,31.200000000000003
2024-02-09,77,39.0,,0.39,30.03
2024-02-10,52,39.0,,0.39,20.28
2024-02-11,39,37.0,False,0.37,14.43
2024-02-12,62,37.0,,0.37,22.94
2024-02-13,77,37.0,,0.37,28.49
2024-02-14,90,37.0,,0.37,33.3
2024-02-15,84,37.0,,0.37,31.08
2024-02-16,72,37.0,,0.37,26.64
2024-02-17,38,37.0,,0.37,14.06
2024-02-18,27,37.0,False,0.37,9.99
2024-02-19,51,37.0,,0.37,18.87
2024-02-20,85,37.0,,0.37,31.45
2024-02-21,77,37.0,,0.37,28.49
2024-02-22,100,37.0,,0.37,37.0
2024-02-23,76,37.0,,0.37,28.12
2024-02-24,50,37.0,,0.37,18.5
2024-02-25,39,37.0,False,0.37,14.43
2024-02-26,74,37.0,,0.37,27.38
2024-02-27,88,37.0,,0.37,32.56
2024-02-28,76,37.0,,0.37,28.12
2024-02-29,65,37.0,,0.37,24.05
2024-03-01,66,37.0,,0.37,24.419999999999998
2024-03-02,53,37.0,,0.37,19.61
2024-03-03,44,37.0,False,0.37,16.28
2024-03-04,86,37.0,,0.37,31.82
2024-03-05,88,37.0,,0.37,32.56
2024-03-06,92,37.0,,0.37,34.04
2024-03-07,80,37.0,,0.37,29.6
2024-03-08,71,37.0,,0.37,26.27
2024-03-09,45,37.0,,0.37,16.65
2024-03-10,34,38.0,False,0.38,12.92
2024-03-11,83,38.0,,0.38,31.54
2024-03-12,100,38.0,,0.38,38.0
2024-03-13,91,38.0,,0.38,34.58
2024-03-14,77,38.0,,0.38,29.26
2024-03-15,81,38.0,,0.38,30.78
2024-03-16,40,38.0,,0.38,15.2
2024-03-17,27,36.0,False,0.36,9.719999999999999
2024-03-18,84,36.0,,0.36,30.24
2024-03-19,98,36.0,,0.36,35.28
2024-03-20,83,36.0,,0.36,29.88
2024-03-21,75,36.0,,0.36,27.0
2024-03-22,68,36.0,,0.36,24.48
2024-03-23,52,36.0,,0.36,18.72
2024-03-24,56,35.0,False,0.35,19.599999999999998
2024-03-25,71,35.0,,0.35,24.849999999999998
2024-03-26,68,35.0,,0.35,23.799999999999997
2024-03-27,78,35.0,,0.35,27.299999999999997
2024-03-28,83,35.0,,0.35,29.049999999999997
2024-03-29,62,35.0,,0.35,21.7
2024-03-30,59,35.0,,0.35,20.65
2024-03-31,27,36.0,False,0.36,9.719999999999999
2024-04-01,20,36.0,,0.36,7.199999999999999
2024-04-02,21,36.0,,0.36,7.56
2024-04-03,20,36.0,,0.36,7.199999999999999
2024-04-04,22,36.0,,0.36,7.92
2024-04-05,19,36.0,,0.36,6.84
2024-04-06,8,36.0,,0.36,2.88
2024-04-07,8,84.0,False,0.84,6.72
2024-04-08,20,84.0,,0.84,16.8
2024-04-09,100,84.0,,0.84,84.0
2024-04-10,70,84.0,,0.84,58.8
2024-04-11,29,84.0,,0.84,24.36
2024-04-12,27,84.0,,0.84,22.68
2024-04-13,12,84.0,,0.84,10.08
2024-04-14,9,41.0,False,0.41,3.69
2024-04-15,23,41.0,,0.41,9.43
2024-04-16,26,41.0,,0.41,10.66
2024-04-17,20,41.0,,0.41,8.2
2024-04-18,25,41.0,,0.41,10.25
2024-04-19,19,41.0,,0.41,7.789999999999999
2024-04-20,10,41.0,,0.41,4.1
2024-04-21,8,36.0,False,0.36,2.88
2024-04-22,20,36.0,,0.36,7.199999999999999
2024-04-23,15,36.0,,0.36,5.3999999999999995
2024-04-24,25,36.0,,0.36,9.0
2024-04-25,23,36.0,,0.36,8.28
2024-04-26,14,36.0,,0.36,5.04
2024-04-27,13,36.0,,0.36,4.68
2024-04-28,9,36.0,False,0.36,3.2399999999999998
2024-04-29,19,36.0,,0.36,6.84
2024-04-30,21,36.0,,0.36,7.56
2024-05-01,62,36.0,,0.36,22.32
2024-05-02,62,36.0,,0.36,22.32
2024-05-03,77,36.0,,0.36,27.72
2024-05-04,45,36.0,,0.36,16.2
2024-05-05,48,35.0,False,0.35,16.799999999999997
2024-05-06,61,35.0,,0.35,21.349999999999998
2024-05-07,62,35.0,,0.35,21.7
2024-05-08,56,35.0,,0.35,19.599999999999998
2024-05-09,66,35.0,,0.35,23.099999999999998
2024-05-10,82,35.0,,0.35,28.7
2024-05-11,40,35.0,,0.35,14.0
2024-05-12,31,36.0,False,0.36,11.16
2024-05-13,78,36.0,,0.36,28.08
2024-05-14,79,36.0,,0.36,28.439999999999998
2024-05-15,72,36.0,,0.36,25.919999999999998
2024-05-16,57,36.0,,0.36,20.52
2024-05-17,63,36.0,,0.36,22.68
2024-05-18,39,36.0,,0.36,14.04
2024-05-19,27,36.0,False,0.36,9.719999999999999
2024-05-20,78,36.0,,0.36,28.08
2024-05-21,71,36.0,,0.36,25.56
2024-05-22,78,36.0,,0.36,28.08
2024-05-23,63,36.0,,0.36,22.68
2024-05-24,66,36.0,,0.36,23.759999999999998
2024-05-25,39,36.0,,0.36,14.04
2024-05-26,0,40.0,False,0.4,0.0
2024-05-27,35,40.0,,0.4,14.0
2024-05-28,89,40.0,,0.4,35.6
2024-05-29,100,40.0,,0.4,40.0
2024-05-30,88,40.0,,0.4,35.2
2024-05-31,93,40.0,,0.4,37.2
2024-06-01,52,40.0,,0.4,20.8
2024-06-02,33,41.0,False,0.41,13.53
2024-06-03,100,41.0,,0.41,41.0
2024-06-04,86,41.0,,0.41,35.26
2024-06-05,97,41.0,,0.41,39.769999999999996
2024-06-06,83,41.0,,0.41,34.03
2024-06-07,77,41.0,,0.41,31.569999999999997
2024-06-08,41,41.0,,0.41,16.81
2024-06-09,38,40.0,False,0.4,15.200000000000001
2024-06-10,69,40.0,,0.4,27.6
2024-06-11,82,40.0,,0.4,32.800000000000004
2024-06-12,92,40.0,,0.4,36.800000000000004
2024-06-13,77,40.0,,0.4,30.8
2024-06-14,83,40.0,,0.4,33.2
2024-06-15,50,40.0,,0.4,20.0
2024-06-16,49,38.0,False,0.38,18.62
2024-06-17,94,38.0,,0.38,35.72
2024-06-18,86,38.0,,0.38,32.68
2024-06-19,81,38.0,,0.38,30.78
2024-06-20,75,38.0,,0.38,28.5
2024-06-21,62,38.0,,0.38,23.56
2024-06-22,54,38.0,,0.38,20.52
2024-06-23,39,39.0,False,0.39,15.21
2024-06-24,74,39.0,,0.39,28.86
2024-06-25,90,39.0,,0.39,35.1
2024-06-26,83,39.0,,0.39,32.370000000000005
2024-06-27,77,39.0,,0.39,30.03
2024-06-28,94,39.0,,0.39,36.660000000000004
2024-06-29,40,39.0,,0.39,15.600000000000001
2024-06-30,35,38.0,False,0.38,13.3
2024-07-01,86,38.0,,0.38,32.68
2024-07-02,63,38.0,,0.38,23.94
2024-07-03,100,38.0,,0.38,38.0
2024-07-04,38,38.0,,0.38,14.44
2024-07-05,65,38.0,,0.38,24.7
2024-07-06,54,38.0,,0.38,20.52
2024-07-07,51,41.0,False,0.41,20.91
2024-07-08,82,41.0,,0.41,33.62
2024-07-09,73,41.0,,0.41,29.93
2024-07-10,73,41.0,,0.41,29.93
2024-07-11,81,41.0,,0.41,33.21
2024-07-12,71,41.0,,0.41,29.11
2024-07-13,51,41.0,,0.41,20.91
2024-07-14,29,43.0,False,0.43,12.47
2024-07-15,92,43.0,,0.43,39.56
2024-07-16,99,43.0,,0.43,42.57
2024-07-17,86,43.0,,0.43,36.98
2024-07-18,78,43.0,,0.43,33.54
2024-07-19,72,43.0,,0.43,30.96
2024-07-20,45,43.0,,0.43,19.35
2024-07-21,39,39.0,False,0.39,15.21
2024-07-22,82,39.0,,0.39,31.98
2024-07-23,74,39.0,,0.39,28.86
2024-07-24,76,39.0,,0.39,29.64
2024-07-25,93,39.0,,0.39,36.27
2024-07-26,64,39.0,,0.39,24.96
2024-07-27,33,39.0,,0.39,12.870000000000001
2024-07-28,41,41.0,False,0.41,16.81
2024-07-29,87,41.0,,0.41,35.669999999999995
2024-07-30,77,41.0,,0.41,31.569999999999997
2024-07-31,78,41.0,,0.41,31.979999999999997
2024-08-01,86,41.0,,0.41,35.26
2024-08-02,76,41.0,,0.41,31.159999999999997
2024-08-03,45,41.0,,0.41,18.45
2024-08-04,33,39.0,False,0.39,12.870000000000001
2024-08-05,88,39.0,,0.39,34.32
2024-08-06,79,39.0,,0.39,30.810000000000002
2024-08-07,80,39.0,,0.39,31.200000000000003
2024-08-08,84,39.0,,0.39,32.76
2024-08-09,76,39.0,,0.39,29.64
2024-08-10,36,39.0,,0.39,14.040000000000001
2024-08-11,37,36.0,False,0.36,13.32
2024-08-12,61,36.0,,0.36,21.96
2024-08-13,74,36.0,,0.36,26.64
2024-08-14,68,36.0,,0.36,24.48
2024-08-15,82,36.0,,0.36,29.52
2024-08-16,66,36.0,,0.36,23.759999999999998
2024-08-17,35,36.0,,0.36,12.6
2024-08-18,49,39.0,False,0.39,19.11
2024-08-19,70,39.0,,0.39,27.3
2024-08-20,78,39.0,,0.39,30.42
2024-08-21,82,39.0,,0.39,31.98
2024-08-22,71,39.0,,0.39,27.69
2024-08-23,78,39.0,,0.39,30.42
2024-08-24,41,39.0,,0.39,15.99
2024-08-25,37,41.0,False,0.41,15.17
2024-08-26,66,41.0,,0.41,27.06
2024-08-27,100,41.0,,0.41,41.0
2024-08-28,79,41.0,,0.41,32.39
2024-08-29,77,41.0,,0.41,31.569999999999997
2024-08-30,72,41.0,,0.41,29.52
2024-08-31,58,41.0,,0.41,23.779999999999998
2024-09-01,39,41.0,False,0.41,15.989999999999998
2024-09-02,60,41.0,,0.41,24.599999999999998
2024-09-03,96,41.0,,0.41,39.36
2024-09-04,89,41.0,,0.41,36.489999999999995
2024-09-05,96,41.0,,0.41,39.36
2024-09-06,75,41.0,,0.41,30.749999999999996
2024-09-07,50,41.0,,0.41,20.5
2024-09-08,35,39.0,False,0.39,13.65
2024-09-09,90,39.0,,0.39,35.1
2024-09-10,91,39.0,,0.39,35.49
2024-09-11,78,39.0,,0.39,30.42
2024-09-12,95,39.0,,0.39,37.050000000000004
2024-09-13,69,39.0,,0.39,26.91
2024-09-14,50,39.0,,0.39,19.5
2024-09-15,33,40.0,False,0.4,13.200000000000001
2024-09-16,84,40.0,,0.4,33.6
2024-09-17,88,40.0,,0.4,35.2
2024-09-18,100,40.0,,0.4,40.0
2024-09-19,87,40.0,,0.4,34.800000000000004
2024-09-20,66,40.0,,0.4,26.400000000000002
2024-09-21,58,40.0,,0.4,23.200000000000003
2024-09-22,38,40.0,False,0.4,15.200000000000001
2024-09-23,93,40.0,,0.4,37.2
2024-09-24,81,40.0,,0.4,32.4
2024-09-25,86,40.0,,0.4,34.4
2024-09-26,85,40.0,,0.4,34.0
2024-09-27,88,40.0,,0.4,35.2
2024-09-28,55,40.0,,0.4,22.0
2024-09-29,44,42.0,False,0.42,18.48
2024-09-30,82,42.0,,0.42,34.44
2024-10-01,72,42.0,,0.42,30.24
2024-10-02,69,42.0,,0.42,28.98
2024-10-03,100,42.0,,0.42,42.0
2024-10-04,88,42.0,,0.42,36.96
2024-10-05,49,42.0,,0.42,20.58
2024-10-06,31,37.0,False,0.37,11.47
2024-10-07,64,37.0,,0.37,23.68
2024-10-08,77,37.0,,0.37,28.49
2024-10-09,68,37.0,,0.37,25.16
2024-10-10,55,37.0,,0.37,20.35
2024-10-11,70,37.0,,0.37,25.9
2024-10-12,36,37.0,,0.37,13.32
2024-10-13,29,39.0,False,0.39,11.31
2024-10-14,64,39.0,,0.39,24.96
2024-10-15,82,39.0,,0.39,31.98
2024-10-16,79,39.0,,0.39,30.810000000000002
2024-10-17,71,39.0,,0.39,27.69
2024-10-18,69,39.0,,0.39,26.91
2024-10-19,46,39.0,,0.39,17.94
2024-10-20,35,37.0,False,0.37,12.95
2024-10-21,65,37.0,,0.37,24.05
2024-10-22,73,37.0,,0.37,27.009999999999998
2024-10-23,72,37.0,,0.37,26.64
2024-10-24,68,37.0,,0.37,25.16
2024-10-25,65,37.0,,0.37,24.05
2024-10-26,35,37.0,,0.37,12.95
2024-10-27,34,41.0,False,0.41,13.94
2024-10-28,68,41.0,,0.41,27.88
2024-10-29,92,41.0,,0.41,37.72
2024-10-30,89,41.0,,0.41,36.489999999999995
2024-10-31,72,41.0,,0.41,29.52
2024-11-01,82,41.0,,0.41,33.62
2024-11-02,50,41.0,,0.41,20.5
2024-11-03,48,36.0,False,0.36,17.28
2024-11-04,82,36.0,,0.36,29.52
2024-11-05,53,36.0,,0.36,19.08
2024-11-06,70,36.0,,0.36,25.2
2024-11-07,77,36.0,,0.36,27.72
2024-11-08,77,36.0,,0.36,27.72
2024-11-09,41,36.0,,0.36,14.76
2024-11-10,33,37.0,False,0.37,12.209999999999999
2024-11-11,63,37.0,,0.37,23.31
2024-11-12,80,37.0,,0.37,29.6
2024-11-13,85,37.0,,0.37,31.45
2024-11-14,79,37.0,,0.37,29.23
2024-11-15,72,37.0,,0.37,26.64
2024-11-16,36,37.0,,0.37,13.32
2024-11-17,28,41.0,False,0.41,11.479999999999999
2024-11-18,85,41.0,,0.41,34.85
2024-11-19,100,41.0,,0.41,41.0
2024-11-20,74,41.0,,0.41,30.34
2024-11-21,74,41.0,,0.41,30.34
2024-11-22,94,41.0,,0.41,38.54
2024-11-23,49,41.0,,0.41,20.09
2024-11-24,33,34.0,False,0.34,11.22
2024-11-25,73,34.0,,0.34,24.82
2024-11-26,75,34.0,,0.34,25.500000000000004
2024-11-27,84,34.0,,0.34,28.560000000000002
2024-11-28,39,34.0,,0.34,13.260000000000002
2024-11-29,58,34.0,,0.34,19.720000000000002
2024-11-30,67,34.0,,0.34,22.78
2024-12-01,45,46.0,False,0.46,20.7
2024-12-02,97,46.0,,0.46,44.620000000000005
2024-12-03,100,46.0,,0.46,46.0
2024-12-04,78,46.0,,0.46,35.88
2024-12-05,70,46.0,,0.46,32.2
2024-12-06,47,46.0,,0.46,21.62
2024-12-07,39,46.0,,0.46,17.94
2024-12-08,31,38.0,False,0.38,11.78
2024-12-09,54,38.0,,0.38,20.52
2024-12-10,60,38.0,,0.38,22.8
2024-12-11,63,38.0,,0.38,23.94
2024-12-12,66,38.0,,0.38,25.080000000000002
2024-12-13,66,38.0,,0.38,25.080000000000002
2024-12-14,38,38.0,,0.38,14.44
2024-12-15,33,39.0,False,0.39,12.870000000000001
2024-12-16,61,39.0,,0.39,23.79
2024-12-17,65,39.0,,0.39,25.35
2024-12-18,71,39.0,,0.39,27.69
2024-12-19,56,39.0,,0.39,21.84
2024-12-20,64,39.0,,0.39,24.96
2024-12-21,36,39.0,,0.39,14.040000000000001
2024-12-22,30,34.0,False,0.34,10.200000000000001
2024-12-23,78,34.0,,0.34,26.520000000000003
2024-12-24,48,34.0,,0.34,16.32
2024-12-25,28,34.0,,0.34,9.520000000000001
2024-12-26,54,34.0,,0.34,18.360000000000003
2024-12-27,68,34.0,,0.34,23.12
2024-12-28,33,34.0,,0.34,11.22
2024-12-29,28,36.0,False,0.36,10.08
2024-12-30,58,36.0,,0.36,20.88
2024-12-31,51,36.0,,0.36,18.36
2025-01-01,11,36.0,,0.36,3.96
2025-01-02,23,36.0,,0.36,8.28
2025-01-03,20,36.0,,0.36,7.199999999999999
2025-01-04,16,36.0,,0.36,5.76
2025-01-05,11,92.0,False,0.92,10.120000000000001
2025-01-06,20,92.0,,0.92,18.400000000000002
2025-01-07,86,92.0,,0.92,79.12
2025-01-08,100,92.0,,0.92,92.0
2025-01-09,27,92.0,,0.92,24.84
2025-01-10,34,92.0,,0.92,31.28
2025-01-11,23,92.0,,0.92,21.16
2025-01-12,22,55.0,False,0.55,12.100000000000001
2025-01-13,31,55.0,,0.55,17.05
2025-01-14,34,55.0,,0.55,18.700000000000003
2025-01-15,29,55.0,,0.55,15.950000000000001
2025-01-16,28,55.0,,0.55,15.400000000000002
2025-01-17,26,55.0,,0.55,14.3
2025-01-18,18,55.0,,0.55,9.9
2025-01-19,14,45.0,False,0.45,6.3
2025-01-20,15,45.0,,0.45,6.75
2025-01-21,27,45.0,,0.45,12.15
2025-01-22,30,45.0,,0.45,13.5
2025-01-23,31,45.0,,0.45,13.950000000000001
2025-01-24,31,45.0,,0.45,13.950000000000001
2025-01-25,16,45.0,,0.45,7.2
2025-01-26,10,45.0,False,0.45,4.5
2025-01-27,28,45.0,,0.45,12.6
2025-01-28,27,45.0,,0.45,12.15
2025-01-29,22,45.0,,0.45,9.9
2025-01-30,25,45.0,,0.45,11.25
2025-01-31,25,45.0,,0.45,11.25
2025-02-01,34,45.0,,0.45,15.3
2025-02-02,45,47.0,False,0.47,21.15
2025-02-03,61,47.0,,0.47,28.669999999999998
2025-02-04,77,47.0,,0.47,36.19
2025-02-05,79,47.0,,0.47,37.129999999999995
2025-02-06,74,47.0,,0.47,34.78
2025-02-07,77,47.0,,0.47,36.19
2025-02-08,50,47.0,,0.47,23.5
2025-02-09,28,52.0,False,0.52,14.56
2025-02-10,70,52.0,,0.52,36.4
2025-02-11,80,52.0,,0.52,41.6
2025-02-12,89,52.0,,0.52,46.28
2025-02-13,100,52.0,,0.52,52.0
2025-02-14,78,52.0,,0.52,40.56
2025-02-15,69,52.0,,0.52,35.88
2025-02-16,56,51.0,False,0.51,28.560000000000002
2025-02-17,61,51.0,,0.51,31.11
2025-02-18,85,51.0,,0.51,43.35
2025-02-19,75,51.0,,0.51,38.25
2025-02-20,90,51.0,,0.51,45.9
2025-02-21,74,51.0,,0.51,37.74
2025-02-22,54,51.0,,0.51,27.54
2025-02-23,39,51.0,False,0.51,19.89
2025-02-24,91,51.0,,0.51,46.410000000000004
2025-02-25,78,51.0,,0.51,39.78
2025-02-26,78,51.0,,0.51,39.78
2025-02-27,70,51.0,,0.51,35.7
2025-02-28,66,51.0,,0.51,33.660000000000004
2025-03-01,59,51.0,,0.51,30.09
2025-03-02,42,46.0,False,0.46,19.32
2025-03-03,76,46.0,,0.46,34.96
2025-03-04,89,46.0,,0.46,40.940000000000005
2025-03-05,93,46.0,,0.46,42.78
2025-03-06,73,46.0,,0.46,33.58
2025-03-07,92,46.0,,0.46,42.32
2025-03-08,53,46.0,,0.46,24.380000000000003
2025-03-09,46,45.0,False,0.45,20.7
2025-03-10,88,45.0,,0.45,39.6
2025-03-11,100,45.0,,0.45,45.0
2025-03-12,85,45.0,,0.45,38.25
2025-03-13,82,45.0,,0.45,36.9
2025-03-14,80,45.0,,0.45,36.0
2025-03-15,53,45.0,,0.45,23.85
2025-03-16,52,44.0,False,0.44,22.88
2025-03-17,82,44.0,,0.44,36.08
2025-03-18,84,44.0,,0.44,36.96
2025-03-19,100,44.0,,0.44,44.0
2025-03-20,79,44.0,,0.44,34.76
2025-03-21,78,44.0,,0.44,34.32
2025-03-22,54,44.0,,0.44,23.76
2025-03-23,44,42.0,False,0.42,18.48
2025-03-24,78,42.0,,0.42,32.76
2025-03-25,71,42.0,,0.42,29.82
2025-03-26,91,42.0,,0.42,38.22
2025-03-27,87,42.0,,0.42,36.54
2025-03-28,87,42.0,,0.42,36.54
2025-03-29,40,42.0,,0.42,16.8
2025-03-30,53,52.0,False,0.52,27.560000000000002
2025-03-31,72,52.0,,0.52,37.44
2025-04-01,83,52.0,,0.52,43.160000000000004
2025-04-02,91,52.0,,0.52,47.32
2025-04-03,82,52.0,,0.52,42.64
2025-04-04,92,52.0,,0.52,47.84
2025-04-05,46,52.0,,0.52,23.92
2025-04-06,54,46.0,False,0.46,24.84
2025-04-07,77,46.0,,0.46,35.42
2025-04-08,81,46.0,,0.46,37.260000000000005
2025-04-09,76,46.0,,0.46,34.96
2025-04-10,72,46.0,,0.46,33.120000000000005
2025-04-11,100,46.0,,0.46,46.0
2025-04-12,43,46.0,,0.46,19.78
2025-04-13,44,44.0,False,0.44,19.36
