Date,Kaiser Permanente_unscaled,Kaiser Permanente_monthly,isPartial,scale,Kaiser Permanente
2020-12-22,88,49,,0.49,43.12
2020-12-23,81,49,,0.49,39.69
2020-12-24,67,49,,0.49,32.83
2020-12-25,37,49,,0.49,18.13
2020-12-26,49,49,,0.49,24.009999999999998
2020-12-27,46,61,FALSE,0.61,28.06
2020-12-28,97,61,,0.61,59.17
2020-12-29,98,61,,0.61,59.78
2020-12-30,92,61,,0.61,56.12
2020-12-31,81,61,,0.61,49.41
2021-01-01,52,61,,0.61,31.72
2021-01-02,57,61,,0.61,34.769999999999996
2021-01-03,55,71,FALSE,0.71,39.05
2021-01-04,94,71,,0.71,66.74
2021-01-05,100,71,,0.71,71
2021-01-06,81,71,,0.71,57.51
2021-01-07,80,71,,0.71,56.8
2021-01-08,82,71,,0.71,58.22
2021-01-09,57,71,,0.71,40.47
2021-01-10,43,71,FALSE,0.71,30.529999999999998
2021-01-11,85,71,,0.71,60.349999999999994
2021-01-12,93,71,,0.71,66.03
2021-01-13,94,71,,0.71,66.74
2021-01-14,91,71,,0.71,64.61
2021-01-15,84,71,,0.71,59.64
2021-01-16,64,71,,0.71,45.44
2021-01-17,45,68,FALSE,0.68,30.6
2021-01-18,72,68,,0.68,48.96
2021-01-19,96,68,,0.68,65.28
2021-01-20,83,68,,0.68,56.440000000000005
2021-01-21,82,68,,0.68,55.760000000000005
2021-01-22,81,68,,0.68,55.080000000000005
2021-01-23,59,68,,0.68,40.120000000000005
2021-01-24,44,66,FALSE,0.66,29.040000000000003
2021-01-25,82,66,,0.66,54.120000000000005
2021-01-26,86,66,,0.66,56.760000000000005
2021-01-27,79,66,,0.66,52.14
2021-01-28,77,66,,0.66,50.82
2021-01-29,77,66,,0.66,50.82
2021-01-30,53,66,,0.66,34.980000000000004
2021-01-31,43,61,FALSE,0.61,26.23
2021-02-01,91,61,,0.61,55.51
2021-02-02,100,61,,0.61,61
2021-02-03,96,61,,0.61,58.56
2021-02-04,88,61,,0.61,53.68
2021-02-05,87,61,,0.61,53.07
2021-02-06,58,61,,0.61,35.38
2021-02-07,45,57,FALSE,0.57,25.65
2021-02-08,83,57,,0.57,47.309999999999995
2021-02-09,91,57,,0.57,51.87
2021-02-10,96,57,,0.57,54.72
2021-02-11,84,57,,0.57,47.879999999999995
2021-02-12,76,57,,0.57,43.31999999999999
2021-02-13,55,57,,0.57,31.349999999999998
2021-02-14,40,57,FALSE,0.57,22.799999999999997
2021-02-15,79,57,,0.57,45.029999999999994
2021-02-16,94,57,,0.57,53.58
2021-02-17,87,57,,0.57,49.589999999999996
2021-02-18,93,57,,0.57,53.01
2021-02-19,83,57,,0.57,47.309999999999995
2021-02-20,60,57,,0.57,34.199999999999996
2021-02-21,51,62,FALSE,0.62,31.62
2021-02-22,95,62,,0.62,58.9
2021-02-23,95,62,,0.62,58.9
2021-02-24,90,62,,0.62,55.8
2021-02-25,92,62,,0.62,57.04
2021-02-26,91,62,,0.62,56.42
2021-02-27,64,62,,0.62,39.68
2021-02-28,49,66,FALSE,0.66,32.34
2021-03-01,91,66,,0.66,60.06
2021-03-02,100,66,,0.66,66
2021-03-03,96,66,,0.66,63.36
2021-03-04,92,66,,0.66,60.720000000000006
2021-03-05,88,66,,0.66,58.080000000000005
2021-03-06,65,66,,0.66,42.9
2021-03-07,47,70,FALSE,0.7,32.9
2021-03-08,92,70,,0.7,64.39999999999999
2021-03-09,99,70,,0.7,69.3
2021-03-10,97,70,,0.7,67.89999999999999
2021-03-11,91,70,,0.7,63.699999999999996
2021-03-12,91,70,,0.7,63.699999999999996
2021-03-13,65,70,,0.7,45.5
2021-03-14,46,60,FALSE,0.6,27.599999999999998
2021-03-15,89,60,,0.6,53.4
2021-03-16,94,60,,0.6,56.4
2021-03-17,86,60,,0.6,51.6
2021-03-18,91,60,,0.6,54.6
2021-03-19,92,60,,0.6,55.199999999999996
2021-03-20,66,60,,0.6,39.6
2021-03-21,52,67,FALSE,0.67,34.84
2021-03-22,95,67,,0.67,63.650000000000006
2021-03-23,100,67,,0.67,67
2021-03-24,92,67,,0.67,61.64
2021-03-25,95,67,,0.67,63.650000000000006
2021-03-26,88,67,,0.67,58.96
2021-03-27,60,67,,0.67,40.2
2021-03-28,49,69,FALSE,0.69,33.809999999999995
2021-03-29,100,69,,0.69,69
2021-03-30,99,69,,0.69,68.30999999999999
2021-03-31,99,69,,0.69,68.30999999999999
2021-04-01,100,69,,0.69,69
2021-04-02,92,69,,0.69,63.48
2021-04-03,66,69,,0.69,45.54
2021-04-04,49,68,FALSE,0.68,33.32
2021-04-05,100,68,,0.68,68
2021-04-06,97,68,,0.68,65.96000000000001
2021-04-07,93,68,,0.68,63.24
2021-04-08,89,68,,0.68,60.52
2021-04-09,86,68,,0.68,58.480000000000004
2021-04-10,54,68,,0.68,36.720000000000006
2021-04-11,46,69,FALSE,0.69,31.74
2021-04-12,95,69,,0.69,65.55
2021-04-13,98,69,,0.69,67.61999999999999
2021-04-14,92,69,,0.69,63.48
2021-04-15,91,69,,0.69,62.78999999999999
2021-04-16,86,69,,0.69,59.339999999999996
2021-04-17,57,69,,0.69,39.33
2021-04-18,45,63,FALSE,0.63,28.35
2021-04-19,93,63,,0.63,58.59
2021-04-20,90,63,,0.63,56.7
2021-04-21,85,63,,0.63,53.55
2021-04-22,92,63,,0.63,57.96
2021-04-23,82,63,,0.63,51.660000000000004
2021-04-24,54,63,,0.63,34.02
2021-04-25,42,60,FALSE,0.6,25.2
2021-04-26,88,60,,0.6,52.8
2021-04-27,91,60,,0.6,54.6
2021-04-28,90,60,,0.6,54
2021-04-29,75,60,,0.6,45
2021-04-30,82,60,,0.6,49.199999999999996
2021-05-01,61,60,,0.6,36.6
2021-05-02,49,61,FALSE,0.61,29.89
2021-05-03,99,61,,0.61,60.39
2021-05-04,98,61,,0.61,59.78
2021-05-05,90,61,,0.61,54.9
2021-05-06,84,61,,0.61,51.24
2021-05-07,85,61,,0.61,51.85
2021-05-08,59,61,,0.61,35.99
2021-05-09,41,61,FALSE,0.61,25.009999999999998
2021-05-10,88,61,,0.61,53.68
2021-05-11,100,61,,0.61,61
2021-05-12,89,61,,0.61,54.29
2021-05-13,92,61,,0.61,56.12
2021-05-14,89,61,,0.61,54.29
2021-05-15,63,61,,0.61,38.43
2021-05-16,47,59,FALSE,0.59,27.729999999999997
2021-05-17,99,59,,0.59,58.41
2021-05-18,93,59,,0.59,54.87
2021-05-19,94,59,,0.59,55.459999999999994
2021-05-20,86,59,,0.59,50.739999999999995
2021-05-21,83,59,,0.59,48.97
2021-05-22,51,59,,0.59,30.09
2021-05-23,47,58,FALSE,0.58,27.259999999999998
2021-05-24,96,58,,0.58,55.67999999999999
2021-05-25,90,58,,0.58,52.199999999999996
2021-05-26,83,58,,0.58,48.13999999999999
2021-05-27,86,58,,0.58,49.879999999999995
2021-05-28,81,58,,0.58,46.98
2021-05-29,57,58,,0.58,33.059999999999995
2021-05-30,45,56,FALSE,0.56,25.200000000000003
2021-05-31,47,56,,0.56,26.320000000000004
2021-06-01,100,56,,0.56,56.00000000000001
2021-06-02,96,56,,0.56,53.760000000000005
2021-06-03,93,56,,0.56,52.080000000000005
2021-06-04,90,56,,0.56,50.400000000000006
2021-06-05,57,56,,0.56,31.92
2021-06-06,44,58,FALSE,0.58,25.52
2021-06-07,92,58,,0.58,53.36
2021-06-08,93,58,,0.58,53.94
2021-06-09,92,58,,0.58,53.36
2021-06-10,88,58,,0.58,51.04
2021-06-11,86,58,,0.58,49.879999999999995
2021-06-12,49,58,,0.58,28.419999999999998
2021-06-13,43,62,FALSE,0.62,26.66
2021-06-14,91,62,,0.62,56.42
2021-06-15,98,62,,0.62,60.76
2021-06-16,88,62,,0.62,54.56
2021-06-17,87,62,,0.62,53.94
2021-06-18,82,62,,0.62,50.839999999999996
2021-06-19,53,62,,0.62,32.86
2021-06-20,42,60,FALSE,0.6,25.2
2021-06-21,98,60,,0.6,58.8
2021-06-22,95,60,,0.6,57
2021-06-23,93,60,,0.6,55.8
2021-06-24,85,60,,0.6,51
2021-06-25,82,60,,0.6,49.199999999999996
2021-06-26,52,60,,0.6,31.2
2021-06-27,42,59,FALSE,0.59,24.779999999999998
2021-06-28,87,59,,0.59,51.33
2021-06-29,97,59,,0.59,57.23
2021-06-30,89,59,,0.59,52.51
2021-07-01,68,59,,0.59,40.12
2021-07-02,60,59,,0.59,35.4
2021-07-03,39,59,,0.59,23.009999999999998
2021-07-04,30,56,FALSE,0.56,16.8
2021-07-05,47,56,,0.56,26.320000000000004
2021-07-06,70,56,,0.56,39.2
2021-07-07,68,56,,0.56,38.080000000000005
2021-07-08,72,56,,0.56,40.32000000000001
2021-07-09,66,56,,0.56,36.96
2021-07-10,42,56,,0.56,23.520000000000003
2021-07-11,33,69,FALSE,0.69,22.77
2021-07-12,70,69,,0.69,48.3
2021-07-13,68,69,,0.69,46.919999999999995
2021-07-14,72,69,,0.69,49.67999999999999
2021-07-15,100,69,,0.69,69
2021-07-16,77,69,,0.69,53.129999999999995
2021-07-17,42,69,,0.69,28.979999999999997
2021-07-18,35,65,FALSE,0.65,22.75
2021-07-19,74,65,,0.65,48.1
2021-07-20,73,65,,0.65,47.45
2021-07-21,72,65,,0.65,46.800000000000004
2021-07-22,68,65,,0.65,44.2
2021-07-23,64,65,,0.65,41.6
2021-07-24,39,65,,0.65,25.35
2021-07-25,32,66,FALSE,0.66,21.12
2021-07-26,74,66,,0.66,48.84
2021-07-27,76,66,,0.66,50.160000000000004
2021-07-28,70,66,,0.66,46.2
2021-07-29,72,66,,0.66,47.52
2021-07-30,68,66,,0.66,44.88
2021-07-31,49,66,,0.66,32.34
2021-08-01,39,74,FALSE,0.74,28.86
2021-08-02,86,74,,0.74,63.64
2021-08-03,100,74,,0.74,74
2021-08-04,90,74,,0.74,66.6
2021-08-05,89,74,,0.74,65.86
2021-08-06,80,74,,0.74,59.2
2021-08-07,55,74,,0.74,40.7
2021-08-08,40,69,FALSE,0.69,27.599999999999998
2021-08-09,84,69,,0.69,57.959999999999994
2021-08-10,92,69,,0.69,63.48
2021-08-11,88,69,,0.69,60.72
2021-08-12,85,69,,0.69,58.65
2021-08-13,84,69,,0.69,57.959999999999994
2021-08-14,50,69,,0.69,34.5
2021-08-15,40,79,FALSE,0.79,31.6
2021-08-16,93,79,,0.79,73.47
2021-08-17,97,79,,0.79,76.63000000000001
2021-08-18,88,79,,0.79,69.52000000000001
2021-08-19,93,79,,0.79,73.47
2021-08-20,78,79,,0.79,61.620000000000005
2021-08-21,55,79,,0.79,43.45
2021-08-22,36,76,FALSE,0.76,27.36
2021-08-23,87,76,,0.76,66.12
2021-08-24,99,76,,0.76,75.24
2021-08-25,86,76,,0.76,65.36
2021-08-26,87,76,,0.76,66.12
2021-08-27,81,76,,0.76,61.56
2021-08-28,50,76,,0.76,38
2021-08-29,41,73,FALSE,0.73,29.93
2021-08-30,86,73,,0.73,62.78
2021-08-31,90,73,,0.73,65.7
2021-09-01,89,73,,0.73,64.97
2021-09-02,90,73,,0.73,65.7
2021-09-03,85,73,,0.73,62.05
2021-09-04,53,73,,0.73,38.69
2021-09-05,40,69,FALSE,0.69,27.599999999999998
2021-09-06,52,69,,0.69,35.879999999999995
2021-09-07,96,69,,0.69,66.24
2021-09-08,89,69,,0.69,61.41
2021-09-09,93,69,,0.69,64.17
2021-09-10,86,69,,0.69,59.339999999999996
2021-09-11,55,69,,0.69,37.949999999999996
2021-09-12,45,71,FALSE,0.71,31.95
2021-09-13,92,71,,0.71,65.32
2021-09-14,93,71,,0.71,66.03
2021-09-15,86,71,,0.71,61.059999999999995
2021-09-16,87,71,,0.71,61.769999999999996
2021-09-17,81,71,,0.71,57.51
2021-09-18,53,71,,0.71,37.629999999999995
2021-09-19,41,71,FALSE,0.71,29.11
2021-09-20,93,71,,0.71,66.03
2021-09-21,92,71,,0.71,65.32
2021-09-22,91,71,,0.71,64.61
2021-09-23,85,71,,0.71,60.349999999999994
2021-09-24,84,71,,0.71,59.64
2021-09-25,52,71,,0.71,36.92
2021-09-26,42,73,FALSE,0.73,30.66
2021-09-27,93,73,,0.73,67.89
2021-09-28,100,73,,0.73,73
2021-09-29,89,73,,0.73,64.97
2021-09-30,91,73,,0.73,66.42999999999999
2021-10-01,88,73,,0.73,64.24
2021-10-02,51,73,,0.73,37.23
2021-10-03,40,72,FALSE,0.72,28.799999999999997
2021-10-04,86,72,,0.72,61.919999999999995
2021-10-05,95,72,,0.72,68.39999999999999
2021-10-06,93,72,,0.72,66.96
2021-10-07,94,72,,0.72,67.67999999999999
2021-10-08,85,72,,0.72,61.199999999999996
2021-10-09,52,72,,0.72,37.44
2021-10-10,40,72,FALSE,0.72,28.799999999999997
2021-10-11,86,72,,0.72,61.919999999999995
2021-10-12,93,72,,0.72,66.96
2021-10-13,91,72,,0.72,65.52
2021-10-14,89,72,,0.72,64.08
2021-10-15,80,72,,0.72,57.599999999999994
2021-10-16,50,72,,0.72,36
2021-10-17,44,71,FALSE,0.71,31.24
2021-10-18,90,71,,0.71,63.9
2021-10-19,88,71,,0.71,62.48
2021-10-20,85,71,,0.71,60.349999999999994
2021-10-21,84,71,,0.71,59.64
2021-10-22,82,71,,0.71,58.22
2021-10-23,53,71,,0.71,37.629999999999995
2021-10-24,42,72,FALSE,0.72,30.24
2021-10-25,87,72,,0.72,62.64
2021-10-26,100,72,,0.72,72
2021-10-27,91,72,,0.72,65.52
2021-10-28,85,72,,0.72,61.199999999999996
2021-10-29,74,72,,0.72,53.28
2021-10-30,51,72,,0.72,36.72
2021-10-31,40,82,FALSE,0.82,32.8
2021-11-01,76,82,,0.82,62.31999999999999
2021-11-02,76,82,,0.82,62.31999999999999
2021-11-03,74,82,,0.82,60.68
2021-11-04,78,82,,0.82,63.959999999999994
2021-11-05,90,82,,0.82,73.8
2021-11-06,60,82,,0.82,49.199999999999996
2021-11-07,41,87,FALSE,0.87,35.67
2021-11-08,84,87,,0.87,73.08
2021-11-09,78,87,,0.87,67.86
2021-11-10,77,87,,0.87,66.99
2021-11-11,75,87,,0.87,65.25
2021-11-12,77,87,,0.87,66.99
2021-11-13,88,87,,0.87,76.56
2021-11-14,100,83,FALSE,0.83,83
2021-11-15,81,83,,0.83,67.22999999999999
2021-11-16,77,83,,0.83,63.91
2021-11-17,74,83,,0.83,61.419999999999995
2021-11-18,74,83,,0.83,61.419999999999995
2021-11-19,67,83,,0.83,55.61
2021-11-20,41,83,,0.83,34.03
2021-11-21,35,57,FALSE,0.57,19.95
2021-11-22,69,57,,0.57,39.33
2021-11-23,68,57,,0.57,38.76
2021-11-24,58,57,,0.57,33.059999999999995
2021-11-25,32,57,,0.57,18.24
2021-11-26,43,57,,0.57,24.509999999999998
2021-11-27,36,57,,0.57,20.52
2021-11-28,33,75,FALSE,0.75,24.75
2021-11-29,74,75,,0.75,55.5
2021-11-30,82,75,,0.75,61.5
2021-12-01,92,75,,0.75,69
2021-12-02,83,75,,0.75,62.25
2021-12-03,76,75,,0.75,57
2021-12-04,52,75,,0.75,39
2021-12-05,39,72,FALSE,0.72,28.08
2021-12-06,80,72,,0.72,57.599999999999994
2021-12-07,86,72,,0.72,61.919999999999995
2021-12-08,83,72,,0.72,59.76
2021-12-09,80,72,,0.72,57.599999999999994
2021-12-10,70,72,,0.72,50.4
2021-12-11,48,72,,0.72,34.56
2021-12-12,38,72,FALSE,0.72,27.36
2021-12-13,79,72,,0.72,56.879999999999995
2021-12-14,87,72,,0.72,62.64
2021-12-15,80,72,,0.72,57.599999999999994
2021-12-16,77,72,,0.72,55.44
2021-12-17,74,72,,0.72,53.28
2021-12-18,46,72,,0.72,33.12
2021-12-19,41,69,FALSE,0.69,28.29
2021-12-20,80,69,,0.69,55.199999999999996
2021-12-21,87,69,,0.69,60.029999999999994
2021-12-22,86,69,,0.69,59.339999999999996
2021-12-23,79,69,,0.69,54.51
2021-12-24,59,69,,0.69,40.709999999999994
2021-12-25,36,69,,0.69,24.839999999999996
2021-12-26,47,82,FALSE,0.82,38.54
2021-12-27,92,82,,0.82,75.44
2021-12-28,100,82,,0.82,82
2021-12-29,99,82,,0.82,81.17999999999999
2021-12-30,95,82,,0.82,77.89999999999999
2021-12-31,74,82,,0.82,60.68
2022-01-01,41,82,,0.82,33.62
2022-01-02,44,100,FALSE,1,44
2022-01-03,82,100,,1,82
2022-01-04,100,100,,1,100
2022-01-05,94,100,,1,94
2022-01-06,74,100,,1,74
2022-01-07,80,100,,1,80
2022-01-08,52,100,,1,52
2022-01-09,38,90,FALSE,0.9,34.2
2022-01-10,78,90,,0.9,70.2
2022-01-11,78,90,,0.9,70.2
2022-01-12,76,90,,0.9,68.4
2022-01-13,67,90,,0.9,60.300000000000004
2022-01-14,63,90,,0.9,56.7
2022-01-15,49,90,,0.9,44.1
2022-01-16,34,70,FALSE,0.7,23.799999999999997
2022-01-17,53,70,,0.7,37.099999999999994
2022-01-18,64,70,,0.7,44.8
2022-01-19,63,70,,0.7,44.099999999999994
2022-01-20,58,70,,0.7,40.599999999999994
2022-01-21,55,70,,0.7,38.5
2022-01-22,35,70,,0.7,24.5
2022-01-23,27,67,FALSE,0.67,18.09
2022-01-24,70,67,,0.67,46.900000000000006
2022-01-25,56,67,,0.67,37.52
2022-01-26,56,67,,0.67,37.52
2022-01-27,56,67,,0.67,37.52
2022-01-28,57,67,,0.67,38.190000000000005
2022-01-29,35,67,,0.67,23.450000000000003
2022-01-30,27,67,FALSE,0.67,18.09
2022-01-31,60,67,,0.67,40.2
2022-02-01,100,67,,0.67,67
2022-02-02,88,67,,0.67,58.96
2022-02-03,88,67,,0.67,58.96
2022-02-04,80,67,,0.67,53.6
2022-02-05,57,67,,0.67,38.190000000000005
2022-02-06,49,70,FALSE,0.7,34.3
2022-02-07,95,70,,0.7,66.5
2022-02-08,92,70,,0.7,64.39999999999999
2022-02-09,83,70,,0.7,58.099999999999994
2022-02-10,71,70,,0.7,49.699999999999996
2022-02-11,79,70,,0.7,55.3
2022-02-12,50,70,,0.7,35
2022-02-13,36,61,FALSE,0.61,21.96
2022-02-14,73,61,,0.61,44.53
2022-02-15,81,61,,0.61,49.41
2022-02-16,82,61,,0.61,50.019999999999996
2022-02-17,81,61,,0.61,49.41
2022-02-18,79,61,,0.61,48.19
2022-02-19,55,61,,0.61,33.55
2022-02-20,38,64,FALSE,0.64,24.32
2022-02-21,73,64,,0.64,46.72
2022-02-22,86,64,,0.64,55.04
2022-02-23,87,64,,0.64,55.68
2022-02-24,83,64,,0.64,53.120000000000005
2022-02-25,77,64,,0.64,49.28
2022-02-26,51,64,,0.64,32.64
2022-02-27,42,64,FALSE,0.64,26.88
2022-02-28,90,64,,0.64,57.6
2022-03-01,100,64,,0.64,64
2022-03-02,93,64,,0.64,59.52
2022-03-03,90,64,,0.64,57.6
2022-03-04,82,64,,0.64,52.480000000000004
2022-03-05,55,64,,0.64,35.2
2022-03-06,43,61,FALSE,0.61,26.23
2022-03-07,85,61,,0.61,51.85
2022-03-08,93,61,,0.61,56.73
2022-03-09,91,61,,0.61,55.51
2022-03-10,84,61,,0.61,51.24
2022-03-11,76,61,,0.61,46.36
2022-03-12,50,61,,0.61,30.5
2022-03-13,38,63,FALSE,0.63,23.94
2022-03-14,89,63,,0.63,56.07
2022-03-15,91,63,,0.63,57.33
2022-03-16,95,63,,0.63,59.85
2022-03-17,88,63,,0.63,55.44
2022-03-18,80,63,,0.63,50.4
2022-03-19,49,63,,0.63,30.87
2022-03-20,42,60,FALSE,0.6,25.2
2022-03-21,90,60,,0.6,54
2022-03-22,94,60,,0.6,56.4
2022-03-23,84,60,,0.6,50.4
2022-03-24,82,60,,0.6,49.199999999999996
2022-03-25,76,60,,0.6,45.6
2022-03-26,48,60,,0.6,28.799999999999997
2022-03-27,41,62,FALSE,0.62,25.419999999999998
2022-03-28,82,62,,0.62,50.839999999999996
2022-03-29,81,62,,0.62,50.22
2022-03-30,83,62,,0.62,51.46
2022-03-31,86,62,,0.62,53.32
2022-04-01,94,62,,0.62,58.28
2022-04-02,62,62,,0.62,38.44
2022-04-03,47,62,FALSE,0.62,29.14
2022-04-04,95,62,,0.62,58.9
2022-04-05,98,62,,0.62,60.76
2022-04-06,99,62,,0.62,61.38
2022-04-07,91,62,,0.62,56.42
2022-04-08,91,62,,0.62,56.42
2022-04-09,56,62,,0.62,34.72
2022-04-10,45,58,FALSE,0.58,26.099999999999998
2022-04-11,99,58,,0.58,57.419999999999995
2022-04-12,94,58,,0.58,54.519999999999996
2022-04-13,96,58,,0.58,55.67999999999999
2022-04-14,92,58,,0.58,53.36
2022-04-15,87,58,,0.58,50.459999999999994
2022-04-16,54,58,,0.58,31.319999999999997
2022-04-17,42,61,FALSE,0.61,25.62
2022-04-18,100,61,,0.61,61
2022-04-19,99,61,,0.61,60.39
2022-04-20,92,61,,0.61,56.12
2022-04-21,94,61,,0.61,57.339999999999996
2022-04-22,86,61,,0.61,52.46
2022-04-23,55,61,,0.61,33.55
2022-04-24,46,63,FALSE,0.63,28.98
2022-04-25,100,63,,0.63,63
2022-04-26,94,63,,0.63,59.22
2022-04-27,93,63,,0.63,58.59
2022-04-28,97,63,,0.63,61.11
2022-04-29,86,63,,0.63,54.18
2022-04-30,60,63,,0.63,37.8
2022-05-01,44,62,FALSE,0.62,27.28
2022-05-02,86,62,,0.62,53.32
2022-05-03,89,62,,0.62,55.18
2022-05-04,82,62,,0.62,50.839999999999996
2022-05-05,82,62,,0.62,50.839999999999996
2022-05-06,77,62,,0.62,47.74
2022-05-07,49,62,,0.62,30.38
2022-05-08,37,63,FALSE,0.63,23.31
2022-05-09,84,63,,0.63,52.92
2022-05-10,92,63,,0.63,57.96
2022-05-11,85,63,,0.63,53.55
2022-05-12,85,63,,0.63,53.55
2022-05-13,80,63,,0.63,50.4
2022-05-14,52,63,,0.63,32.76
2022-05-15,45,67,FALSE,0.67,30.150000000000002
2022-05-16,91,67,,0.67,60.970000000000006
2022-05-17,94,67,,0.67,62.980000000000004
2022-05-18,90,67,,0.67,60.300000000000004
2022-05-19,87,67,,0.67,58.290000000000006
2022-05-20,85,67,,0.67,56.95
2022-05-21,59,67,,0.67,39.53
2022-05-22,43,69,FALSE,0.69,29.669999999999998
2022-05-23,90,69,,0.69,62.099999999999994
2022-05-24,96,69,,0.69,66.24
2022-05-25,100,69,,0.69,69
2022-05-26,89,69,,0.69,61.41
2022-05-27,82,69,,0.69,56.58
2022-05-28,53,69,,0.69,36.57
2022-05-29,42,64,FALSE,0.64,26.88
2022-05-30,51,64,,0.64,32.64
2022-05-31,94,64,,0.64,60.160000000000004
2022-06-01,94,64,,0.64,60.160000000000004
2022-06-02,90,64,,0.64,57.6
2022-06-03,95,64,,0.64,60.800000000000004
2022-06-04,56,64,,0.64,35.84
2022-06-05,44,68,FALSE,0.68,29.92
2022-06-06,95,68,,0.68,64.60000000000001
2022-06-07,90,68,,0.68,61.2
2022-06-08,93,68,,0.68,63.24
2022-06-09,84,68,,0.68,57.120000000000005
2022-06-10,81,68,,0.68,55.080000000000005
2022-06-11,52,68,,0.68,35.36
2022-06-12,45,68,FALSE,0.68,30.6
2022-06-13,94,68,,0.68,63.92
2022-06-14,100,68,,0.68,68
2022-06-15,92,68,,0.68,62.56
2022-06-16,92,68,,0.68,62.56
2022-06-17,82,68,,0.68,55.760000000000005
2022-06-18,49,68,,0.68,33.32
2022-06-19,39,70,FALSE,0.7,27.299999999999997
2022-06-20,89,70,,0.7,62.3
2022-06-21,100,70,,0.7,70
2022-06-22,97,70,,0.7,67.89999999999999
2022-06-23,88,70,,0.7,61.599999999999994
2022-06-24,82,70,,0.7,57.4
2022-06-25,51,70,,0.7,35.699999999999996
2022-06-26,45,68,FALSE,0.68,30.6
2022-06-27,97,68,,0.68,65.96000000000001
2022-06-28,91,68,,0.68,61.88
2022-06-29,98,68,,0.68,66.64
2022-06-30,95,68,,0.68,64.60000000000001
2022-07-01,84,68,,0.68,57.120000000000005
2022-07-02,50,68,,0.68,34
2022-07-03,42,65,FALSE,0.65,27.3
2022-07-04,45,65,,0.65,29.25
2022-07-05,91,65,,0.65,59.15
2022-07-06,96,65,,0.65,62.400000000000006
2022-07-07,97,65,,0.65,63.050000000000004
2022-07-08,91,65,,0.65,59.15
2022-07-09,51,65,,0.65,33.15
2022-07-10,40,73,FALSE,0.73,29.2
2022-07-11,100,73,,0.73,73
2022-07-12,93,73,,0.73,67.89
2022-07-13,100,73,,0.73,73
2022-07-14,95,73,,0.73,69.35
2022-07-15,86,73,,0.73,62.78
2022-07-16,56,73,,0.73,40.879999999999995
2022-07-17,44,71,FALSE,0.71,31.24
2022-07-18,99,71,,0.71,70.28999999999999
2022-07-19,100,71,,0.71,71
2022-07-20,93,71,,0.71,66.03
2022-07-21,96,71,,0.71,68.16
2022-07-22,86,71,,0.71,61.059999999999995
2022-07-23,57,71,,0.71,40.47
2022-07-24,47,70,FALSE,0.7,32.9
2022-07-25,92,70,,0.7,64.39999999999999
2022-07-26,99,70,,0.7,69.3
2022-07-27,90,70,,0.7,62.99999999999999
2022-07-28,93,70,,0.7,65.1
2022-07-29,86,70,,0.7,60.199999999999996
2022-07-30,54,70,,0.7,37.8
2022-07-31,47,73,FALSE,0.73,34.31
2022-08-01,96,73,,0.73,70.08
2022-08-02,98,73,,0.73,71.53999999999999
2022-08-03,100,73,,0.73,73
2022-08-04,89,73,,0.73,64.97
2022-08-05,86,73,,0.73,62.78
2022-08-06,49,73,,0.73,35.769999999999996
2022-08-07,47,72,FALSE,0.72,33.839999999999996
2022-08-08,95,72,,0.72,68.39999999999999
2022-08-09,99,72,,0.72,71.28
2022-08-10,90,72,,0.72,64.8
2022-08-11,95,72,,0.72,68.39999999999999
2022-08-12,79,72,,0.72,56.879999999999995
2022-08-13,50,72,,0.72,36
2022-08-14,42,71,FALSE,0.71,29.82
2022-08-15,92,71,,0.71,65.32
2022-08-16,99,71,,0.71,70.28999999999999
2022-08-17,96,71,,0.71,68.16
2022-08-18,92,71,,0.71,65.32
2022-08-19,83,71,,0.71,58.93
2022-08-20,50,71,,0.71,35.5
2022-08-21,40,67,FALSE,0.67,26.8
2022-08-22,91,67,,0.67,60.970000000000006
2022-08-23,97,67,,0.67,64.99000000000001
2022-08-24,90,67,,0.67,60.300000000000004
2022-08-25,82,67,,0.67,54.940000000000005
2022-08-26,80,67,,0.67,53.6
2022-08-27,50,67,,0.67,33.5
2022-08-28,48,69,FALSE,0.69,33.12
2022-08-29,92,69,,0.69,63.48
2022-08-30,95,69,,0.69,65.55
2022-08-31,93,69,,0.69,64.17
2022-09-01,92,69,,0.69,63.48
2022-09-02,92,69,,0.69,63.48
2022-09-03,53,69,,0.69,36.57
2022-09-04,46,64,FALSE,0.64,29.44
2022-09-05,51,64,,0.64,32.64
2022-09-06,100,64,,0.64,64
2022-09-07,97,64,,0.64,62.08
2022-09-08,94,64,,0.64,60.160000000000004
2022-09-09,86,64,,0.64,55.04
2022-09-10,60,64,,0.64,38.4
2022-09-11,42,66,FALSE,0.66,27.720000000000002
2022-09-12,100,66,,0.66,66
2022-09-13,100,66,,0.66,66
2022-09-14,95,66,,0.66,62.7
2022-09-15,97,66,,0.66,64.02
2022-09-16,84,66,,0.66,55.440000000000005
2022-09-17,51,66,,0.66,33.660000000000004
2022-09-18,45,63,FALSE,0.63,28.35
2022-09-19,91,63,,0.63,57.33
2022-09-20,100,63,,0.63,63
2022-09-21,90,63,,0.63,56.7
2022-09-22,88,63,,0.63,55.44
2022-09-23,81,63,,0.63,51.03
2022-09-24,49,63,,0.63,30.87
2022-09-25,41,66,FALSE,0.66,27.060000000000002
2022-09-26,96,66,,0.66,63.36
2022-09-27,93,66,,0.66,61.38
2022-09-28,89,66,,0.66,58.74
2022-09-29,87,66,,0.66,57.42
2022-09-30,88,66,,0.66,58.080000000000005
2022-10-01,56,66,,0.66,36.96
2022-10-02,46,66,FALSE,0.66,30.360000000000003
2022-10-03,87,66,,0.66,57.42
2022-10-04,97,66,,0.66,64.02
2022-10-05,89,66,,0.66,58.74
2022-10-06,92,66,,0.66,60.720000000000006
2022-10-07,86,66,,0.66,56.760000000000005
2022-10-08,55,66,,0.66,36.300000000000004
2022-10-09,47,64,FALSE,0.64,30.080000000000002
2022-10-10,94,64,,0.64,60.160000000000004
2022-10-11,91,64,,0.64,58.24
2022-10-12,88,64,,0.64,56.32
2022-10-13,88,64,,0.64,56.32
2022-10-14,86,64,,0.64,55.04
2022-10-15,48,64,,0.64,30.72
2022-10-16,42,64,FALSE,0.64,26.88
2022-10-17,94,64,,0.64,60.160000000000004
2022-10-18,100,64,,0.64,64
2022-10-19,91,64,,0.64,58.24
2022-10-20,87,64,,0.64,55.68
2022-10-21,85,64,,0.64,54.4
2022-10-22,50,64,,0.64,32
2022-10-23,42,64,FALSE,0.64,26.88
2022-10-24,90,64,,0.64,57.6
2022-10-25,98,64,,0.64,62.72
2022-10-26,93,64,,0.64,59.52
2022-10-27,89,64,,0.64,56.96
2022-10-28,83,64,,0.64,53.120000000000005
2022-10-29,51,64,,0.64,32.64
2022-10-30,39,61,FALSE,0.61,23.79
2022-10-31,86,61,,0.61,52.46
2022-11-01,94,61,,0.61,57.339999999999996
2022-11-02,100,61,,0.61,61
2022-11-03,94,61,,0.61,57.339999999999996
2022-11-04,89,61,,0.61,54.29
2022-11-05,53,61,,0.61,32.33
2022-11-06,41,60,FALSE,0.6,24.599999999999998
2022-11-07,95,60,,0.6,57
2022-11-08,95,60,,0.6,57
2022-11-09,84,60,,0.6,50.4
2022-11-10,92,60,,0.6,55.199999999999996
2022-11-11,84,60,,0.6,50.4
2022-11-12,56,60,,0.6,33.6
2022-11-13,42,62,FALSE,0.62,26.04
2022-11-14,97,62,,0.62,60.14
2022-11-15,96,62,,0.62,59.519999999999996
2022-11-16,99,62,,0.62,61.38
2022-11-17,96,62,,0.62,59.519999999999996
2022-11-18,88,62,,0.62,54.56
2022-11-19,57,62,,0.62,35.339999999999996
2022-11-20,45,50,FALSE,0.5,22.5
2022-11-21,87,50,,0.5,43.5
2022-11-22,93,50,,0.5,46.5
2022-11-23,86,50,,0.5,43
2022-11-24,44,50,,0.5,22
2022-11-25,52,50,,0.5,26
2022-11-26,46,50,,0.5,23
2022-11-27,48,61,FALSE,0.61,29.28
2022-11-28,93,61,,0.61,56.73
2022-11-29,96,61,,0.61,58.56
2022-11-30,97,61,,0.61,59.17
2022-12-01,100,61,,0.61,61
2022-12-02,89,61,,0.61,54.29
2022-12-03,54,61,,0.61,32.94
2022-12-04,47,61,FALSE,0.61,28.669999999999998
2022-12-05,91,61,,0.61,55.51
2022-12-06,95,61,,0.61,57.949999999999996
2022-12-07,94,61,,0.61,57.339999999999996
2022-12-08,90,61,,0.61,54.9
2022-12-09,86,61,,0.61,52.46
2022-12-10,55,61,,0.61,33.55
2022-12-11,46,58,FALSE,0.58,26.68
2022-12-12,89,58,,0.58,51.62
2022-12-13,95,58,,0.58,55.099999999999994
2022-12-14,88,58,,0.58,51.04
2022-12-15,86,58,,0.58,49.879999999999995
2022-12-16,87,58,,0.58,50.459999999999994
2022-12-17,53,58,,0.58,30.74
2022-12-18,41,53,FALSE,0.53,21.73
2022-12-19,85,53,,0.53,45.050000000000004
2022-12-20,89,53,,0.53,47.17
2022-12-21,80,53,,0.53,42.400000000000006
2022-12-22,82,53,,0.53,43.46
2022-12-23,68,53,,0.53,36.04
2022-12-24,38,53,,0.53,20.14
2022-12-25,29,54,FALSE,0.54,15.66
2022-12-26,56,54,,0.54,30.240000000000002
2022-12-27,87,54,,0.54,46.980000000000004
2022-12-28,92,54,,0.54,49.68000000000001
2022-12-29,93,54,,0.54,50.220000000000006
2022-12-30,78,54,,0.54,42.120000000000005
2022-12-31,52,54,,0.54,28.080000000000002
2023-01-01,41,63,FALSE,0.63,25.830000000000002
2023-01-02,71,63,,0.63,44.73
2023-01-03,100,63,,0.63,63
2023-01-04,95,63,,0.63,59.85
2023-01-05,92,63,,0.63,57.96
2023-01-06,83,63,,0.63,52.29
2023-01-07,51,63,,0.63,32.13
2023-01-08,44,61,FALSE,0.61,26.84
2023-01-09,86,61,,0.61,52.46
2023-01-10,93,61,,0.61,56.73
2023-01-11,84,61,,0.61,51.24
2023-01-12,79,61,,0.61,48.19
2023-01-13,81,61,,0.61,49.41
2023-01-14,54,61,,0.61,32.94
2023-01-15,42,60,FALSE,0.6,25.2
2023-01-16,64,60,,0.6,38.4
2023-01-17,88,60,,0.6,52.8
2023-01-18,87,60,,0.6,52.199999999999996
2023-01-19,86,60,,0.6,51.6
2023-01-20,80,60,,0.6,48
2023-01-21,50,60,,0.6,30
2023-01-22,39,59,FALSE,0.59,23.009999999999998
2023-01-23,78,59,,0.59,46.019999999999996
2023-01-24,87,59,,0.59,51.33
2023-01-25,88,59,,0.59,51.919999999999995
2023-01-26,81,59,,0.59,47.79
2023-01-27,78,59,,0.59,46.019999999999996
2023-01-28,46,59,,0.59,27.139999999999997
2023-01-29,36,61,FALSE,0.61,21.96
2023-01-30,84,61,,0.61,51.24
2023-01-31,84,61,,0.61,51.24
2023-02-01,98,61,,0.61,59.78
2023-02-02,91,61,,0.61,55.51
2023-02-03,86,61,,0.61,52.46
2023-02-04,61,61,,0.61,37.21
2023-02-05,52,59,FALSE,0.59,30.68
2023-02-06,95,59,,0.59,56.05
2023-02-07,96,59,,0.59,56.64
2023-02-08,93,59,,0.59,54.87
2023-02-09,86,59,,0.59,50.739999999999995
2023-02-10,82,59,,0.59,48.379999999999995
2023-02-11,57,59,,0.59,33.629999999999995
2023-02-12,43,63,FALSE,0.63,27.09
2023-02-13,85,63,,0.63,53.55
2023-02-14,90,63,,0.63,56.7
2023-02-15,95,63,,0.63,59.85
2023-02-16,100,63,,0.63,63
2023-02-17,91,63,,0.63,57.33
2023-02-18,57,63,,0.63,35.910000000000004
2023-02-19,47,57,FALSE,0.57,26.79
2023-02-20,78,57,,0.57,44.459999999999994
2023-02-21,95,57,,0.57,54.15
2023-02-22,89,57,,0.57,50.73
2023-02-23,90,57,,0.57,51.3
2023-02-24,87,57,,0.57,49.589999999999996
2023-02-25,53,57,,0.57,30.209999999999997
2023-02-26,47,59,FALSE,0.59,27.729999999999997
2023-02-27,96,59,,0.59,56.64
2023-02-28,96,59,,0.59,56.64
2023-03-01,95,59,,0.59,56.05
2023-03-02,87,59,,0.59,51.33
2023-03-03,81,59,,0.59,47.79
2023-03-04,55,59,,0.59,32.449999999999996
2023-03-05,46,61,FALSE,0.61,28.06
2023-03-06,91,61,,0.61,55.51
2023-03-07,100,61,,0.61,61
2023-03-08,90,61,,0.61,54.9
2023-03-09,91,61,,0.61,55.51
2023-03-10,83,61,,0.61,50.629999999999995
2023-03-11,54,61,,0.61,32.94
2023-03-12,46,58,FALSE,0.58,26.68
2023-03-13,85,58,,0.58,49.3
2023-03-14,92,58,,0.58,53.36
2023-03-15,92,58,,0.58,53.36
2023-03-16,96,58,,0.58,55.67999999999999
2023-03-17,85,58,,0.58,49.3
2023-03-18,50,58,,0.58,28.999999999999996
2023-03-19,45,59,FALSE,0.59,26.549999999999997
2023-03-20,93,59,,0.59,54.87
2023-03-21,93,59,,0.59,54.87
2023-03-22,87,59,,0.59,51.33
2023-03-23,89,59,,0.59,52.51
2023-03-24,81,59,,0.59,47.79
2023-03-25,49,59,,0.59,28.91
2023-03-26,45,59,FALSE,0.59,26.549999999999997
2023-03-27,91,59,,0.59,53.69
2023-03-28,92,59,,0.59,54.279999999999994
2023-03-29,93,59,,0.59,54.87
2023-03-30,88,59,,0.59,51.919999999999995
2023-03-31,80,59,,0.59,47.199999999999996
2023-04-01,49,59,,0.59,28.91
2023-04-02,45,62,FALSE,0.62,27.9
2023-04-03,87,62,,0.62,53.94
2023-04-04,91,62,,0.62,56.42
2023-04-05,85,62,,0.62,52.7
2023-04-06,85,62,,0.62,52.7
2023-04-07,79,62,,0.62,48.98
2023-04-08,50,62,,0.62,31
2023-04-09,40,59,FALSE,0.59,23.599999999999998
2023-04-10,85,59,,0.59,50.15
2023-04-11,84,59,,0.59,49.559999999999995
2023-04-12,84,59,,0.59,49.559999999999995
2023-04-13,83,59,,0.59,48.97
2023-04-14,80,59,,0.59,47.199999999999996
2023-04-15,46,59,,0.59,27.139999999999997
2023-04-16,41,57,FALSE,0.57,23.369999999999997
2023-04-17,84,57,,0.57,47.879999999999995
2023-04-18,87,57,,0.57,49.589999999999996
2023-04-19,86,57,,0.57,49.019999999999996
2023-04-20,86,57,,0.57,49.019999999999996
2023-04-21,78,57,,0.57,44.459999999999994
2023-04-22,47,57,,0.57,26.79
2023-04-23,37,59,FALSE,0.59,21.83
2023-04-24,77,59,,0.59,45.43
2023-04-25,82,59,,0.59,48.379999999999995
2023-04-26,100,59,,0.59,59
2023-04-27,87,59,,0.59,51.33
2023-04-28,79,59,,0.59,46.61
2023-04-29,44,59,,0.59,25.959999999999997
2023-04-30,40,57,FALSE,0.57,22.799999999999997
2023-05-01,95,57,,0.57,54.15
2023-05-02,100,57,,0.57,56.99999999999999
2023-05-03,95,57,,0.57,54.15
2023-05-04,89,57,,0.57,50.73
2023-05-05,78,57,,0.57,44.459999999999994
2023-05-06,52,57,,0.57,29.639999999999997
2023-05-07,44,56,FALSE,0.56,24.64
2023-05-08,95,56,,0.56,53.2
2023-05-09,92,56,,0.56,51.52
2023-05-10,90,56,,0.56,50.400000000000006
2023-05-11,87,56,,0.56,48.720000000000006
2023-05-12,78,56,,0.56,43.68000000000001
2023-05-13,51,56,,0.56,28.560000000000002
2023-05-14,41,59,FALSE,0.59,24.189999999999998
2023-05-15,94,59,,0.59,55.459999999999994
2023-05-16,99,59,,0.59,58.41
2023-05-17,97,59,,0.59,57.23
2023-05-18,96,59,,0.59,56.64
2023-05-19,87,59,,0.59,51.33
2023-05-20,52,59,,0.59,30.68
2023-05-21,47,62,FALSE,0.62,29.14
2023-05-22,94,62,,0.62,58.28
2023-05-23,98,62,,0.62,60.76
2023-05-24,92,62,,0.62,57.04
2023-05-25,93,62,,0.62,57.66
2023-05-26,81,62,,0.62,50.22
2023-05-27,53,62,,0.62,32.86
2023-05-28,42,54,FALSE,0.54,22.68
2023-05-29,52,54,,0.54,28.080000000000002
2023-05-30,95,54,,0.54,51.300000000000004
2023-05-31,94,54,,0.54,50.760000000000005
2023-06-01,92,54,,0.54,49.68000000000001
2023-06-02,87,54,,0.54,46.980000000000004
2023-06-03,51,54,,0.54,27.540000000000003
2023-06-04,48,59,FALSE,0.59,28.32
2023-06-05,96,59,,0.59,56.64
2023-06-06,100,59,,0.59,59
2023-06-07,93,59,,0.59,54.87
2023-06-08,89,59,,0.59,52.51
2023-06-09,88,59,,0.59,51.919999999999995
2023-06-10,54,59,,0.59,31.86
2023-06-11,42,56,FALSE,0.56,23.520000000000003
2023-06-12,95,56,,0.56,53.2
2023-06-13,92,56,,0.56,51.52
2023-06-14,91,56,,0.56,50.96000000000001
2023-06-15,88,56,,0.56,49.28
2023-06-16,79,56,,0.56,44.24
2023-06-17,52,56,,0.56,29.120000000000005
2023-06-18,46,56,FALSE,0.56,25.76
2023-06-19,91,56,,0.56,50.96000000000001
2023-06-20,91,56,,0.56,50.96000000000001
2023-06-21,91,56,,0.56,50.96000000000001
2023-06-22,87,56,,0.56,48.720000000000006
2023-06-23,86,56,,0.56,48.160000000000004
2023-06-24,50,56,,0.56,28.000000000000004
2023-06-25,46,56,FALSE,0.56,25.76
2023-06-26,89,56,,0.56,49.84
2023-06-27,95,56,,0.56,53.2
2023-06-28,89,56,,0.56,49.84
2023-06-29,85,56,,0.56,47.6
2023-06-30,88,56,,0.56,49.28
2023-07-01,48,56,,0.56,26.880000000000003
2023-07-02,41,53,FALSE,0.53,21.73
2023-07-03,77,53,,0.53,40.81
2023-07-04,50,53,,0.53,26.5
2023-07-05,79,53,,0.53,41.870000000000005
2023-07-06,90,53,,0.53,47.7
2023-07-07,92,53,,0.53,48.760000000000005
2023-07-08,53,53,,0.53,28.09
2023-07-09,42,63,FALSE,0.63,26.46
2023-07-10,95,63,,0.63,59.85
2023-07-11,100,63,,0.63,63
2023-07-12,94,63,,0.63,59.22
2023-07-13,89,63,,0.63,56.07
2023-07-14,84,63,,0.63,52.92
2023-07-15,53,63,,0.63,33.39
2023-07-16,47,59,FALSE,0.59,27.729999999999997
2023-07-17,92,59,,0.59,54.279999999999994
2023-07-18,98,59,,0.59,57.82
2023-07-19,96,59,,0.59,56.64
2023-07-20,86,59,,0.59,50.739999999999995
2023-07-21,83,59,,0.59,48.97
2023-07-22,49,59,,0.59,28.91
2023-07-23,40,60,FALSE,0.6,24
2023-07-24,93,60,,0.6,55.8
2023-07-25,97,60,,0.6,58.199999999999996
2023-07-26,95,60,,0.6,57
2023-07-27,92,60,,0.6,55.199999999999996
2023-07-28,81,60,,0.6,48.6
2023-07-29,52,60,,0.6,31.2
2023-07-30,42,59,FALSE,0.59,24.779999999999998
2023-07-31,91,59,,0.59,53.69
2023-08-01,90,59,,0.59,53.099999999999994
2023-08-02,87,59,,0.59,51.33
2023-08-03,86,59,,0.59,50.739999999999995
2023-08-04,81,59,,0.59,47.79
2023-08-05,51,59,,0.59,30.09
2023-08-06,43,61,FALSE,0.61,26.23
2023-08-07,89,61,,0.61,54.29
2023-08-08,100,61,,0.61,61
2023-08-09,98,61,,0.61,59.78
2023-08-10,93,61,,0.61,56.73
2023-08-11,83,61,,0.61,50.629999999999995
2023-08-12,50,61,,0.61,30.5
2023-08-13,44,61,FALSE,0.61,26.84
2023-08-14,91,61,,0.61,55.51
2023-08-15,92,61,,0.61,56.12
2023-08-16,95,61,,0.61,57.949999999999996
2023-08-17,86,61,,0.61,52.46
2023-08-18,77,61,,0.61,46.97
2023-08-19,52,61,,0.61,31.72
2023-08-20,42,58,FALSE,0.58,24.36
2023-08-21,88,58,,0.58,51.04
2023-08-22,88,58,,0.58,51.04
2023-08-23,94,58,,0.58,54.519999999999996
2023-08-24,86,58,,0.58,49.879999999999995
2023-08-25,81,58,,0.58,46.98
2023-08-26,46,58,,0.58,26.68
2023-08-27,44,56,FALSE,0.56,24.64
2023-08-28,84,56,,0.56,47.040000000000006
2023-08-29,87,56,,0.56,48.720000000000006
2023-08-30,91,56,,0.56,50.96000000000001
2023-08-31,85,56,,0.56,47.6
2023-09-01,80,56,,0.56,44.800000000000004
2023-09-02,55,56,,0.56,30.800000000000004
2023-09-03,43,58,FALSE,0.58,24.939999999999998
2023-09-04,56,58,,0.58,32.48
2023-09-05,96,58,,0.58,55.67999999999999
2023-09-06,95,58,,0.58,55.099999999999994
2023-09-07,92,58,,0.58,53.36
2023-09-08,85,58,,0.58,49.3
2023-09-09,53,58,,0.58,30.74
2023-09-10,43,60,FALSE,0.6,25.8
2023-09-11,92,60,,0.6,55.199999999999996
2023-09-12,93,60,,0.6,55.8
2023-09-13,99,60,,0.6,59.4
2023-09-14,96,60,,0.6,57.599999999999994
2023-09-15,85,60,,0.6,51
2023-09-16,56,60,,0.6,33.6
2023-09-17,42,62,FALSE,0.62,26.04
2023-09-18,88,62,,0.62,54.56
2023-09-19,100,62,,0.62,62
2023-09-20,97,62,,0.62,60.14
2023-09-21,92,62,,0.62,57.04
2023-09-22,86,62,,0.62,53.32
2023-09-23,58,62,,0.62,35.96
2023-09-24,43,62,FALSE,0.62,26.66
2023-09-25,94,62,,0.62,58.28
2023-09-26,95,62,,0.62,58.9
2023-09-27,96,62,,0.62,59.519999999999996
2023-09-28,97,62,,0.62,60.14
2023-09-29,93,62,,0.62,57.66
2023-09-30,63,62,,0.62,39.06
2023-10-01,33,90,FALSE,0.9,29.7
2023-10-02,69,90,,0.9,62.1
2023-10-03,65,90,,0.9,58.5
2023-10-04,100,90,,0.9,90
2023-10-05,85,90,,0.9,76.5
2023-10-06,65,90,,0.9,58.5
2023-10-07,33,90,,0.9,29.7
2023-10-08,27,66,FALSE,0.66,17.82
2023-10-09,56,66,,0.66,36.96
2023-10-10,55,66,,0.66,36.300000000000004
2023-10-11,53,66,,0.66,34.980000000000004
2023-10-12,52,66,,0.66,34.32
2023-10-13,52,66,,0.66,34.32
2023-10-14,33,66,,0.66,21.78
2023-10-15,26,60,FALSE,0.6,15.6
2023-10-16,51,60,,0.6,30.599999999999998
2023-10-17,53,60,,0.6,31.799999999999997
2023-10-18,50,60,,0.6,30
2023-10-19,47,60,,0.6,28.2
2023-10-20,44,60,,0.6,26.4
2023-10-21,29,60,,0.6,17.4
2023-10-22,24,57,FALSE,0.57,13.68
2023-10-23,49,57,,0.57,27.929999999999996
2023-10-24,49,57,,0.57,27.929999999999996
2023-10-25,48,57,,0.57,27.36
2023-10-26,47,57,,0.57,26.79
2023-10-27,43,57,,0.57,24.509999999999998
2023-10-28,25,57,,0.57,14.249999999999998
2023-10-29,21,61,FALSE,0.61,12.81
2023-10-30,46,61,,0.61,28.06
2023-10-31,49,61,,0.61,29.89
2023-11-01,88,61,,0.61,53.68
2023-11-02,90,61,,0.61,54.9
2023-11-03,95,61,,0.61,57.949999999999996
2023-11-04,57,61,,0.61,34.769999999999996
2023-11-05,49,60,FALSE,0.6,29.4
2023-11-06,95,60,,0.6,57
2023-11-07,100,60,,0.6,60
2023-11-08,83,60,,0.6,49.8
2023-11-09,89,60,,0.6,53.4
2023-11-10,88,60,,0.6,52.8
2023-11-11,51,60,,0.6,30.599999999999998
2023-11-12,43,56,FALSE,0.56,24.080000000000002
2023-11-13,81,56,,0.56,45.36000000000001
2023-11-14,96,56,,0.56,53.760000000000005
2023-11-15,87,56,,0.56,48.720000000000006
2023-11-16,87,56,,0.56,48.720000000000006
2023-11-17,73,56,,0.56,40.88
2023-11-18,51,56,,0.56,28.560000000000002
2023-11-19,43,43,FALSE,0.43,18.49
2023-11-20,79,43,,0.43,33.97
2023-11-21,78,43,,0.43,33.54
2023-11-22,78,43,,0.43,33.54
2023-11-23,43,43,,0.43,18.49
2023-11-24,53,43,,0.43,22.79
2023-11-25,42,43,,0.43,18.06
2023-11-26,41,54,FALSE,0.54,22.14
2023-11-27,86,54,,0.54,46.440000000000005
2023-11-28,91,54,,0.54,49.14
2023-11-29,92,54,,0.54,49.68000000000001
2023-11-30,86,54,,0.54,46.440000000000005
2023-12-01,95,54,,0.54,51.300000000000004
2023-12-02,57,54,,0.54,30.78
2023-12-03,49,57,FALSE,0.57,27.929999999999996
2023-12-04,99,57,,0.57,56.42999999999999
2023-12-05,100,57,,0.57,56.99999999999999
2023-12-06,100,57,,0.57,56.99999999999999
2023-12-07,97,57,,0.57,55.28999999999999
2023-12-08,87,57,,0.57,49.589999999999996
2023-12-09,58,57,,0.57,33.059999999999995
2023-12-10,49,54,FALSE,0.54,26.46
2023-12-11,88,54,,0.54,47.52
2023-12-12,93,54,,0.54,50.220000000000006
2023-12-13,96,54,,0.54,51.84
2023-12-14,95,54,,0.54,51.300000000000004
2023-12-15,93,54,,0.54,50.220000000000006
2023-12-16,59,54,,0.54,31.860000000000003
2023-12-17,45,51,FALSE,0.51,22.95
2023-12-18,85,51,,0.51,43.35
2023-12-19,98,51,,0.51,49.980000000000004
2023-12-20,91,51,,0.51,46.410000000000004
2023-12-21,87,51,,0.51,44.37
2023-12-22,87,51,,0.51,44.37
2023-12-23,51,51,,0.51,26.01
2023-12-24,37,48,FALSE,0.48,17.759999999999998
2023-12-25,35,48,,0.48,16.8
2023-12-26,84,48,,0.48,40.32
2023-12-27,96,48,,0.48,46.08
2023-12-28,100,48,,0.48,48
2023-12-29,94,48,,0.48,45.12
2023-12-30,64,48,,0.48,30.72
2023-12-31,48,59,FALSE,0.59,28.32
2024-01-01,47,59,,0.59,27.729999999999997
2024-01-02,95,59,,0.59,56.05
2024-01-03,100,59,,0.59,59
2024-01-04,99,59,,0.59,58.41
2024-01-05,85,59,,0.59,50.15
2024-01-06,53,59,,0.59,31.27
2024-01-07,41,60,FALSE,0.6,24.599999999999998
2024-01-08,87,60,,0.6,52.199999999999996
2024-01-09,88,60,,0.6,52.8
2024-01-10,87,60,,0.6,52.199999999999996
2024-01-11,83,60,,0.6,49.8
2024-01-12,78,60,,0.6,46.8
2024-01-13,49,60,,0.6,29.4
2024-01-14,38,55,FALSE,0.55,20.900000000000002
2024-01-15,58,55,,0.55,31.900000000000002
2024-01-16,85,55,,0.55,46.75000000000001
2024-01-17,86,55,,0.55,47.300000000000004
2024-01-18,86,55,,0.55,47.300000000000004
2024-01-19,75,55,,0.55,41.25
2024-01-20,56,55,,0.55,30.800000000000004
2024-01-21,41,58,FALSE,0.58,23.779999999999998
2024-01-22,81,58,,0.58,46.98
2024-01-23,87,58,,0.58,50.459999999999994
2024-01-24,86,58,,0.58,49.879999999999995
2024-01-25,82,58,,0.58,47.559999999999995
2024-01-26,76,58,,0.58,44.08
2024-01-27,51,58,,0.58,29.58
2024-01-28,40,59,FALSE,0.59,23.599999999999998
2024-01-29,79,59,,0.59,46.61
2024-01-30,91,59,,0.59,53.69
2024-01-31,87,59,,0.59,51.33
2024-02-01,93,59,,0.59,54.87
2024-02-02,86,59,,0.59,50.739999999999995
2024-02-03,66,59,,0.59,38.94
2024-02-04,51,56,FALSE,0.56,28.560000000000002
2024-02-05,90,56,,0.56,50.400000000000006
2024-02-06,100,56,,0.56,56.00000000000001
2024-02-07,85,56,,0.56,47.6
2024-02-08,84,56,,0.56,47.040000000000006
2024-02-09,84,56,,0.56,47.040000000000006
2024-02-10,55,56,,0.56,30.800000000000004
2024-02-11,43,53,FALSE,0.53,22.790000000000003
2024-02-12,78,53,,0.53,41.34
2024-02-13,86,53,,0.53,45.580000000000005
2024-02-14,84,53,,0.53,44.52
2024-02-15,85,53,,0.53,45.050000000000004
2024-02-16,86,53,,0.53,45.580000000000005
2024-02-17,61,53,,0.53,32.33
2024-02-18,45,54,FALSE,0.54,24.3
2024-02-19,73,54,,0.54,39.42
2024-02-20,88,54,,0.54,47.52
2024-02-21,97,54,,0.54,52.38
2024-02-22,88,54,,0.54,47.52
2024-02-23,89,54,,0.54,48.06
2024-02-24,56,54,,0.54,30.240000000000002
2024-02-25,44,58,FALSE,0.58,25.52
2024-02-26,91,58,,0.58,52.779999999999994
2024-02-27,96,58,,0.58,55.67999999999999
2024-02-28,98,58,,0.58,56.839999999999996
2024-02-29,92,58,,0.58,53.36
2024-03-01,90,58,,0.58,52.199999999999996
2024-03-02,55,58,,0.58,31.9
2024-03-03,51,56,FALSE,0.56,28.560000000000002
2024-03-04,91,56,,0.56,50.96000000000001
2024-03-05,100,56,,0.56,56.00000000000001
2024-03-06,96,56,,0.56,53.760000000000005
2024-03-07,89,56,,0.56,49.84
2024-03-08,86,56,,0.56,48.160000000000004
2024-03-09,57,56,,0.56,31.92
2024-03-10,48,52,FALSE,0.52,24.96
2024-03-11,92,52,,0.52,47.84
2024-03-12,96,52,,0.52,49.92
2024-03-13,96,52,,0.52,49.92
2024-03-14,85,52,,0.52,44.2
2024-03-15,82,52,,0.52,42.64
2024-03-16,61,52,,0.52,31.720000000000002
2024-03-17,45,53,FALSE,0.53,23.85
2024-03-18,93,53,,0.53,49.29
2024-03-19,95,53,,0.53,50.35
2024-03-20,96,53,,0.53,50.88
2024-03-21,89,53,,0.53,47.17
2024-03-22,81,53,,0.53,42.93
2024-03-23,55,53,,0.53,29.150000000000002
2024-03-24,49,53,FALSE,0.53,25.970000000000002
2024-03-25,89,53,,0.53,47.17
2024-03-26,93,53,,0.53,49.29
2024-03-27,90,53,,0.53,47.7
2024-03-28,90,53,,0.53,47.7
2024-03-29,78,53,,0.53,41.34
2024-03-30,55,53,,0.53,29.150000000000002
2024-03-31,43,55,FALSE,0.55,23.650000000000002
2024-04-01,91,55,,0.55,50.050000000000004
2024-04-02,85,55,,0.55,46.75000000000001
2024-04-03,93,55,,0.55,51.150000000000006
2024-04-04,86,55,,0.55,47.300000000000004
2024-04-05,83,55,,0.55,45.650000000000006
2024-04-06,53,55,,0.55,29.150000000000002
2024-04-07,46,53,FALSE,0.53,24.380000000000003
2024-04-08,81,53,,0.53,42.93
2024-04-09,88,53,,0.53,46.64
2024-04-10,89,53,,0.53,47.17
2024-04-11,85,53,,0.53,45.050000000000004
2024-04-12,79,53,,0.53,41.870000000000005
2024-04-13,50,53,,0.53,26.5
2024-04-14,45,54,FALSE,0.54,24.3
2024-04-15,83,54,,0.54,44.82
2024-04-16,92,54,,0.54,49.68000000000001
2024-04-17,85,54,,0.54,45.900000000000006
2024-04-18,86,54,,0.54,46.440000000000005
2024-04-19,79,54,,0.54,42.660000000000004
2024-04-20,51,54,,0.54,27.540000000000003
2024-04-21,43,55,FALSE,0.55,23.650000000000002
2024-04-22,88,55,,0.55,48.400000000000006
2024-04-23,100,55,,0.55,55.00000000000001
2024-04-24,85,55,,0.55,46.75000000000001
2024-04-25,84,55,,0.55,46.2
2024-04-26,77,55,,0.55,42.35
2024-04-27,55,55,,0.55,30.250000000000004
2024-04-28,46,55,FALSE,0.55,25.3
2024-04-29,86,55,,0.55,47.300000000000004
2024-04-30,99,55,,0.55,54.45
2024-05-01,99,55,,0.55,54.45
2024-05-02,88,55,,0.55,48.400000000000006
2024-05-03,84,55,,0.55,46.2
2024-05-04,54,55,,0.55,29.700000000000003
2024-05-05,45,53,FALSE,0.53,23.85
2024-05-06,82,53,,0.53,43.46
2024-05-07,86,53,,0.53,45.580000000000005
2024-05-08,94,53,,0.53,49.82
2024-05-09,82,53,,0.53,43.46
2024-05-10,77,53,,0.53,40.81
2024-05-11,50,53,,0.53,26.5
2024-05-12,42,54,FALSE,0.54,22.68
2024-05-13,88,54,,0.54,47.52
2024-05-14,92,54,,0.54,49.68000000000001
2024-05-15,86,54,,0.54,46.440000000000005
2024-05-16,84,54,,0.54,45.36
2024-05-17,83,54,,0.54,44.82
2024-05-18,54,54,,0.54,29.160000000000004
2024-05-19,48,56,FALSE,0.56,26.880000000000003
2024-05-20,91,56,,0.56,50.96000000000001
2024-05-21,93,56,,0.56,52.080000000000005
2024-05-22,87,56,,0.56,48.720000000000006
2024-05-23,90,56,,0.56,50.400000000000006
2024-05-24,88,56,,0.56,49.28
2024-05-25,59,56,,0.56,33.040000000000006
2024-05-26,47,56,FALSE,0.56,26.320000000000004
2024-05-27,54,56,,0.56,30.240000000000002
2024-05-28,95,56,,0.56,53.2
2024-05-29,100,56,,0.56,56.00000000000001
2024-05-30,93,56,,0.56,52.080000000000005
2024-05-31,84,56,,0.56,47.040000000000006
2024-06-01,54,56,,0.56,30.240000000000002
2024-06-02,43,57,FALSE,0.57,24.509999999999998
2024-06-03,100,57,,0.57,56.99999999999999
2024-06-04,86,57,,0.57,49.019999999999996
2024-06-05,86,57,,0.57,49.019999999999996
2024-06-06,83,57,,0.57,47.309999999999995
2024-06-07,82,57,,0.57,46.739999999999995
2024-06-08,47,57,,0.57,26.79
2024-06-09,42,55,FALSE,0.55,23.1
2024-06-10,85,55,,0.55,46.75000000000001
2024-06-11,87,55,,0.55,47.85
2024-06-12,82,55,,0.55,45.1
2024-06-13,83,55,,0.55,45.650000000000006
2024-06-14,74,55,,0.55,40.7
2024-06-15,46,55,,0.55,25.3
2024-06-16,42,55,FALSE,0.55,23.1
2024-06-17,87,55,,0.55,47.85
2024-06-18,83,55,,0.55,45.650000000000006
2024-06-19,83,55,,0.55,45.650000000000006
2024-06-20,78,55,,0.55,42.900000000000006
2024-06-21,76,55,,0.55,41.800000000000004
2024-06-22,47,55,,0.55,25.85
2024-06-23,41,59,FALSE,0.59,24.189999999999998
2024-06-24,87,59,,0.59,51.33
2024-06-25,86,59,,0.59,50.739999999999995
2024-06-26,86,59,,0.59,50.739999999999995
2024-06-27,80,59,,0.59,47.199999999999996
2024-06-28,85,59,,0.59,50.15
2024-06-29,51,59,,0.59,30.09
2024-06-30,43,52,FALSE,0.52,22.36
2024-07-01,92,52,,0.52,47.84
2024-07-02,92,52,,0.52,47.84
2024-07-03,88,52,,0.52,45.760000000000005
2024-07-04,53,52,,0.52,27.560000000000002
2024-07-05,76,52,,0.52,39.52
2024-07-06,52,52,,0.52,27.04
2024-07-07,46,58,FALSE,0.58,26.68
2024-07-08,97,58,,0.58,56.26
2024-07-09,100,58,,0.58,57.99999999999999
2024-07-10,93,58,,0.58,53.94
2024-07-11,87,58,,0.58,50.459999999999994
2024-07-12,94,58,,0.58,54.519999999999996
2024-07-13,54,58,,0.58,31.319999999999997
2024-07-14,45,56,FALSE,0.56,25.200000000000003
2024-07-15,87,56,,0.56,48.720000000000006
2024-07-16,94,56,,0.56,52.64000000000001
2024-07-17,99,56,,0.56,55.440000000000005
2024-07-18,87,56,,0.56,48.720000000000006
2024-07-19,87,56,,0.56,48.720000000000006
2024-07-20,53,56,,0.56,29.680000000000003
2024-07-21,50,57,FALSE,0.57,28.499999999999996
2024-07-22,92,57,,0.57,52.44
2024-07-23,99,57,,0.57,56.42999999999999
2024-07-24,99,57,,0.57,56.42999999999999
2024-07-25,91,57,,0.57,51.87
2024-07-26,87,57,,0.57,49.589999999999996
2024-07-27,51,57,,0.57,29.069999999999997
2024-07-28,48,62,FALSE,0.62,29.759999999999998
2024-07-29,95,62,,0.62,58.9
2024-07-30,100,62,,0.62,62
2024-07-31,96,62,,0.62,59.519999999999996
2024-08-01,77,62,,0.62,47.74
2024-08-02,76,62,,0.62,47.12
2024-08-03,47,62,,0.62,29.14
2024-08-04,43,57,FALSE,0.57,24.509999999999998
2024-08-05,79,57,,0.57,45.029999999999994
2024-08-06,72,57,,0.57,41.04
2024-08-07,75,57,,0.57,42.74999999999999
2024-08-08,70,57,,0.57,39.9
2024-08-09,71,57,,0.57,40.47
2024-08-10,43,57,,0.57,24.509999999999998
2024-08-11,35,57,FALSE,0.57,19.95
2024-08-12,81,57,,0.57,46.169999999999995
2024-08-13,83,57,,0.57,47.309999999999995
2024-08-14,78,57,,0.57,44.459999999999994
2024-08-15,72,57,,0.57,41.04
2024-08-16,70,57,,0.57,39.9
2024-08-17,43,57,,0.57,24.509999999999998
2024-08-18,37,63,FALSE,0.63,23.31
2024-08-19,79,63,,0.63,49.77
2024-08-20,100,63,,0.63,63
2024-08-21,85,63,,0.63,53.55
2024-08-22,71,63,,0.63,44.73
2024-08-23,73,63,,0.63,45.99
2024-08-24,44,63,,0.63,27.72
2024-08-25,41,60,FALSE,0.6,24.599999999999998
2024-08-26,78,60,,0.6,46.8
2024-08-27,77,60,,0.6,46.199999999999996
2024-08-28,77,60,,0.6,46.199999999999996
2024-08-29,77,60,,0.6,46.199999999999996
2024-08-30,76,60,,0.6,45.6
2024-08-31,45,60,,0.6,27
2024-09-01,45,55,FALSE,0.55,24.750000000000004
2024-09-02,56,55,,0.55,30.800000000000004
2024-09-03,100,55,,0.55,55.00000000000001
2024-09-04,96,55,,0.55,52.800000000000004
2024-09-05,91,55,,0.55,50.050000000000004
2024-09-06,83,55,,0.55,45.650000000000006
2024-09-07,52,55,,0.55,28.6
2024-09-08,47,59,FALSE,0.59,27.729999999999997
2024-09-09,98,59,,0.59,57.82
2024-09-10,86,59,,0.59,50.739999999999995
2024-09-11,93,59,,0.59,54.87
2024-09-12,92,59,,0.59,54.279999999999994
2024-09-13,92,59,,0.59,54.279999999999994
2024-09-14,59,59,,0.59,34.809999999999995
2024-09-15,42,57,FALSE,0.57,23.939999999999998
2024-09-16,95,57,,0.57,54.15
2024-09-17,97,57,,0.57,55.28999999999999
2024-09-18,96,57,,0.57,54.72
2024-09-19,85,57,,0.57,48.449999999999996
2024-09-20,84,57,,0.57,47.879999999999995
2024-09-21,50,57,,0.57,28.499999999999996
2024-09-22,46,52,FALSE,0.52,23.92
2024-09-23,93,52,,0.52,48.36
2024-09-24,92,52,,0.52,47.84
2024-09-25,97,52,,0.52,50.440000000000005
2024-09-26,81,52,,0.52,42.120000000000005
2024-09-27,76,52,,0.52,39.52
2024-09-28,50,52,,0.52,26
2024-09-29,45,58,FALSE,0.58,26.099999999999998
2024-09-30,91,58,,0.58,52.779999999999994
2024-10-01,93,58,,0.58,53.94
2024-10-02,99,58,,0.58,57.419999999999995
2024-10-03,100,58,,0.58,57.99999999999999
2024-10-04,90,58,,0.58,52.199999999999996
2024-10-05,60,58,,0.58,34.8
2024-10-06,49,55,FALSE,0.55,26.950000000000003
2024-10-07,87,55,,0.55,47.85
2024-10-08,95,55,,0.55,52.25000000000001
2024-10-09,88,55,,0.55,48.400000000000006
2024-10-10,89,55,,0.55,48.95
2024-10-11,86,55,,0.55,47.300000000000004
2024-10-12,56,55,,0.55,30.800000000000004
2024-10-13,44,55,FALSE,0.55,24.200000000000003
2024-10-14,94,55,,0.55,51.7
2024-10-15,99,55,,0.55,54.45
2024-10-16,93,55,,0.55,51.150000000000006
2024-10-17,91,55,,0.55,50.050000000000004
2024-10-18,83,55,,0.55,45.650000000000006
2024-10-19,57,55,,0.55,31.35
2024-10-20,47,53,FALSE,0.53,24.91
2024-10-21,90,53,,0.53,47.7
2024-10-22,96,53,,0.53,50.88
2024-10-23,88,53,,0.53,46.64
2024-10-24,82,53,,0.53,43.46
2024-10-25,83,53,,0.53,43.99
2024-10-26,49,53,,0.53,25.970000000000002
2024-10-27,46,53,FALSE,0.53,24.380000000000003
2024-10-28,90,53,,0.53,47.7
2024-10-29,87,53,,0.53,46.11
2024-10-30,88,53,,0.53,46.64
2024-10-31,81,53,,0.53,42.93
2024-11-01,90,53,,0.53,47.7
2024-11-02,60,53,,0.53,31.8
2024-11-03,53,51,FALSE,0.51,27.03
2024-11-04,100,51,,0.51,51
2024-11-05,91,51,,0.51,46.410000000000004
2024-11-06,68,51,,0.51,34.68
2024-11-07,93,51,,0.51,47.43
2024-11-08,93,51,,0.51,47.43
2024-11-09,60,51,,0.51,30.6
2024-11-10,47,51,FALSE,0.51,23.97
2024-11-11,93,51,,0.51,47.43
2024-11-12,97,51,,0.51,49.47
2024-11-13,96,51,,0.51,48.96
2024-11-14,90,51,,0.51,45.9
2024-11-15,90,51,,0.51,45.9
2024-11-16,54,51,,0.51,27.54
2024-11-17,54,54,FALSE,0.54,29.160000000000004
2024-11-18,91,54,,0.54,49.14
2024-11-19,95,54,,0.54,51.300000000000004
2024-11-20,93,54,,0.54,50.220000000000006
2024-11-21,90,54,,0.54,48.6
2024-11-22,86,54,,0.54,46.440000000000005
2024-11-23,55,54,,0.54,29.700000000000003
2024-11-24,45,38,FALSE,0.38,17.1
2024-11-25,88,38,,0.38,33.44
2024-11-26,86,38,,0.38,32.68
2024-11-27,78,38,,0.38,29.64
2024-11-28,47,38,,0.38,17.86
2024-11-29,59,38,,0.38,22.42
2024-11-30,50,38,,0.38,19
2024-12-01,46,56,FALSE,0.56,25.76
2024-12-02,87,56,,0.56,48.720000000000006
2024-12-03,100,56,,0.56,56.00000000000001
2024-12-04,98,56,,0.56,54.88
2024-12-05,95,56,,0.56,53.2
2024-12-06,92,56,,0.56,51.52
2024-12-07,62,56,,0.56,34.720000000000006
2024-12-08,46,53,FALSE,0.53,24.380000000000003
2024-12-09,87,53,,0.53,46.11
2024-12-10,89,53,,0.53,47.17
2024-12-11,89,53,,0.53,47.17
2024-12-12,88,53,,0.53,46.64
2024-12-13,87,53,,0.53,46.11
2024-12-14,58,53,,0.53,30.740000000000002
2024-12-15,48,53,FALSE,0.53,25.44
2024-12-16,83,53,,0.53,43.99
2024-12-17,92,53,,0.53,48.760000000000005
2024-12-18,87,53,,0.53,46.11
2024-12-19,88,53,,0.53,46.64
2024-12-20,85,53,,0.53,45.050000000000004
2024-12-21,52,53,,0.53,27.560000000000002
2024-12-22,44,37,FALSE,0.37,16.28
2024-12-23,80,37,,0.37,29.6
2024-12-24,72,37,,0.37,26.64
2024-12-25,40,37,,0.37,14.8
2024-12-26,73,37,,0.37,27.009999999999998
2024-12-27,84,37,,0.37,31.08
2024-12-28,60,37,,0.37,22.2
2024-12-29,57,55,FALSE,0.55,31.35
2024-12-30,91,55,,0.55,50.050000000000004
2024-12-31,92,55,,0.55,50.6
2025-01-01,57,55,,0.55,31.35
2025-01-02,92,55,,0.55,50.6
2025-01-03,94,55,,0.55,51.7
2025-01-04,63,55,,0.55,34.650000000000006
2025-01-05,47,59,FALSE,0.59,27.729999999999997
2025-01-06,98,59,,0.59,57.82
2025-01-07,94,59,,0.59,55.459999999999994
2025-01-08,93,59,,0.59,54.87
2025-01-09,80,59,,0.59,47.199999999999996
2025-01-10,79,59,,0.59,46.61
2025-01-11,55,59,,0.59,32.449999999999996
2025-01-12,49,56,FALSE,0.56,27.44
2025-01-13,91,56,,0.56,50.96000000000001
2025-01-14,100,56,,0.56,56.00000000000001
2025-01-15,95,56,,0.56,53.2
2025-01-16,87,56,,0.56,48.720000000000006
2025-01-17,82,56,,0.56,45.92
2025-01-18,55,56,,0.56,30.800000000000004
2025-01-19,43,51,FALSE,0.51,21.93
2025-01-20,59,51,,0.51,30.09
2025-01-21,84,51,,0.51,42.84
2025-01-22,89,51,,0.51,45.39
2025-01-23,88,51,,0.51,44.88
2025-01-24,78,51,,0.51,39.78
2025-01-25,54,51,,0.51,27.54
2025-01-26,45,54,FALSE,0.54,24.3
2025-01-27,79,54,,0.54,42.660000000000004
2025-01-28,93,54,,0.54,50.220000000000006
2025-01-29,84,54,,0.54,45.36
2025-01-30,81,54,,0.54,43.74
2025-01-31,85,54,,0.54,45.900000000000006
2025-02-01,57,54,,0.54,30.78
2025-02-02,52,56,FALSE,0.56,29.120000000000005
2025-02-03,94,56,,0.56,52.64000000000001
2025-02-04,92,56,,0.56,51.52
2025-02-05,88,56,,0.56,49.28
2025-02-06,86,56,,0.56,48.160000000000004
2025-02-07,81,56,,0.56,45.36000000000001
2025-02-08,58,56,,0.56,32.480000000000004
2025-02-09,42,51,FALSE,0.51,21.42
2025-02-10,81,51,,0.51,41.31
2025-02-11,83,51,,0.51,42.33
2025-02-12,88,51,,0.51,44.88
2025-02-13,82,51,,0.51,41.82
2025-02-14,76,51,,0.51,38.76
2025-02-15,56,51,,0.51,28.560000000000002
2025-02-16,49,55,FALSE,0.55,26.950000000000003
2025-02-17,82,55,,0.55,45.1
2025-02-18,100,55,,0.55,55.00000000000001
2025-02-19,90,55,,0.55,49.50000000000001
2025-02-20,86,55,,0.55,47.300000000000004
2025-02-21,91,55,,0.55,50.050000000000004
2025-02-22,57,55,,0.55,31.35
2025-02-23,48,53,FALSE,0.53,25.44
2025-02-24,88,53,,0.53,46.64
2025-02-25,87,53,,0.53,46.11
2025-02-26,89,53,,0.53,47.17
2025-02-27,88,53,,0.53,46.64
2025-02-28,80,53,,0.53,42.400000000000006
2025-03-01,59,53,,0.53,31.270000000000003
2025-03-02,53,53,FALSE,0.53,28.09
2025-03-03,91,53,,0.53,48.230000000000004
2025-03-04,93,53,,0.53,49.29
2025-03-05,87,53,,0.53,46.11
2025-03-06,94,53,,0.53,49.82
2025-03-07,86,53,,0.53,45.580000000000005
2025-03-08,56,53,,0.53,29.68
2025-03-09,50,55,FALSE,0.55,27.500000000000004
2025-03-10,92,55,,0.55,50.6
2025-03-11,97,55,,0.55,53.35
2025-03-12,95,55,,0.55,52.25000000000001
2025-03-13,90,55,,0.55,49.50000000000001
2025-03-14,88,55,,0.55,48.400000000000006
2025-03-15,62,55,,0.55,34.1
2025-03-16,50,55,FALSE,0.55,27.500000000000004
2025-03-17,94,55,,0.55,51.7
2025-03-18,98,55,,0.55,53.900000000000006
2025-03-19,98,55,,0.55,53.900000000000006
2025-03-20,95,55,,0.55,52.25000000000001
2025-03-21,84,55,,0.55,46.2
2025-03-22,56,55,,0.55,30.800000000000004
2025-03-23,52,54,FALSE,0.54,28.080000000000002
2025-03-24,94,54,,0.54,50.760000000000005
2025-03-25,100,54,,0.54,54
2025-03-26,94,54,,0.54,50.760000000000005
2025-03-27,90,54,,0.54,48.6
2025-03-28,86,54,,0.54,46.440000000000005
2025-03-29,56,54,,0.54,30.240000000000002
2025-03-30,50,53,FALSE,0.53,26.5
2025-03-31,91,53,,0.53,48.230000000000004
2025-04-01,100,53,,0.53,53
2025-04-02,90,53,,0.53,47.7
2025-04-03,86,53,,0.53,45.580000000000005
2025-04-04,80,53,,0.53,42.400000000000006
2025-04-05,54,53,,0.53,28.62
2025-04-06,48,52,FALSE,0.52,24.96
2025-04-07,87,52,,0.52,45.24
2025-04-08,87,52,,0.52,45.24
2025-04-09,84,52,,0.52,43.68
2025-04-10,83,52,,0.52,43.160000000000004
2025-04-11,82,52,,0.52,42.64
2025-04-12,54,52,,0.52,28.080000000000002
2025-04-13,50,51,FALSE,0.51,25.5