Date,Rakuten_unscaled,Rakuten_monthly,isPartial,scale,Rakuten,Rakuten_adjusted
2020-12-22,26,30,,0.3,7.8,6.8999999999999995
2020-12-23,23,30,,0.3,6.8999999999999995,6.3
2020-12-24,21,30,,0.3,6.3,6.6
2020-12-25,22,30,,0.3,6.6,8.1
2020-12-26,27,30,,0.3,8.1,8.120000000000001
2020-12-27,29,28,False,0.28,8.120000000000001,7.280000000000001
2020-12-28,26,28,,0.28,7.280000000000001,7.000000000000001
2020-12-29,25,28,,0.28,7.000000000000001,6.44
2020-12-30,23,28,,0.28,6.44,7.000000000000001
2020-12-31,25,28,,0.28,7.000000000000001,25.480000000000004
2021-01-01,91,28,,0.28,25.480000000000004,27.72
2021-01-02,99,28,,0.28,27.72,23.0
2021-01-03,100,23,False,0.23,23.0,20.93
2021-01-04,91,23,,0.23,20.93,17.02
2021-01-05,74,23,,0.23,17.02,16.1
2021-01-06,70,23,,0.23,16.1,14.95
2021-01-07,65,23,,0.23,14.95,17.25
2021-01-08,75,23,,0.23,17.25,18.17
2021-01-09,79,23,,0.23,18.17,24.360000000000003
2021-01-10,87,28,False,0.28,24.360000000000003,21.28
2021-01-11,76,28,,0.28,21.28,23.24
2021-01-12,83,28,,0.28,23.24,22.4
2021-01-13,80,28,,0.28,22.4,22.96
2021-01-14,82,28,,0.28,22.96,20.44
2021-01-15,73,28,,0.28,20.44,21.28
2021-01-16,76,28,,0.28,21.28,19.55
2021-01-17,85,23,False,0.23,19.55,19.55
2021-01-18,85,23,,0.23,19.55,17.25
2021-01-19,75,23,,0.23,17.25,15.18
2021-01-20,66,23,,0.23,15.18,16.1
2021-01-21,70,23,,0.23,16.1,16.560000000000002
2021-01-22,72,23,,0.23,16.560000000000002,15.87
2021-01-23,69,23,,0.23,15.87,17.25
2021-01-24,75,23,False,0.23,17.25,18.4
2021-01-25,80,23,,0.23,18.4,16.330000000000002
2021-01-26,71,23,,0.23,16.330000000000002,14.95
2021-01-27,65,23,,0.23,14.95,17.48
2021-01-28,76,23,,0.23,17.48,15.87
2021-01-29,69,23,,0.23,15.87,17.02
2021-01-30,74,23,,0.23,17.02,19.55
2021-01-31,85,23,False,0.23,19.55,17.71
2021-02-01,77,23,,0.23,17.71,15.41
2021-02-02,67,23,,0.23,15.41,17.02
2021-02-03,74,23,,0.23,17.02,16.1
2021-02-04,70,23,,0.23,16.1,17.48
2021-02-05,76,23,,0.23,17.48,16.560000000000002
2021-02-06,72,23,,0.23,16.560000000000002,14.28
2021-02-07,68,21,False,0.21,14.28,13.86
2021-02-08,66,21,,0.21,13.86,13.86
2021-02-09,66,21,,0.21,13.86,14.49
2021-02-10,69,21,,0.21,14.49,14.49
2021-02-11,69,21,,0.21,14.49,13.86
2021-02-12,66,21,,0.21,13.86,16.169999999999998
2021-02-13,77,21,,0.21,16.169999999999998,21.75
2021-02-14,87,25,False,0.25,21.75,25.0
2021-02-15,100,25,,0.25,25.0,24.0
2021-02-16,96,25,,0.25,24.0,18.25
2021-02-17,73,25,,0.25,18.25,17.25
2021-02-18,69,25,,0.25,17.25,17.5
2021-02-19,70,25,,0.25,17.5,18.75
2021-02-20,75,25,,0.25,18.75,17.04
2021-02-21,71,24,False,0.24,17.04,17.04
2021-02-22,71,24,,0.24,17.04,18.96
2021-02-23,79,24,,0.24,18.96,16.8
2021-02-24,70,24,,0.24,16.8,20.16
2021-02-25,84,24,,0.24,20.16,17.04
2021-02-26,71,24,,0.24,17.04,19.44
2021-02-27,81,24,,0.24,19.44,19.32
2021-02-28,84,23,False,0.23,19.32,23.0
2021-03-01,100,23,,0.23,23.0,19.55
2021-03-02,85,23,,0.23,19.55,17.25
2021-03-03,75,23,,0.23,17.25,17.71
2021-03-04,77,23,,0.23,17.71,15.87
2021-03-05,69,23,,0.23,15.87,18.86
2021-03-06,82,23,,0.23,18.86,17.22
2021-03-07,82,21,False,0.21,17.22,17.22
2021-03-08,82,21,,0.21,17.22,16.38
2021-03-09,78,21,,0.21,16.38,15.33
2021-03-10,73,21,,0.21,15.33,15.54
2021-03-11,74,21,,0.21,15.54,15.12
2021-03-12,72,21,,0.21,15.12,18.06
2021-03-13,86,21,,0.21,18.06,17.6
2021-03-14,80,22,False,0.22,17.6,19.58
2021-03-15,89,22,,0.22,19.58,17.82
2021-03-16,81,22,,0.22,17.82,16.28
2021-03-17,74,22,,0.22,16.28,18.48
2021-03-18,84,22,,0.22,18.48,16.94
2021-03-19,77,22,,0.22,16.94,17.82
2021-03-20,81,22,,0.22,17.82,17.849999999999998
2021-03-21,85,21,False,0.21,17.849999999999998,18.27
2021-03-22,87,21,,0.21,18.27,16.38
2021-03-23,78,21,,0.21,16.38,16.169999999999998
2021-03-24,77,21,,0.21,16.169999999999998,17.849999999999998
2021-03-25,85,21,,0.21,17.849999999999998,15.54
2021-03-26,74,21,,0.21,15.54,17.009999999999998
2021-03-27,81,21,,0.21,17.009999999999998,16.8
2021-03-28,80,21,False,0.21,16.8,14.7
2021-03-29,70,21,,0.21,14.7,19.11
2021-03-30,91,21,,0.21,19.11,17.849999999999998
2021-03-31,85,21,,0.21,17.849999999999998,18.69
2021-04-01,89,21,,0.21,18.69,18.06
2021-04-02,86,21,,0.21,18.06,18.69
2021-04-03,89,21,,0.21,18.69,17.2
2021-04-04,86,20,False,0.2,17.2,18.2
2021-04-05,91,20,,0.2,18.2,15.6
2021-04-06,78,20,,0.2,15.6,16.8
2021-04-07,84,20,,0.2,16.8,16.400000000000002
2021-04-08,82,20,,0.2,16.400000000000002,15.8
2021-04-09,79,20,,0.2,15.8,17.400000000000002
2021-04-10,87,20,,0.2,17.400000000000002,17.43
2021-04-11,83,21,False,0.21,17.43,18.48
2021-04-12,88,21,,0.21,18.48,18.69
2021-04-13,89,21,,0.21,18.69,19.11
2021-04-14,91,21,,0.21,19.11,18.9
2021-04-15,90,21,,0.21,18.9,17.64
2021-04-16,84,21,,0.21,17.64,17.64
2021-04-17,84,21,,0.21,17.64,19.14
2021-04-18,87,22,False,0.22,19.14,20.24
2021-04-19,92,22,,0.22,20.24,22.0
2021-04-20,100,22,,0.22,22.0,18.92
2021-04-21,86,22,,0.22,18.92,20.46
2021-04-22,93,22,,0.22,20.46,17.38
2021-04-23,79,22,,0.22,17.38,18.48
2021-04-24,84,22,,0.22,18.48,18.4
2021-04-25,92,20,False,0.2,18.4,16.8
2021-04-26,84,20,,0.2,16.8,17.6
2021-04-27,88,20,,0.2,17.6,16.8
2021-04-28,84,20,,0.2,16.8,18.0
2021-04-29,90,20,,0.2,18.0,17.6
2021-04-30,88,20,,0.2,17.6,14.2
2021-05-01,71,20,,0.2,14.2,14.91
2021-05-02,71,21,False,0.21,14.91,15.54
2021-05-03,74,21,,0.21,15.54,16.169999999999998
2021-05-04,77,21,,0.21,16.169999999999998,12.39
2021-05-05,59,21,,0.21,12.39,15.75
2021-05-06,75,21,,0.21,15.75,14.91
2021-05-07,71,21,,0.21,14.91,13.86
2021-05-08,66,21,,0.21,13.86,18.25
2021-05-09,73,25,False,0.25,18.25,23.25
2021-05-10,93,25,,0.25,23.25,23.0
2021-05-11,92,25,,0.25,23.0,23.0
2021-05-12,92,25,,0.25,23.0,20.0
2021-05-13,80,25,,0.25,20.0,22.75
2021-05-14,91,25,,0.25,22.75,23.25
2021-05-15,93,25,,0.25,23.25,25.0
2021-05-16,100,25,False,0.25,25.0,24.75
2021-05-17,99,25,,0.25,24.75,20.75
2021-05-18,83,25,,0.25,20.75,18.0
2021-05-19,72,25,,0.25,18.0,16.5
2021-05-20,66,25,,0.25,16.5,18.75
2021-05-21,75,25,,0.25,18.75,17.25
2021-05-22,69,25,,0.25,17.25,18.96
2021-05-23,79,24,False,0.24,18.96,18.48
2021-05-24,77,24,,0.24,18.48,18.48
2021-05-25,77,24,,0.24,18.48,19.68
2021-05-26,82,24,,0.24,19.68,18.72
2021-05-27,78,24,,0.24,18.72,17.28
2021-05-28,72,24,,0.24,17.28,21.36
2021-05-29,89,24,,0.24,21.36,20.93
2021-05-30,91,23,False,0.23,20.93,21.62
2021-05-31,94,23,,0.23,21.62,21.16
2021-06-01,92,23,,0.23,21.16,20.24
2021-06-02,88,23,,0.23,20.24,18.86
2021-06-03,82,23,,0.23,18.86,18.17
2021-06-04,79,23,,0.23,18.17,17.48
2021-06-05,76,23,,0.23,17.48,16.169999999999998
2021-06-06,77,21,False,0.21,16.169999999999998,15.96
2021-06-07,76,21,,0.21,15.96,17.43
2021-06-08,83,21,,0.21,17.43,14.91
2021-06-09,71,21,,0.21,14.91,18.9
2021-06-10,90,21,,0.21,18.9,16.169999999999998
2021-06-11,77,21,,0.21,16.169999999999998,15.54
2021-06-12,74,21,,0.21,15.54,18.48
2021-06-13,88,21,False,0.21,18.48,16.38
2021-06-14,78,21,,0.21,16.38,16.59
2021-06-15,79,21,,0.21,16.59,15.33
2021-06-16,73,21,,0.21,15.33,18.06
2021-06-17,86,21,,0.21,18.06,15.75
2021-06-18,75,21,,0.21,15.75,14.49
2021-06-19,69,21,,0.21,14.49,16.79
2021-06-20,73,23,False,0.23,16.79,23.0
2021-06-21,100,23,,0.23,23.0,21.62
2021-06-22,94,23,,0.23,21.62,21.16
2021-06-23,92,23,,0.23,21.16,17.48
2021-06-24,76,23,,0.23,17.48,16.560000000000002
2021-06-25,72,23,,0.23,16.560000000000002,17.25
2021-06-26,75,23,,0.23,17.25,13.8
2021-06-27,69,20,False,0.2,13.8,15.8
2021-06-28,79,20,,0.2,15.8,15.0
2021-06-29,75,20,,0.2,15.0,15.6
2021-06-30,78,20,,0.2,15.6,17.6
2021-07-01,88,20,,0.2,17.6,18.6
2021-07-02,93,20,,0.2,18.6,18.6
2021-07-03,93,20,,0.2,18.6,20.79
2021-07-04,99,21,False,0.21,20.79,20.16
2021-07-05,96,21,,0.21,20.16,19.11
2021-07-06,91,21,,0.21,19.11,16.59
2021-07-07,79,21,,0.21,16.59,21.0
2021-07-08,100,21,,0.21,21.0,18.27
2021-07-09,87,21,,0.21,18.27,18.69
2021-07-10,89,21,,0.21,18.69,17.400000000000002
2021-07-11,87,20,False,0.2,17.400000000000002,18.8
2021-07-12,94,20,,0.2,18.8,19.200000000000003
2021-07-13,96,20,,0.2,19.200000000000003,18.8
2021-07-14,94,20,,0.2,18.8,16.6
2021-07-15,83,20,,0.2,16.6,17.8
2021-07-16,89,20,,0.2,17.8,16.8
2021-07-17,84,20,,0.2,16.8,18.05
2021-07-18,95,19,False,0.19,18.05,17.86
2021-07-19,94,19,,0.19,17.86,16.91
2021-07-20,89,19,,0.19,16.91,17.67
2021-07-21,93,19,,0.19,17.67,15.77
2021-07-22,83,19,,0.19,15.77,17.1
2021-07-23,90,19,,0.19,17.1,12.54
2021-07-24,66,19,,0.19,12.54,15.84
2021-07-25,88,18,False,0.18,15.84,14.22
2021-07-26,79,18,,0.18,14.22,16.38
2021-07-27,91,18,,0.18,16.38,13.32
2021-07-28,74,18,,0.18,13.32,14.94
2021-07-29,83,18,,0.18,14.94,13.86
2021-07-30,77,18,,0.18,13.86,11.88
2021-07-31,66,18,,0.18,11.88,17.86
2021-08-01,94,19,False,0.19,17.86,16.53
2021-08-02,87,19,,0.19,16.53,16.72
2021-08-03,88,19,,0.19,16.72,14.82
2021-08-04,78,19,,0.19,14.82,16.72
2021-08-05,88,19,,0.19,16.72,14.44
2021-08-06,76,19,,0.19,14.44,15.01
2021-08-07,79,19,,0.19,15.01,14.62
2021-08-08,86,17,False,0.17,14.62,14.62
2021-08-09,86,17,,0.17,14.62,12.58
2021-08-10,74,17,,0.17,12.58,13.43
2021-08-11,79,17,,0.17,13.43,13.43
2021-08-12,79,17,,0.17,13.43,13.43
2021-08-13,79,17,,0.17,13.43,12.920000000000002
2021-08-14,76,17,,0.17,12.920000000000002,19.0
2021-08-15,100,19,False,0.19,19.0,17.1
2021-08-16,90,19,,0.19,17.1,16.72
2021-08-17,88,19,,0.19,16.72,15.01
2021-08-18,79,19,,0.19,15.01,15.96
2021-08-19,84,19,,0.19,15.96,16.15
2021-08-20,85,19,,0.19,16.15,14.63
2021-08-21,77,19,,0.19,14.63,20.79
2021-08-22,99,21,False,0.21,20.79,19.74
2021-08-23,94,21,,0.21,19.74,19.53
2021-08-24,93,21,,0.21,19.53,21.0
2021-08-25,100,21,,0.21,21.0,18.9
2021-08-26,90,21,,0.21,18.9,20.37
2021-08-27,97,21,,0.21,20.37,18.06
2021-08-28,86,21,,0.21,18.06,16.15
2021-08-29,85,19,False,0.19,16.15,16.15
2021-08-30,85,19,,0.19,16.15,15.58
2021-08-31,82,19,,0.19,15.58,15.96
2021-09-01,84,19,,0.19,15.96,15.58
2021-09-02,82,19,,0.19,15.58,14.06
2021-09-03,74,19,,0.19,14.06,15.01
2021-09-04,79,19,,0.19,15.01,15.0
2021-09-05,75,20,False,0.2,15.0,20.0
2021-09-06,100,20,,0.2,20.0,17.400000000000002
2021-09-07,87,20,,0.2,17.400000000000002,13.6
2021-09-08,68,20,,0.2,13.6,15.4
2021-09-09,77,20,,0.2,15.4,13.4
2021-09-10,67,20,,0.2,13.4,13.8
2021-09-11,69,20,,0.2,13.8,12.96
2021-09-12,72,18,False,0.18,12.96,14.04
2021-09-13,78,18,,0.18,14.04,13.5
2021-09-14,75,18,,0.18,13.5,12.42
2021-09-15,69,18,,0.18,12.42,11.88
2021-09-16,66,18,,0.18,11.88,13.32
2021-09-17,74,18,,0.18,13.32,12.96
2021-09-18,72,18,,0.18,12.96,14.63
2021-09-19,77,19,False,0.19,14.63,14.44
2021-09-20,76,19,,0.19,14.44,15.39
2021-09-21,81,19,,0.19,15.39,12.16
2021-09-22,64,19,,0.19,12.16,15.01
2021-09-23,79,19,,0.19,15.01,13.49
2021-09-24,71,19,,0.19,13.49,15.01
2021-09-25,79,19,,0.19,15.01,17.0
2021-09-26,85,20,False,0.2,17.0,15.6
2021-09-27,78,20,,0.2,15.6,16.6
2021-09-28,83,20,,0.2,16.6,17.400000000000002
2021-09-29,87,20,,0.2,17.400000000000002,16.400000000000002
2021-09-30,82,20,,0.2,16.400000000000002,14.6
2021-10-01,73,20,,0.2,14.6,15.2
2021-10-02,76,20,,0.2,15.2,14.44
2021-10-03,76,19,False,0.19,14.44,13.87
2021-10-04,73,19,,0.19,13.87,13.49
2021-10-05,71,19,,0.19,13.49,14.44
2021-10-06,76,19,,0.19,14.44,13.68
2021-10-07,72,19,,0.19,13.68,13.49
2021-10-08,71,19,,0.19,13.49,13.3
2021-10-09,70,19,,0.19,13.3,16.06
2021-10-10,73,22,False,0.22,16.06,18.7
2021-10-11,85,22,,0.22,18.7,17.6
2021-10-12,80,22,,0.22,17.6,19.8
2021-10-13,90,22,,0.22,19.8,18.7
2021-10-14,85,22,,0.22,18.7,16.28
2021-10-15,74,22,,0.22,16.28,17.82
2021-10-16,81,22,,0.22,17.82,19.09
2021-10-17,83,23,False,0.23,19.09,18.86
2021-10-18,82,23,,0.23,18.86,20.24
2021-10-19,88,23,,0.23,20.24,18.4
2021-10-20,80,23,,0.23,18.4,18.630000000000003
2021-10-21,81,23,,0.23,18.630000000000003,19.55
2021-10-22,85,23,,0.23,19.55,17.02
2021-10-23,74,23,,0.23,17.02,21.16
2021-10-24,92,23,False,0.23,21.16,20.01
2021-10-25,87,23,,0.23,20.01,23.0
2021-10-26,100,23,,0.23,23.0,19.32
2021-10-27,84,23,,0.23,19.32,18.86
2021-10-28,82,23,,0.23,18.86,18.4
2021-10-29,80,23,,0.23,18.4,19.55
2021-10-30,85,23,,0.23,19.55,23.4
2021-10-31,90,26,False,0.26,23.4,5.2
2021-11-01,20,26,,0.26,5.2,5.46
2021-11-02,21,26,,0.26,5.46,4.16
2021-11-03,16,26,,0.26,4.16,4.94
2021-11-04,19,26,,0.26,4.94,5.46
2021-11-05,21,26,,0.26,5.46,5.46
2021-11-06,21,26,,0.26,5.46,6.3
2021-11-07,21,30,False,0.3,6.3,6.3
2021-11-08,21,30,,0.3,6.3,6.3
2021-11-09,21,30,,0.3,6.3,6.0
2021-11-10,20,30,,0.3,6.0,7.8
2021-11-11,26,30,,0.3,7.8,6.8999999999999995
2021-11-12,23,30,,0.3,6.8999999999999995,6.3
2021-11-13,21,30,,0.3,6.3,7.44
2021-11-14,24,31,False,0.31,7.44,8.06
2021-11-15,26,31,,0.31,8.06,7.13
2021-11-16,23,31,,0.31,7.13,8.06
2021-11-17,26,31,,0.31,8.06,7.44
2021-11-18,24,31,,0.31,7.44,7.44
2021-11-19,24,31,,0.31,7.44,8.37
2021-11-20,27,31,,0.31,8.37,22.08
2021-11-21,32,69,False,0.69,22.08,20.7
2021-11-22,30,69,,0.69,20.7,23.459999999999997
2021-11-23,34,69,,0.69,23.459999999999997,23.459999999999997
2021-11-24,34,69,,0.69,23.459999999999997,38.64
2021-11-25,56,69,,0.69,38.64,69.0
2021-11-26,100,69,,0.69,69.0,51.74999999999999
2021-11-27,75,69,,0.69,51.74999999999999,36.4
2021-11-28,56,65,False,0.65,36.4,54.6
2021-11-29,84,65,,0.65,54.6,46.15
2021-11-30,71,65,,0.65,46.15,65.0
2021-12-01,100,65,,0.65,65.0,52.0
2021-12-02,80,65,,0.65,52.0,50.05
2021-12-03,77,65,,0.65,50.05,52.65
2021-12-04,81,65,,0.65,52.65,30.78
2021-12-05,81,38,False,0.38,30.78,30.4
2021-12-06,80,38,,0.38,30.4,30.78
2021-12-07,81,38,,0.38,30.78,30.4
2021-12-08,80,38,,0.38,30.4,30.78
2021-12-09,81,38,,0.38,30.78,27.36
2021-12-10,72,38,,0.38,27.36,26.98
2021-12-11,71,38,,0.38,26.98,24.32
2021-12-12,76,32,False,0.32,24.32,26.24
2021-12-13,82,32,,0.32,26.24,23.04
2021-12-14,72,32,,0.32,23.04,22.08
2021-12-15,69,32,,0.32,22.08,21.12
2021-12-16,66,32,,0.32,21.12,19.84
2021-12-17,62,32,,0.32,19.84,17.6
2021-12-18,55,32,,0.32,17.6,11.73
2021-12-19,51,23,False,0.23,11.73,12.42
2021-12-20,54,23,,0.23,12.42,12.42
2021-12-21,54,23,,0.23,12.42,11.04
2021-12-22,48,23,,0.23,11.04,10.58
2021-12-23,46,23,,0.23,10.58,9.66
2021-12-24,42,23,,0.23,9.66,7.82
2021-12-25,34,23,,0.23,7.82,14.5
2021-12-26,58,25,False,0.25,14.5,14.5
2021-12-27,58,25,,0.25,14.5,11.0
2021-12-28,44,25,,0.25,11.0,12.5
2021-12-29,50,25,,0.25,12.5,11.25
2021-12-30,45,25,,0.25,11.25,10.75
2021-12-31,43,25,,0.25,10.75,9.25
2022-01-01,37,25,,0.25,9.25,12.96
2022-01-02,48,27,False,0.27,12.96,11.88
2022-01-03,44,27,,0.27,11.88,14.85
2022-01-04,55,27,,0.27,14.85,12.420000000000002
2022-01-05,46,27,,0.27,12.420000000000002,10.53
2022-01-06,39,27,,0.27,10.53,12.96
2022-01-07,48,27,,0.27,12.96,11.61
2022-01-08,43,27,,0.27,11.61,10.0
2022-01-09,40,25,False,0.25,10.0,11.75
2022-01-10,47,25,,0.25,11.75,10.75
2022-01-11,43,25,,0.25,10.75,10.0
2022-01-12,40,25,,0.25,10.0,12.25
2022-01-13,49,25,,0.25,12.25,9.0
2022-01-14,36,25,,0.25,9.0,10.5
2022-01-15,42,25,,0.25,10.5,8.14
2022-01-16,37,22,False,0.22,8.14,9.46
2022-01-17,43,22,,0.22,9.46,8.8
2022-01-18,40,22,,0.22,8.8,8.36
2022-01-19,38,22,,0.22,8.36,7.7
2022-01-20,35,22,,0.22,7.7,8.14
2022-01-21,37,22,,0.22,8.14,9.24
2022-01-22,42,22,,0.22,9.24,9.89
2022-01-23,43,23,False,0.23,9.89,10.81
2022-01-24,47,23,,0.23,10.81,8.51
2022-01-25,37,23,,0.23,8.51,8.05
2022-01-26,35,23,,0.23,8.05,8.51
2022-01-27,37,23,,0.23,8.51,10.35
2022-01-28,45,23,,0.23,10.35,9.89
2022-01-29,43,23,,0.23,9.89,26.0
2022-01-30,100,26,False,0.26,26.0,11.44
2022-01-31,44,26,,0.26,11.44,11.44
2022-02-01,44,26,,0.26,11.44,11.7
2022-02-02,45,26,,0.26,11.7,11.96
2022-02-03,46,26,,0.26,11.96,10.66
2022-02-04,41,26,,0.26,10.66,11.18
2022-02-05,43,26,,0.26,11.18,11.96
2022-02-06,46,26,False,0.26,11.96,11.96
2022-02-07,46,26,,0.26,11.96,12.48
2022-02-08,48,26,,0.26,12.48,12.48
2022-02-09,48,26,,0.26,12.48,13.26
2022-02-10,51,26,,0.26,13.26,11.96
2022-02-11,46,26,,0.26,11.96,14.04
2022-02-12,54,26,,0.26,14.04,32.0
2022-02-13,100,32,False,0.32,32.0,21.12
2022-02-14,66,32,,0.32,21.12,18.56
2022-02-15,58,32,,0.32,18.56,18.24
2022-02-16,57,32,,0.32,18.24,16.96
2022-02-17,53,32,,0.32,16.96,17.6
2022-02-18,55,32,,0.32,17.6,18.24
2022-02-19,57,32,,0.32,18.24,15.08
2022-02-20,58,26,False,0.26,15.08,16.38
2022-02-21,63,26,,0.26,16.38,13.78
2022-02-22,53,26,,0.26,13.78,13.26
2022-02-23,51,26,,0.26,13.26,12.48
2022-02-24,48,26,,0.26,12.48,11.7
2022-02-25,45,26,,0.26,11.7,11.96
2022-02-26,46,26,,0.26,11.96,16.38
2022-02-27,63,26,False,0.26,16.38,12.74
2022-02-28,49,26,,0.26,12.74,24.7
2022-03-01,95,26,,0.26,24.7,22.62
2022-03-02,87,26,,0.26,22.62,21.58
2022-03-03,83,26,,0.26,21.58,20.8
2022-03-04,80,26,,0.26,20.8,20.02
2022-03-05,77,26,,0.26,20.02,21.85
2022-03-06,95,23,False,0.23,21.85,19.32
2022-03-07,84,23,,0.23,19.32,19.09
2022-03-08,83,23,,0.23,19.09,20.47
2022-03-09,89,23,,0.23,20.47,18.86
2022-03-10,82,23,,0.23,18.86,17.94
2022-03-11,78,23,,0.23,17.94,19.78
2022-03-12,86,23,,0.23,19.78,22.56
2022-03-13,94,24,False,0.24,22.56,21.119999999999997
2022-03-14,88,24,,0.24,21.119999999999997,22.08
2022-03-15,92,24,,0.24,22.08,19.92
2022-03-16,83,24,,0.24,19.92,21.119999999999997
2022-03-17,88,24,,0.24,21.119999999999997,20.88
2022-03-18,87,24,,0.24,20.88,20.64
2022-03-19,86,24,,0.24,20.64,22.77
2022-03-20,99,23,False,0.23,22.77,19.78
2022-03-21,86,23,,0.23,19.78,20.47
2022-03-22,89,23,,0.23,20.47,19.32
2022-03-23,84,23,,0.23,19.32,19.09
2022-03-24,83,23,,0.23,19.09,18.630000000000003
2022-03-25,81,23,,0.23,18.630000000000003,19.55
2022-03-26,85,23,,0.23,19.55,24.0
2022-03-27,100,24,False,0.24,24.0,18.0
2022-03-28,75,24,,0.24,18.0,18.72
2022-03-29,78,24,,0.24,18.72,20.88
2022-03-30,87,24,,0.24,20.88,21.119999999999997
2022-03-31,88,24,,0.24,21.119999999999997,22.8
2022-04-01,95,24,,0.24,22.8,23.04
2022-04-02,96,24,,0.24,23.04,20.16
2022-04-03,96,21,False,0.21,20.16,17.43
2022-04-04,83,21,,0.21,17.43,18.9
2022-04-05,90,21,,0.21,18.9,18.27
2022-04-06,87,21,,0.21,18.27,19.53
2022-04-07,93,21,,0.21,19.53,17.22
2022-04-08,82,21,,0.21,17.22,19.74
2022-04-09,94,21,,0.21,19.74,22.77
2022-04-10,99,23,False,0.23,22.77,20.7
2022-04-11,90,23,,0.23,20.7,19.78
2022-04-12,86,23,,0.23,19.78,20.01
2022-04-13,87,23,,0.23,20.01,19.78
2022-04-14,86,23,,0.23,19.78,21.16
2022-04-15,92,23,,0.23,21.16,21.16
2022-04-16,92,23,,0.23,21.16,18.4
2022-04-17,80,23,False,0.23,18.4,21.85
2022-04-18,95,23,,0.23,21.85,22.540000000000003
2022-04-19,98,23,,0.23,22.540000000000003,20.93
2022-04-20,91,23,,0.23,20.93,21.62
2022-04-21,94,23,,0.23,21.62,20.24
2022-04-22,88,23,,0.23,20.24,20.47
2022-04-23,89,23,,0.23,20.47,23.0
2022-04-24,100,23,False,0.23,23.0,20.24
2022-04-25,88,23,,0.23,20.24,21.85
2022-04-26,95,23,,0.23,21.85,20.93
2022-04-27,91,23,,0.23,20.93,21.62
2022-04-28,94,23,,0.23,21.62,21.16
2022-04-29,92,23,,0.23,21.16,21.16
2022-04-30,92,23,,0.23,21.16,21.87
2022-05-01,81,27,False,0.27,21.87,19.71
2022-05-02,73,27,,0.27,19.71,26.73
2022-05-03,99,27,,0.27,26.73,20.520000000000003
2022-05-04,76,27,,0.27,20.520000000000003,16.470000000000002
2022-05-05,61,27,,0.27,16.470000000000002,17.28
2022-05-06,64,27,,0.27,17.28,17.01
2022-05-07,63,27,,0.27,17.01,24.32
2022-05-08,76,32,False,0.32,24.32,29.76
2022-05-09,93,32,,0.32,29.76,29.12
2022-05-10,91,32,,0.32,29.12,28.8
2022-05-11,90,32,,0.32,28.8,28.16
2022-05-12,88,32,,0.32,28.16,28.16
2022-05-13,88,32,,0.32,28.16,26.88
2022-05-14,84,32,,0.32,26.88,30.0
2022-05-15,100,30,False,0.3,30.0,27.3
2022-05-16,91,30,,0.3,27.3,26.4
2022-05-17,88,30,,0.3,26.4,24.9
2022-05-18,83,30,,0.3,24.9,21.9
2022-05-19,73,30,,0.3,21.9,20.7
2022-05-20,69,30,,0.3,20.7,25.8
2022-05-21,86,30,,0.3,25.8,20.520000000000003
2022-05-22,76,27,False,0.27,20.520000000000003,21.87
2022-05-23,81,27,,0.27,21.87,20.25
2022-05-24,75,27,,0.27,20.25,18.36
2022-05-25,68,27,,0.27,18.36,20.25
2022-05-26,75,27,,0.27,20.25,24.03
2022-05-27,89,27,,0.27,24.03,19.44
2022-05-28,72,27,,0.27,19.44,24.069999999999997
2022-05-29,83,29,False,0.29,24.069999999999997,26.1
2022-05-30,90,29,,0.29,26.1,24.36
2022-05-31,84,29,,0.29,24.36,21.459999999999997
2022-06-01,74,29,,0.29,21.459999999999997,22.33
2022-06-02,77,29,,0.29,22.33,25.229999999999997
2022-06-03,87,29,,0.29,25.229999999999997,19.43
2022-06-04,67,29,,0.29,19.43,18.46
2022-06-05,71,26,False,0.26,18.46,25.48
2022-06-06,98,26,,0.26,25.48,20.8
2022-06-07,80,26,,0.26,20.8,20.02
2022-06-08,77,26,,0.26,20.02,22.1
2022-06-09,85,26,,0.26,22.1,20.28
2022-06-10,78,26,,0.26,20.28,26.0
2022-06-11,100,26,,0.26,26.0,21.06
2022-06-12,78,27,False,0.27,21.06,22.41
2022-06-13,83,27,,0.27,22.41,25.110000000000003
2022-06-14,93,27,,0.27,25.110000000000003,21.33
2022-06-15,79,27,,0.27,21.33,20.25
2022-06-16,75,27,,0.27,20.25,26.73
2022-06-17,99,27,,0.27,26.73,21.33
2022-06-18,79,27,,0.27,21.33,19.25
2022-06-19,77,25,False,0.25,19.25,21.25
2022-06-20,85,25,,0.25,21.25,20.0
2022-06-21,80,25,,0.25,20.0,21.75
2022-06-22,87,25,,0.25,21.75,19.75
2022-06-23,79,25,,0.25,19.75,19.25
2022-06-24,77,25,,0.25,19.25,16.5
2022-06-25,66,25,,0.25,16.5,18.2
2022-06-26,70,26,False,0.26,18.2,21.58
2022-06-27,83,26,,0.26,21.58,18.72
2022-06-28,72,26,,0.26,18.72,23.14
2022-06-29,89,26,,0.26,23.14,20.28
2022-06-30,78,26,,0.26,20.28,20.8
2022-07-01,80,26,,0.26,20.8,20.02
2022-07-02,77,26,,0.26,20.02,19.5
2022-07-03,78,25,False,0.25,19.5,22.5
2022-07-04,90,25,,0.25,22.5,19.0
2022-07-05,76,25,,0.25,19.0,17.5
2022-07-06,70,25,,0.25,17.5,19.75
2022-07-07,79,25,,0.25,19.75,20.25
2022-07-08,81,25,,0.25,20.25,17.25
2022-07-09,69,25,,0.25,17.25,19.6
2022-07-10,70,28,False,0.28,19.6,24.360000000000003
2022-07-11,87,28,,0.28,24.360000000000003,27.72
2022-07-12,99,28,,0.28,27.72,28.000000000000004
2022-07-13,100,28,,0.28,28.000000000000004,25.480000000000004
2022-07-14,91,28,,0.28,25.480000000000004,22.4
2022-07-15,80,28,,0.28,22.4,19.6
2022-07-16,70,28,,0.28,19.6,18.25
2022-07-17,73,25,False,0.25,18.25,20.0
2022-07-18,80,25,,0.25,20.0,19.75
2022-07-19,79,25,,0.25,19.75,20.75
2022-07-20,83,25,,0.25,20.75,19.0
2022-07-21,76,25,,0.25,19.0,18.25
2022-07-22,73,25,,0.25,18.25,17.0
2022-07-23,68,25,,0.25,17.0,20.790000000000003
2022-07-24,77,27,False,0.27,20.790000000000003,21.33
2022-07-25,79,27,,0.27,21.33,21.33
2022-07-26,79,27,,0.27,21.33,21.6
2022-07-27,80,27,,0.27,21.6,21.87
2022-07-28,81,27,,0.27,21.87,21.6
2022-07-29,80,27,,0.27,21.6,21.33
2022-07-30,79,27,,0.27,21.33,16.560000000000002
2022-07-31,72,23,False,0.23,16.560000000000002,19.09
2022-08-01,83,23,,0.23,19.09,21.62
2022-08-02,94,23,,0.23,21.62,20.24
2022-08-03,88,23,,0.23,20.24,18.17
2022-08-04,79,23,,0.23,18.17,19.09
2022-08-05,83,23,,0.23,19.09,17.25
2022-08-06,75,23,,0.23,17.25,22.5
2022-08-07,90,25,False,0.25,22.5,23.0
2022-08-08,92,25,,0.25,23.0,23.25
2022-08-09,93,25,,0.25,23.25,20.75
2022-08-10,83,25,,0.25,20.75,23.75
2022-08-11,95,25,,0.25,23.75,20.0
2022-08-12,80,25,,0.25,20.0,21.0
2022-08-13,84,25,,0.25,21.0,23.4
2022-08-14,90,26,False,0.26,23.4,26.0
2022-08-15,100,26,,0.26,26.0,23.14
2022-08-16,89,26,,0.26,23.14,23.14
2022-08-17,89,26,,0.26,23.14,22.1
2022-08-18,85,26,,0.26,22.1,22.1
2022-08-19,85,26,,0.26,22.1,20.54
2022-08-20,79,26,,0.26,20.54,21.39
2022-08-21,93,23,False,0.23,21.39,21.39
2022-08-22,93,23,,0.23,21.39,19.55
2022-08-23,85,23,,0.23,19.55,22.77
2022-08-24,99,23,,0.23,22.77,19.78
2022-08-25,86,23,,0.23,19.78,18.86
2022-08-26,82,23,,0.23,18.86,19.55
2022-08-27,85,23,,0.23,19.55,20.88
2022-08-28,87,24,False,0.24,20.88,18.96
2022-08-29,79,24,,0.24,18.96,21.36
2022-08-30,89,24,,0.24,21.36,19.44
2022-08-31,81,24,,0.24,19.44,17.759999999999998
2022-09-01,74,24,,0.24,17.759999999999998,18.0
2022-09-02,75,24,,0.24,18.0,18.48
2022-09-03,77,24,,0.24,18.48,20.16
2022-09-04,84,24,False,0.24,20.16,24.0
2022-09-05,100,24,,0.24,24.0,19.44
2022-09-06,81,24,,0.24,19.44,15.84
2022-09-07,66,24,,0.24,15.84,15.36
2022-09-08,64,24,,0.24,15.36,15.36
2022-09-09,64,24,,0.24,15.36,17.04
2022-09-10,71,24,,0.24,17.04,13.42
2022-09-11,61,22,False,0.22,13.42,15.18
2022-09-12,69,22,,0.22,15.18,14.96
2022-09-13,68,22,,0.22,14.96,16.06
2022-09-14,73,22,,0.22,16.06,16.28
2022-09-15,74,22,,0.22,16.28,16.28
2022-09-16,74,22,,0.22,16.28,15.4
2022-09-17,70,22,,0.22,15.4,17.5
2022-09-18,70,25,False,0.25,17.5,18.75
2022-09-19,75,25,,0.25,18.75,17.25
2022-09-20,69,25,,0.25,17.25,15.5
2022-09-21,62,25,,0.25,15.5,16.75
2022-09-22,67,25,,0.25,16.75,18.25
2022-09-23,73,25,,0.25,18.25,17.5
2022-09-24,70,25,,0.25,17.5,16.79
2022-09-25,73,23,False,0.23,16.79,16.1
2022-09-26,70,23,,0.23,16.1,16.1
2022-09-27,70,23,,0.23,16.1,17.02
2022-09-28,74,23,,0.23,17.02,17.02
2022-09-29,74,23,,0.23,17.02,15.87
2022-09-30,69,23,,0.23,15.87,16.560000000000002
2022-10-01,72,23,,0.23,16.560000000000002,19.76
2022-10-02,76,26,False,0.26,19.76,21.32
2022-10-03,82,26,,0.26,21.32,21.06
2022-10-04,81,26,,0.26,21.06,20.54
2022-10-05,79,26,,0.26,20.54,22.36
2022-10-06,86,26,,0.26,22.36,23.14
2022-10-07,89,26,,0.26,23.14,23.4
2022-10-08,90,26,,0.26,23.4,25.110000000000003
2022-10-09,93,27,False,0.27,25.110000000000003,23.76
2022-10-10,88,27,,0.27,23.76,26.19
2022-10-11,97,27,,0.27,26.19,27.0
2022-10-12,100,27,,0.27,27.0,23.49
2022-10-13,87,27,,0.27,23.49,22.14
2022-10-14,82,27,,0.27,22.14,19.17
2022-10-15,71,27,,0.27,19.17,21.32
2022-10-16,82,26,False,0.26,21.32,21.84
2022-10-17,84,26,,0.26,21.84,21.32
2022-10-18,82,26,,0.26,21.32,23.66
2022-10-19,91,26,,0.26,23.66,21.58
2022-10-20,83,26,,0.26,21.58,20.8
2022-10-21,80,26,,0.26,20.8,19.5
2022-10-22,75,26,,0.26,19.5,23.1
2022-10-23,77,30,False,0.3,23.1,24.9
2022-10-24,83,30,,0.3,24.9,23.7
2022-10-25,79,30,,0.3,23.7,25.2
2022-10-26,84,30,,0.3,25.2,26.4
2022-10-27,88,30,,0.3,26.4,26.4
2022-10-28,88,30,,0.3,26.4,22.2
2022-10-29,74,30,,0.3,22.2,22.62
2022-10-30,87,26,False,0.26,22.62,20.54
2022-10-31,79,26,,0.26,20.54,3.9
2022-11-01,15,26,,0.26,3.9,3.64
2022-11-02,14,26,,0.26,3.64,4.42
2022-11-03,17,26,,0.26,4.42,4.94
2022-11-04,19,26,,0.26,4.94,4.94
2022-11-05,19,26,,0.26,4.94,6.12
2022-11-06,18,34,False,0.34,6.12,5.44
2022-11-07,16,34,,0.34,5.44,5.44
2022-11-08,16,34,,0.34,5.44,5.44
2022-11-09,16,34,,0.34,5.44,6.12
2022-11-10,18,34,,0.34,6.12,8.16
2022-11-11,24,34,,0.34,8.16,7.82
2022-11-12,23,34,,0.34,7.82,11.88
2022-11-13,27,44,False,0.44,11.88,11.0
2022-11-14,25,44,,0.44,11.0,10.12
2022-11-15,23,44,,0.44,10.12,10.56
2022-11-16,24,44,,0.44,10.56,9.24
2022-11-17,21,44,,0.44,9.24,9.24
2022-11-18,21,44,,0.44,9.24,12.32
2022-11-19,28,44,,0.44,12.32,31.68
2022-11-20,33,96,False,0.96,31.68,29.76
2022-11-21,31,96,,0.96,29.76,29.76
2022-11-22,31,96,,0.96,29.76,30.72
2022-11-23,32,96,,0.96,30.72,61.44
2022-11-24,64,96,,0.96,61.44,96.0
2022-11-25,100,96,,0.96,96.0,73.92
2022-11-26,77,96,,0.96,73.92,54.9
2022-11-27,61,90,False,0.9,54.9,78.3
2022-11-28,87,90,,0.9,78.3,58.5
2022-11-29,65,90,,0.9,58.5,33.300000000000004
2022-11-30,37,90,,0.9,33.300000000000004,89.10000000000001
2022-12-01,99,90,,0.9,89.10000000000001,74.7
2022-12-02,83,90,,0.9,74.7,81.0
2022-12-03,90,90,,0.9,81.0,48.0
2022-12-04,100,48,False,0.48,48.0,44.16
2022-12-05,92,48,,0.48,44.16,43.68
2022-12-06,91,48,,0.48,43.68,39.84
2022-12-07,83,48,,0.48,39.84,39.36
2022-12-08,82,48,,0.48,39.36,38.4
2022-12-09,80,48,,0.48,38.4,35.519999999999996
2022-12-10,74,48,,0.48,35.519999999999996,42.68
2022-12-11,97,44,False,0.44,42.68,40.04
2022-12-12,91,44,,0.44,40.04,36.96
2022-12-13,84,44,,0.44,36.96,30.8
2022-12-14,70,44,,0.44,30.8,30.8
2022-12-15,70,44,,0.44,30.8,29.92
2022-12-16,68,44,,0.44,29.92,30.8
2022-12-17,70,44,,0.44,30.8,18.9
2022-12-18,63,30,False,0.3,18.9,20.7
2022-12-19,69,30,,0.3,20.7,17.4
2022-12-20,58,30,,0.3,17.4,18.6
2022-12-21,62,30,,0.3,18.6,15.9
2022-12-22,53,30,,0.3,15.9,15.9
2022-12-23,53,30,,0.3,15.9,13.2
2022-12-24,44,30,,0.3,13.2,14.26
2022-12-25,46,31,False,0.31,14.26,18.29
2022-12-26,59,31,,0.31,18.29,18.6
2022-12-27,60,31,,0.31,18.6,19.22
2022-12-28,62,31,,0.31,19.22,17.05
2022-12-29,55,31,,0.31,17.05,16.43
2022-12-30,53,31,,0.31,16.43,14.57
2022-12-31,47,31,,0.31,14.57,21.16
2023-01-01,92,23,False,0.23,21.16,21.39
2023-01-02,93,23,,0.23,21.39,20.01
2023-01-03,87,23,,0.23,20.01,21.39
2023-01-04,93,23,,0.23,21.39,20.01
2023-01-05,87,23,,0.23,20.01,20.7
2023-01-06,90,23,,0.23,20.7,20.7
2023-01-07,90,23,,0.23,20.7,22.540000000000003
2023-01-08,98,23,False,0.23,22.540000000000003,23.0
2023-01-09,100,23,,0.23,23.0,20.93
2023-01-10,91,23,,0.23,20.93,20.93
2023-01-11,91,23,,0.23,20.93,20.93
2023-01-12,91,23,,0.23,20.93,21.16
2023-01-13,92,23,,0.23,21.16,22.77
2023-01-14,99,23,,0.23,22.77,19.55
2023-01-15,85,23,False,0.23,19.55,22.540000000000003
2023-01-16,98,23,,0.23,22.540000000000003,20.47
2023-01-17,89,23,,0.23,20.47,20.7
2023-01-18,90,23,,0.23,20.7,19.78
2023-01-19,86,23,,0.23,19.78,21.16
2023-01-20,92,23,,0.23,21.16,20.47
2023-01-21,89,23,,0.23,20.47,18.48
2023-01-22,84,22,False,0.22,18.48,20.46
2023-01-23,93,22,,0.22,20.46,18.48
2023-01-24,84,22,,0.22,18.48,18.92
2023-01-25,86,22,,0.22,18.92,18.92
2023-01-26,86,22,,0.22,18.92,20.02
2023-01-27,91,22,,0.22,20.02,21.34
2023-01-28,97,22,,0.22,21.34,20.24
2023-01-29,88,23,False,0.23,20.24,20.93
2023-01-30,91,23,,0.23,20.93,19.32
2023-01-31,84,23,,0.23,19.32,8.280000000000001
2023-02-01,36,23,,0.23,8.280000000000001,8.51
2023-02-02,37,23,,0.23,8.51,8.280000000000001
2023-02-03,36,23,,0.23,8.280000000000001,8.74
2023-02-04,38,23,,0.23,8.74,10.0
2023-02-05,40,25,False,0.25,10.0,10.0
2023-02-06,40,25,,0.25,10.0,9.25
2023-02-07,37,25,,0.25,9.25,9.0
2023-02-08,36,25,,0.25,9.0,9.0
2023-02-09,36,25,,0.25,9.0,9.5
2023-02-10,38,25,,0.25,9.5,8.75
2023-02-11,35,25,,0.25,8.75,13.94
2023-02-12,41,34,False,0.34,13.94,34.0
2023-02-13,100,34,,0.34,34.0,13.94
2023-02-14,41,34,,0.34,13.94,13.260000000000002
2023-02-15,39,34,,0.34,13.260000000000002,13.6
2023-02-16,40,34,,0.34,13.6,12.58
2023-02-17,37,34,,0.34,12.58,13.94
2023-02-18,41,34,,0.34,13.94,11.18
2023-02-19,43,26,False,0.26,11.18,11.44
2023-02-20,44,26,,0.26,11.44,10.4
2023-02-21,40,26,,0.26,10.4,10.14
2023-02-22,39,26,,0.26,10.14,9.1
2023-02-23,35,26,,0.26,9.1,9.1
2023-02-24,35,26,,0.26,9.1,10.4
2023-02-25,40,26,,0.26,10.4,8.879999999999999
2023-02-26,37,24,False,0.24,8.879999999999999,9.12
2023-02-27,38,24,,0.24,9.12,9.12
2023-02-28,38,24,,0.24,9.12,20.16
2023-03-01,84,24,,0.24,20.16,18.96
2023-03-02,79,24,,0.24,18.96,20.88
2023-03-03,87,24,,0.24,20.88,21.36
2023-03-04,89,24,,0.24,21.36,21.12
2023-03-05,96,22,False,0.22,21.12,17.6
2023-03-06,80,22,,0.22,17.6,18.7
2023-03-07,85,22,,0.22,18.7,18.7
2023-03-08,85,22,,0.22,18.7,19.36
2023-03-09,88,22,,0.22,19.36,19.14
2023-03-10,87,22,,0.22,19.14,18.7
2023-03-11,85,22,,0.22,18.7,24.0
2023-03-12,100,24,False,0.24,24.0,21.36
2023-03-13,89,24,,0.24,21.36,21.36
2023-03-14,89,24,,0.24,21.36,21.119999999999997
2023-03-15,88,24,,0.24,21.119999999999997,18.72
2023-03-16,78,24,,0.24,18.72,21.6
2023-03-17,90,24,,0.24,21.6,21.36
2023-03-18,89,24,,0.24,21.36,22.08
2023-03-19,92,24,False,0.24,22.08,21.119999999999997
2023-03-20,88,24,,0.24,21.119999999999997,19.92
2023-03-21,83,24,,0.24,19.92,19.44
2023-03-22,81,24,,0.24,19.44,18.96
2023-03-23,79,24,,0.24,18.96,21.84
2023-03-24,91,24,,0.24,21.84,23.04
2023-03-25,96,24,,0.24,23.04,23.75
2023-03-26,95,25,False,0.25,23.75,24.0
2023-03-27,96,25,,0.25,24.0,21.75
2023-03-28,87,25,,0.25,21.75,21.5
2023-03-29,86,25,,0.25,21.5,22.5
2023-03-30,90,25,,0.25,22.5,20.5
2023-03-31,82,25,,0.25,20.5,21.5
2023-04-01,86,25,,0.25,21.5,20.47
2023-04-02,89,23,False,0.23,20.47,18.630000000000003
2023-04-03,81,23,,0.23,18.630000000000003,17.25
2023-04-04,75,23,,0.23,17.25,18.17
2023-04-05,79,23,,0.23,18.17,18.86
2023-04-06,82,23,,0.23,18.86,17.25
2023-04-07,75,23,,0.23,17.25,16.79
2023-04-08,73,23,,0.23,16.79,18.4
2023-04-09,80,23,False,0.23,18.4,18.630000000000003
2023-04-10,81,23,,0.23,18.630000000000003,18.4
2023-04-11,80,23,,0.23,18.4,18.4
2023-04-12,80,23,,0.23,18.4,19.09
2023-04-13,83,23,,0.23,19.09,17.25
2023-04-14,75,23,,0.23,17.25,18.17
2023-04-15,79,23,,0.23,18.17,19.58
2023-04-16,89,22,False,0.22,19.58,16.94
2023-04-17,77,22,,0.22,16.94,16.72
2023-04-18,76,22,,0.22,16.72,16.94
2023-04-19,77,22,,0.22,16.94,17.16
2023-04-20,78,22,,0.22,17.16,16.72
2023-04-21,76,22,,0.22,16.72,17.16
2023-04-22,78,22,,0.22,17.16,21.85
2023-04-23,95,23,False,0.23,21.85,20.01
2023-04-24,87,23,,0.23,20.01,19.09
2023-04-25,83,23,,0.23,19.09,19.55
2023-04-26,85,23,,0.23,19.55,18.86
2023-04-27,82,23,,0.23,18.86,17.94
2023-04-28,78,23,,0.23,17.94,19.09
2023-04-29,83,23,,0.23,19.09,23.0
2023-04-30,100,23,False,0.23,23.0,11.04
2023-05-01,48,23,,0.23,11.04,10.81
2023-05-02,47,23,,0.23,10.81,11.04
2023-05-03,48,23,,0.23,11.04,11.73
2023-05-04,51,23,,0.23,11.73,11.73
2023-05-05,51,23,,0.23,11.73,9.66
2023-05-06,42,23,,0.23,9.66,18.87
2023-05-07,51,37,False,0.37,18.87,30.34
2023-05-08,82,37,,0.37,30.34,37.0
2023-05-09,100,37,,0.37,37.0,25.53
2023-05-10,69,37,,0.37,25.53,24.79
2023-05-11,67,37,,0.37,24.79,19.98
2023-05-12,54,37,,0.37,19.98,23.68
2023-05-13,64,37,,0.37,23.68,16.520000000000003
2023-05-14,59,28,False,0.28,16.520000000000003,20.72
2023-05-15,74,28,,0.28,20.72,16.240000000000002
2023-05-16,58,28,,0.28,16.240000000000002,15.400000000000002
2023-05-17,55,28,,0.28,15.400000000000002,14.560000000000002
2023-05-18,52,28,,0.28,14.560000000000002,12.88
2023-05-19,46,28,,0.28,12.88,13.72
2023-05-20,49,28,,0.28,13.72,13.52
2023-05-21,52,26,False,0.26,13.52,13.52
2023-05-22,52,26,,0.26,13.52,14.3
2023-05-23,55,26,,0.26,14.3,12.74
2023-05-24,49,26,,0.26,12.74,13.78
2023-05-25,53,26,,0.26,13.78,13.52
2023-05-26,52,26,,0.26,13.52,13.52
2023-05-27,52,26,,0.26,13.52,15.6
2023-05-28,60,26,False,0.26,15.6,17.42
2023-05-29,67,26,,0.26,17.42,15.86
2023-05-30,61,26,,0.26,15.86,12.48
2023-05-31,48,26,,0.26,12.48,23.92
2023-06-01,92,26,,0.26,23.92,20.54
2023-06-02,79,26,,0.26,20.54,22.1
2023-06-03,85,26,,0.26,22.1,23.52
2023-06-04,98,24,False,0.24,23.52,22.8
2023-06-05,95,24,,0.24,22.8,20.88
2023-06-06,87,24,,0.24,20.88,21.84
2023-06-07,91,24,,0.24,21.84,20.4
2023-06-08,85,24,,0.24,20.4,20.64
2023-06-09,86,24,,0.24,20.64,19.44
2023-06-10,81,24,,0.24,19.44,21.5
2023-06-11,86,25,False,0.25,21.5,25.0
2023-06-12,100,25,,0.25,25.0,23.25
2023-06-13,93,25,,0.25,23.25,22.25
2023-06-14,89,25,,0.25,22.25,22.5
2023-06-15,90,25,,0.25,22.5,22.25
2023-06-16,89,25,,0.25,22.25,19.0
2023-06-17,76,25,,0.25,19.0,18.26
2023-06-18,83,22,False,0.22,18.26,18.04
2023-06-19,82,22,,0.22,18.04,18.7
2023-06-20,85,22,,0.22,18.7,18.26
2023-06-21,83,22,,0.22,18.26,16.06
2023-06-22,73,22,,0.22,16.06,18.04
2023-06-23,82,22,,0.22,18.04,17.82
2023-06-24,81,22,,0.22,17.82,22.5
2023-06-25,90,25,False,0.25,22.5,22.75
2023-06-26,91,25,,0.25,22.75,21.25
2023-06-27,85,25,,0.25,21.25,20.0
2023-06-28,80,25,,0.25,20.0,22.5
2023-06-29,90,25,,0.25,22.5,21.25
2023-06-30,85,25,,0.25,21.25,20.0
2023-07-01,80,25,,0.25,20.0,21.36
2023-07-02,89,24,False,0.24,21.36,18.72
2023-07-03,78,24,,0.24,18.72,20.64
2023-07-04,86,24,,0.24,20.64,21.84
2023-07-05,91,24,,0.24,21.84,19.92
2023-07-06,83,24,,0.24,19.92,19.44
2023-07-07,81,24,,0.24,19.44,18.0
2023-07-08,75,24,,0.24,18.0,23.76
2023-07-09,88,27,False,0.27,23.76,25.92
2023-07-10,96,27,,0.27,25.92,27.0
2023-07-11,100,27,,0.27,27.0,26.46
2023-07-12,98,27,,0.27,26.46,26.73
2023-07-13,99,27,,0.27,26.73,22.14
2023-07-14,82,27,,0.27,22.14,21.87
2023-07-15,81,27,,0.27,21.87,21.84
2023-07-16,91,24,False,0.24,21.84,21.6
2023-07-17,90,24,,0.24,21.6,23.28
2023-07-18,97,24,,0.24,23.28,19.44
2023-07-19,81,24,,0.24,19.44,17.759999999999998
2023-07-20,74,24,,0.24,17.759999999999998,17.52
2023-07-21,73,24,,0.24,17.52,18.0
2023-07-22,75,24,,0.24,18.0,17.25
2023-07-23,75,23,False,0.23,17.25,17.94
2023-07-24,78,23,,0.23,17.94,17.94
2023-07-25,78,23,,0.23,17.94,20.47
2023-07-26,89,23,,0.23,20.47,17.94
2023-07-27,78,23,,0.23,17.94,19.09
2023-07-28,83,23,,0.23,19.09,17.48
2023-07-29,76,23,,0.23,17.48,18.96
2023-07-30,79,24,False,0.24,18.96,19.68
2023-07-31,82,24,,0.24,19.68,22.32
2023-08-01,93,24,,0.24,22.32,23.76
2023-08-02,99,24,,0.24,23.76,21.6
2023-08-03,90,24,,0.24,21.6,22.56
2023-08-04,94,24,,0.24,22.56,21.84
2023-08-05,91,24,,0.24,21.84,24.25
2023-08-06,97,25,False,0.25,24.25,21.0
2023-08-07,84,25,,0.25,21.0,22.75
2023-08-08,91,25,,0.25,22.75,20.25
2023-08-09,81,25,,0.25,20.25,22.5
2023-08-10,90,25,,0.25,22.5,22.0
2023-08-11,88,25,,0.25,22.0,19.75
2023-08-12,79,25,,0.25,19.75,22.8
2023-08-13,95,24,False,0.24,22.8,23.04
2023-08-14,96,24,,0.24,23.04,24.0
2023-08-15,100,24,,0.24,24.0,22.32
2023-08-16,93,24,,0.24,22.32,21.36
2023-08-17,89,24,,0.24,21.36,20.64
2023-08-18,86,24,,0.24,20.64,19.68
2023-08-19,82,24,,0.24,19.68,18.04
2023-08-20,82,22,False,0.22,18.04,18.26
2023-08-21,83,22,,0.22,18.26,18.26
2023-08-22,83,22,,0.22,18.26,19.36
2023-08-23,88,22,,0.22,19.36,20.24
2023-08-24,92,22,,0.22,20.24,20.46
2023-08-25,93,22,,0.22,20.46,18.04
2023-08-26,82,22,,0.22,18.04,22.31
2023-08-27,97,23,False,0.23,22.31,19.78
2023-08-28,86,23,,0.23,19.78,22.31
2023-08-29,97,23,,0.23,22.31,21.62
2023-08-30,94,23,,0.23,21.62,18.86
2023-08-31,82,23,,0.23,18.86,15.87
2023-09-01,69,23,,0.23,15.87,16.330000000000002
2023-09-02,71,23,,0.23,16.330000000000002,19.68
2023-09-03,82,24,False,0.24,19.68,24.0
2023-09-04,100,24,,0.24,24.0,18.24
2023-09-05,76,24,,0.24,18.24,15.12
2023-09-06,63,24,,0.24,15.12,14.16
2023-09-07,59,24,,0.24,14.16,13.44
2023-09-08,56,24,,0.24,13.44,11.76
2023-09-09,49,24,,0.24,11.76,13.02
2023-09-10,62,21,False,0.21,13.02,13.02
2023-09-11,62,21,,0.21,13.02,13.65
2023-09-12,65,21,,0.21,13.65,13.02
2023-09-13,62,21,,0.21,13.02,14.07
2023-09-14,67,21,,0.21,14.07,12.81
2023-09-15,61,21,,0.21,12.81,12.81
2023-09-16,61,21,,0.21,12.81,14.96
2023-09-17,68,22,False,0.22,14.96,15.18
2023-09-18,69,22,,0.22,15.18,13.86
2023-09-19,63,22,,0.22,13.86,14.52
2023-09-20,66,22,,0.22,14.52,13.2
2023-09-21,60,22,,0.22,13.2,14.96
2023-09-22,68,22,,0.22,14.96,14.74
2023-09-23,67,22,,0.22,14.74,14.96
2023-09-24,68,22,False,0.22,14.96,13.64
2023-09-25,62,22,,0.22,13.64,13.86
2023-09-26,63,22,,0.22,13.86,14.52
2023-09-27,66,22,,0.22,14.52,12.76
2023-09-28,58,22,,0.22,12.76,14.52
2023-09-29,66,22,,0.22,14.52,13.2
2023-09-30,60,22,,0.22,13.2,16.38
2023-10-01,78,21,False,0.21,16.38,16.169999999999998
2023-10-02,77,21,,0.21,16.169999999999998,16.169999999999998
2023-10-03,77,21,,0.21,16.169999999999998,15.96
2023-10-04,76,21,,0.21,15.96,15.75
2023-10-05,75,21,,0.21,15.75,16.38
2023-10-06,78,21,,0.21,16.38,16.8
2023-10-07,80,21,,0.21,16.8,20.01
2023-10-08,87,23,False,0.23,20.01,21.62
2023-10-09,94,23,,0.23,21.62,23.0
2023-10-10,100,23,,0.23,23.0,21.62
2023-10-11,94,23,,0.23,21.62,18.630000000000003
2023-10-12,81,23,,0.23,18.630000000000003,18.630000000000003
2023-10-13,81,23,,0.23,18.630000000000003,17.25
2023-10-14,75,23,,0.23,17.25,18.7
2023-10-15,85,22,False,0.22,18.7,18.48
2023-10-16,84,22,,0.22,18.48,17.6
2023-10-17,80,22,,0.22,17.6,18.26
2023-10-18,83,22,,0.22,18.26,16.94
2023-10-19,77,22,,0.22,16.94,14.3
2023-10-20,65,22,,0.22,14.3,16.94
2023-10-21,77,22,,0.22,16.94,18.04
2023-10-22,82,22,False,0.22,18.04,16.72
2023-10-23,76,22,,0.22,16.72,18.04
2023-10-24,82,22,,0.22,18.04,17.6
2023-10-25,80,22,,0.22,17.6,15.62
2023-10-26,71,22,,0.22,15.62,16.28
2023-10-27,74,22,,0.22,16.28,16.06
2023-10-28,73,22,,0.22,16.06,19.92
2023-10-29,83,24,False,0.24,19.92,22.08
2023-10-30,92,24,,0.24,22.08,20.64
2023-10-31,86,24,,0.24,20.64,3.12
2023-11-01,13,24,,0.24,3.12,3.5999999999999996
2023-11-02,15,24,,0.24,3.5999999999999996,3.5999999999999996
2023-11-03,15,24,,0.24,3.5999999999999996,3.5999999999999996
2023-11-04,15,24,,0.24,3.5999999999999996,4.64
2023-11-05,16,29,False,0.29,4.64,4.64
2023-11-06,16,29,,0.29,4.64,4.35
2023-11-07,15,29,,0.29,4.35,4.64
2023-11-08,16,29,,0.29,4.64,4.64
2023-11-09,16,29,,0.29,4.64,5.22
2023-11-10,18,29,,0.29,5.22,6.67
2023-11-11,23,29,,0.29,6.67,7.699999999999999
2023-11-12,22,35,False,0.35,7.699999999999999,6.3
2023-11-13,18,35,,0.35,6.3,6.3
2023-11-14,18,35,,0.35,6.3,6.6499999999999995
2023-11-15,19,35,,0.35,6.6499999999999995,6.3
2023-11-16,18,35,,0.35,6.3,7.699999999999999
2023-11-17,22,35,,0.35,7.699999999999999,8.399999999999999
2023-11-18,24,35,,0.35,8.399999999999999,21.12
2023-11-19,24,88,False,0.88,21.12,22.88
2023-11-20,26,88,,0.88,22.88,26.4
2023-11-21,30,88,,0.88,26.4,32.56
2023-11-22,37,88,,0.88,32.56,51.04
2023-11-23,58,88,,0.88,51.04,88.0
2023-11-24,100,88,,0.88,88.0,70.4
2023-11-25,80,88,,0.88,70.4,45.82
2023-11-26,58,79,False,0.79,45.82,64.78
2023-11-27,82,79,,0.79,64.78,53.72
2023-11-28,68,79,,0.79,53.72,26.07
2023-11-29,33,79,,0.79,26.07,22.91
2023-11-30,29,79,,0.79,22.91,79.0
2023-12-01,100,79,,0.79,79.0,70.31
2023-12-02,89,79,,0.79,70.31,41.58
2023-12-03,99,42,False,0.42,41.58,39.48
2023-12-04,94,42,,0.42,39.48,39.9
2023-12-05,95,42,,0.42,39.9,33.6
2023-12-06,80,42,,0.42,33.6,34.019999999999996
2023-12-07,81,42,,0.42,34.019999999999996,31.08
2023-12-08,74,42,,0.42,31.08,32.76
2023-12-09,78,42,,0.42,32.76,30.6
2023-12-10,85,36,False,0.36,30.6,32.76
2023-12-11,91,36,,0.36,32.76,31.32
2023-12-12,87,36,,0.36,31.32,26.28
2023-12-13,73,36,,0.36,26.28,27.36
2023-12-14,76,36,,0.36,27.36,26.28
2023-12-15,73,36,,0.36,26.28,25.2
2023-12-16,70,36,,0.36,25.2,20.44
2023-12-17,73,28,False,0.28,20.44,18.48
2023-12-18,66,28,,0.28,18.48,17.64
2023-12-19,63,28,,0.28,17.64,16.8
2023-12-20,60,28,,0.28,16.8,15.96
2023-12-21,57,28,,0.28,15.96,14.28
2023-12-22,51,28,,0.28,14.28,14.28
2023-12-23,51,28,,0.28,14.28,11.76
2023-12-24,49,24,False,0.24,11.76,10.8
2023-12-25,45,24,,0.24,10.8,14.16
2023-12-26,59,24,,0.24,14.16,14.64
2023-12-27,61,24,,0.24,14.64,12.96
2023-12-28,54,24,,0.24,12.96,12.96
2023-12-29,54,24,,0.24,12.96,12.24
2023-12-30,51,24,,0.24,12.24,11.04
2023-12-31,48,23,False,0.23,11.04,21.16
2024-01-01,92,23,,0.23,21.16,18.86
2024-01-02,82,23,,0.23,18.86,23.0
2024-01-03,100,23,,0.23,23.0,20.01
2024-01-04,87,23,,0.23,20.01,19.55
2024-01-05,85,23,,0.23,19.55,17.25
2024-01-06,75,23,,0.23,17.25,20.24
2024-01-07,88,23,False,0.23,20.24,18.86
2024-01-08,82,23,,0.23,18.86,17.71
2024-01-09,77,23,,0.23,17.71,20.24
2024-01-10,88,23,,0.23,20.24,19.32
2024-01-11,84,23,,0.23,19.32,17.94
2024-01-12,78,23,,0.23,17.94,17.25
2024-01-13,75,23,,0.23,17.25,20.24
2024-01-14,92,22,False,0.22,20.24,17.82
2024-01-15,81,22,,0.22,17.82,17.38
2024-01-16,79,22,,0.22,17.38,16.94
2024-01-17,77,22,,0.22,16.94,17.82
2024-01-18,81,22,,0.22,17.82,17.82
2024-01-19,81,22,,0.22,17.82,16.72
2024-01-20,76,22,,0.22,16.72,19.11
2024-01-21,91,21,False,0.21,19.11,18.69
2024-01-22,89,21,,0.21,18.69,17.009999999999998
2024-01-23,81,21,,0.21,17.009999999999998,14.7
2024-01-24,70,21,,0.21,14.7,17.009999999999998
2024-01-25,81,21,,0.21,17.009999999999998,16.59
2024-01-26,79,21,,0.21,16.59,15.96
2024-01-27,76,21,,0.21,15.96,17.16
2024-01-28,78,22,False,0.22,17.16,18.7
2024-01-29,85,22,,0.22,18.7,17.16
2024-01-30,78,22,,0.22,17.16,16.94
2024-01-31,77,22,,0.22,16.94,13.86
2024-02-01,63,22,,0.22,13.86,13.42
2024-02-02,61,22,,0.22,13.42,14.3
2024-02-03,65,22,,0.22,14.3,12.4
2024-02-04,62,20,False,0.2,12.4,13.2
2024-02-05,66,20,,0.2,13.2,11.4
2024-02-06,57,20,,0.2,11.4,14.2
2024-02-07,71,20,,0.2,14.2,13.0
2024-02-08,65,20,,0.2,13.0,13.2
2024-02-09,66,20,,0.2,13.2,12.2
2024-02-10,61,20,,0.2,12.2,15.87
2024-02-11,69,23,False,0.23,15.87,16.1
2024-02-12,70,23,,0.23,16.1,17.25
2024-02-13,75,23,,0.23,17.25,15.41
2024-02-14,67,23,,0.23,15.41,17.94
2024-02-15,78,23,,0.23,17.94,17.94
2024-02-16,78,23,,0.23,17.94,18.630000000000003
2024-02-17,81,23,,0.23,18.630000000000003,22.0
2024-02-18,88,25,False,0.25,22.0,25.0
2024-02-19,100,25,,0.25,25.0,22.5
2024-02-20,90,25,,0.25,22.5,17.5
2024-02-21,70,25,,0.25,17.5,17.75
2024-02-22,71,25,,0.25,17.75,17.5
2024-02-23,70,25,,0.25,17.5,18.5
2024-02-24,74,25,,0.25,18.5,15.4
2024-02-25,70,22,False,0.22,15.4,16.5
2024-02-26,75,22,,0.22,16.5,16.94
2024-02-27,77,22,,0.22,16.94,14.52
2024-02-28,66,22,,0.22,14.52,16.28
2024-02-29,74,22,,0.22,16.28,16.06
2024-03-01,73,22,,0.22,16.06,17.16
2024-03-02,78,22,,0.22,17.16,19.32
2024-03-03,84,23,False,0.23,19.32,17.94
2024-03-04,78,23,,0.23,17.94,19.09
2024-03-05,83,23,,0.23,19.09,17.94
2024-03-06,78,23,,0.23,17.94,17.71
2024-03-07,77,23,,0.23,17.71,17.25
2024-03-08,75,23,,0.23,17.25,19.09
2024-03-09,83,23,,0.23,19.09,20.93
2024-03-10,91,23,False,0.23,20.93,16.1
2024-03-11,70,23,,0.23,16.1,17.25
2024-03-12,75,23,,0.23,17.25,18.17
2024-03-13,79,23,,0.23,18.17,17.94
2024-03-14,78,23,,0.23,17.94,18.17
2024-03-15,79,23,,0.23,18.17,17.25
2024-03-16,75,23,,0.23,17.25,25.0
2024-03-17,100,25,False,0.25,25.0,22.75
2024-03-18,91,25,,0.25,22.75,20.5
2024-03-19,82,25,,0.25,20.5,20.75
2024-03-20,83,25,,0.25,20.75,19.5
2024-03-21,78,25,,0.25,19.5,19.75
2024-03-22,79,25,,0.25,19.75,18.5
2024-03-23,74,25,,0.25,18.5,19.14
2024-03-24,87,22,False,0.22,19.14,16.5
2024-03-25,75,22,,0.22,16.5,16.72
2024-03-26,76,22,,0.22,16.72,15.84
2024-03-27,72,22,,0.22,15.84,16.72
2024-03-28,76,22,,0.22,16.72,16.06
2024-03-29,73,22,,0.22,16.06,17.38
2024-03-30,79,22,,0.22,17.38,17.94
2024-03-31,78,23,False,0.23,17.94,22.77
2024-04-01,99,23,,0.23,22.77,21.16
2024-04-02,92,23,,0.23,21.16,21.39
2024-04-03,93,23,,0.23,21.39,19.55
2024-04-04,85,23,,0.23,19.55,22.08
2024-04-05,96,23,,0.23,22.08,22.31
2024-04-06,97,23,,0.23,22.31,20.46
2024-04-07,93,22,False,0.22,20.46,16.5
2024-04-08,75,22,,0.22,16.5,19.58
2024-04-09,89,22,,0.22,19.58,18.92
2024-04-10,86,22,,0.22,18.92,22.0
2024-04-11,100,22,,0.22,22.0,19.8
2024-04-12,90,22,,0.22,19.8,20.68
2024-04-13,94,22,,0.22,20.68,19.53
2024-04-14,93,21,False,0.21,19.53,20.16
2024-04-15,96,21,,0.21,20.16,20.37
2024-04-16,97,21,,0.21,20.37,17.009999999999998
2024-04-17,81,21,,0.21,17.009999999999998,15.12
2024-04-18,72,21,,0.21,15.12,16.8
2024-04-19,80,21,,0.21,16.8,18.48
2024-04-20,88,21,,0.21,18.48,19.32
2024-04-21,92,21,False,0.21,19.32,19.11
2024-04-22,91,21,,0.21,19.11,18.69
2024-04-23,89,21,,0.21,18.69,17.43
2024-04-24,83,21,,0.21,17.43,18.48
2024-04-25,88,21,,0.21,18.48,17.64
2024-04-26,84,21,,0.21,17.64,18.9
2024-04-27,90,21,,0.21,18.9,21.36
2024-04-28,89,24,False,0.24,21.36,22.8
2024-04-29,95,24,,0.24,22.8,22.8
2024-04-30,95,24,,0.24,22.8,10.08
2024-05-01,42,24,,0.24,10.08,9.84
2024-05-02,41,24,,0.24,9.84,9.36
2024-05-03,39,24,,0.24,9.36,9.12
2024-05-04,38,24,,0.24,9.12,14.7
2024-05-05,42,35,False,0.35,14.7,19.6
2024-05-06,56,35,,0.35,19.6,35.0
2024-05-07,100,35,,0.35,35.0,21.0
2024-05-08,60,35,,0.35,21.0,16.099999999999998
2024-05-09,46,35,,0.35,16.099999999999998,15.4
2024-05-10,44,35,,0.35,15.4,15.4
2024-05-11,44,35,,0.35,15.4,13.5
2024-05-12,50,27,False,0.27,13.5,14.31
2024-05-13,53,27,,0.27,14.31,12.96
2024-05-14,48,27,,0.27,12.96,12.69
2024-05-15,47,27,,0.27,12.69,9.99
2024-05-16,37,27,,0.27,9.99,9.45
2024-05-17,35,27,,0.27,9.45,9.99
2024-05-18,37,27,,0.27,9.99,11.07
2024-05-19,41,27,False,0.27,11.07,10.53
2024-05-20,39,27,,0.27,10.53,11.88
2024-05-21,44,27,,0.27,11.88,11.61
2024-05-22,43,27,,0.27,11.61,10.8
2024-05-23,40,27,,0.27,10.8,12.15
2024-05-24,45,27,,0.27,12.15,13.23
2024-05-25,49,27,,0.27,13.23,13.0
2024-05-26,50,26,False,0.26,13.0,14.3
2024-05-27,55,26,,0.26,14.3,11.96
2024-05-28,46,26,,0.26,11.96,9.1
2024-05-29,35,26,,0.26,9.1,9.62
2024-05-30,37,26,,0.26,9.62,8.84
2024-05-31,34,26,,0.26,8.84,23.14
2024-06-01,89,26,,0.26,23.14,22.31
2024-06-02,97,23,False,0.23,22.31,21.85
2024-06-03,95,23,,0.23,21.85,22.08
2024-06-04,96,23,,0.23,22.08,22.08
2024-06-05,96,23,,0.23,22.08,21.16
2024-06-06,92,23,,0.23,21.16,20.24
2024-06-07,88,23,,0.23,20.24,22.540000000000003
2024-06-08,98,23,,0.23,22.540000000000003,24.0
2024-06-09,100,24,False,0.24,24.0,23.76
2024-06-10,99,24,,0.24,23.76,24.0
2024-06-11,100,24,,0.24,24.0,22.32
2024-06-12,93,24,,0.24,22.32,23.04
2024-06-13,96,24,,0.24,23.04,19.92
2024-06-14,83,24,,0.24,19.92,21.36
2024-06-15,89,24,,0.24,21.36,20.93
2024-06-16,91,23,False,0.23,20.93,21.16
2024-06-17,92,23,,0.23,21.16,21.39
2024-06-18,93,23,,0.23,21.39,20.7
2024-06-19,90,23,,0.23,20.7,18.4
2024-06-20,80,23,,0.23,18.4,21.85
2024-06-21,95,23,,0.23,21.85,20.24
2024-06-22,88,23,,0.23,20.24,22.31
2024-06-23,97,23,False,0.23,22.31,20.7
2024-06-24,90,23,,0.23,20.7,22.08
2024-06-25,96,23,,0.23,22.08,20.01
2024-06-26,87,23,,0.23,20.01,20.24
2024-06-27,88,23,,0.23,20.24,19.55
2024-06-28,85,23,,0.23,19.55,21.62
2024-06-29,94,23,,0.23,21.62,25.0
2024-06-30,100,25,False,0.25,25.0,18.0
2024-07-01,72,25,,0.25,18.0,20.25
2024-07-02,81,25,,0.25,20.25,19.5
2024-07-03,78,25,,0.25,19.5,19.5
2024-07-04,78,25,,0.25,19.5,19.5
2024-07-05,78,25,,0.25,19.5,18.5
2024-07-06,74,25,,0.25,18.5,18.86
2024-07-07,82,23,False,0.23,18.86,17.02
2024-07-08,74,23,,0.23,17.02,16.79
2024-07-09,73,23,,0.23,16.79,19.09
2024-07-10,83,23,,0.23,19.09,16.79
2024-07-11,73,23,,0.23,16.79,17.94
2024-07-12,78,23,,0.23,17.94,16.330000000000002
2024-07-13,71,23,,0.23,16.330000000000002,14.88
2024-07-14,62,24,False,0.24,14.88,20.88
2024-07-15,87,24,,0.24,20.88,24.0
2024-07-16,100,24,,0.24,24.0,23.04
2024-07-17,96,24,,0.24,23.04,19.68
2024-07-18,82,24,,0.24,19.68,16.8
2024-07-19,70,24,,0.24,16.8,19.2
2024-07-20,80,24,,0.24,19.2,17.48
2024-07-21,76,23,False,0.23,17.48,15.64
2024-07-22,68,23,,0.23,15.64,16.79
2024-07-23,73,23,,0.23,16.79,17.48
2024-07-24,76,23,,0.23,17.48,17.02
2024-07-25,74,23,,0.23,17.02,15.18
2024-07-26,66,23,,0.23,15.18,14.95
2024-07-27,65,23,,0.23,14.95,16.79
2024-07-28,73,23,False,0.23,16.79,17.02
2024-07-29,74,23,,0.23,17.02,18.86
2024-07-30,82,23,,0.23,18.86,16.330000000000002
2024-07-31,71,23,,0.23,16.330000000000002,18.4
2024-08-01,80,23,,0.23,18.4,18.17
2024-08-02,79,23,,0.23,18.17,16.330000000000002
2024-08-03,71,23,,0.23,16.330000000000002,20.5
2024-08-04,82,25,False,0.25,20.5,20.5
2024-08-05,82,25,,0.25,20.5,21.5
2024-08-06,86,25,,0.25,21.5,19.0
2024-08-07,76,25,,0.25,19.0,20.25
2024-08-08,81,25,,0.25,20.25,22.75
2024-08-09,91,25,,0.25,22.75,22.0
2024-08-10,88,25,,0.25,22.0,23.25
2024-08-11,93,25,False,0.25,23.25,25.0
2024-08-12,100,25,,0.25,25.0,23.75
2024-08-13,95,25,,0.25,23.75,22.75
2024-08-14,91,25,,0.25,22.75,24.0
2024-08-15,96,25,,0.25,24.0,21.25
2024-08-16,85,25,,0.25,21.25,20.25
2024-08-17,81,25,,0.25,20.25,18.72
2024-08-18,78,24,False,0.24,18.72,20.16
2024-08-19,84,24,,0.24,20.16,20.4
2024-08-20,85,24,,0.24,20.4,18.72
2024-08-21,78,24,,0.24,18.72,21.36
2024-08-22,89,24,,0.24,21.36,19.44
2024-08-23,81,24,,0.24,19.44,21.119999999999997
2024-08-24,88,24,,0.24,21.119999999999997,22.8
2024-08-25,95,24,False,0.24,22.8,20.88
2024-08-26,87,24,,0.24,20.88,21.119999999999997
2024-08-27,88,24,,0.24,21.119999999999997,20.16
2024-08-28,84,24,,0.24,20.16,21.119999999999997
2024-08-29,88,24,,0.24,21.119999999999997,22.08
2024-08-30,92,24,,0.24,22.08,22.32
2024-08-31,93,24,,0.24,22.32,20.75
2024-09-01,83,25,False,0.25,20.75,25.0
2024-09-02,100,25,,0.25,25.0,19.75
2024-09-03,79,25,,0.25,19.75,17.0
2024-09-04,68,25,,0.25,17.0,13.75
2024-09-05,55,25,,0.25,13.75,15.5
2024-09-06,62,25,,0.25,15.5,15.25
2024-09-07,61,25,,0.25,15.25,15.25
2024-09-08,61,25,False,0.25,15.25,13.5
2024-09-09,54,25,,0.25,13.5,14.25
2024-09-10,57,25,,0.25,14.25,13.5
2024-09-11,54,25,,0.25,13.5,15.5
2024-09-12,62,25,,0.25,15.5,16.0
2024-09-13,64,25,,0.25,16.0,16.5
2024-09-14,66,25,,0.25,16.5,13.23
2024-09-15,63,21,False,0.21,13.23,14.07
2024-09-16,67,21,,0.21,14.07,14.49
2024-09-17,69,21,,0.21,14.49,13.44
2024-09-18,64,21,,0.21,13.44,12.39
2024-09-19,59,21,,0.21,12.39,12.81
2024-09-20,61,21,,0.21,12.81,12.81
2024-09-21,61,21,,0.21,12.81,14.28
2024-09-22,68,21,False,0.21,14.28,13.65
2024-09-23,65,21,,0.21,13.65,12.81
2024-09-24,61,21,,0.21,12.81,12.6
2024-09-25,60,21,,0.21,12.6,11.76
2024-09-26,56,21,,0.21,11.76,11.34
2024-09-27,54,21,,0.21,11.34,11.76
2024-09-28,56,21,,0.21,11.76,13.0
2024-09-29,65,20,False,0.2,13.0,10.8
2024-09-30,54,20,,0.2,10.8,13.2
2024-10-01,66,20,,0.2,13.2,14.6
2024-10-02,73,20,,0.2,14.6,15.2
2024-10-03,76,20,,0.2,15.2,16.0
2024-10-04,80,20,,0.2,16.0,14.4
2024-10-05,72,20,,0.2,14.4,18.96
2024-10-06,79,24,False,0.24,18.96,23.52
2024-10-07,98,24,,0.24,23.52,22.08
2024-10-08,92,24,,0.24,22.08,24.0
2024-10-09,100,24,,0.24,24.0,21.84
2024-10-10,91,24,,0.24,21.84,18.24
2024-10-11,76,24,,0.24,18.24,17.04
2024-10-12,71,24,,0.24,17.04,15.8
2024-10-13,79,20,False,0.2,15.8,16.2
2024-10-14,81,20,,0.2,16.2,16.400000000000002
2024-10-15,82,20,,0.2,16.400000000000002,15.0
2024-10-16,75,20,,0.2,15.0,14.0
2024-10-17,70,20,,0.2,14.0,12.8
2024-10-18,64,20,,0.2,12.8,13.4
2024-10-19,67,20,,0.2,13.4,15.96
2024-10-20,76,21,False,0.21,15.96,15.54
2024-10-21,74,21,,0.21,15.54,15.54
2024-10-22,74,21,,0.21,15.54,16.38
2024-10-23,78,21,,0.21,16.38,14.49
2024-10-24,69,21,,0.21,14.49,16.169999999999998
2024-10-25,77,21,,0.21,16.169999999999998,15.75
2024-10-26,75,21,,0.21,15.75,16.6
2024-10-27,83,20,False,0.2,16.6,14.6
2024-10-28,73,20,,0.2,14.6,15.8
2024-10-29,79,20,,0.2,15.8,14.0
2024-10-30,70,20,,0.2,14.0,14.4
2024-10-31,72,20,,0.2,14.4,2.6
2024-11-01,13,20,,0.2,2.6,2.8000000000000003
2024-11-02,14,20,,0.2,2.8000000000000003,3.36
2024-11-03,14,24,False,0.24,3.36,3.12
2024-11-04,13,24,,0.24,3.12,3.36
2024-11-05,14,24,,0.24,3.36,2.4
2024-11-06,10,24,,0.24,2.4,3.5999999999999996
2024-11-07,15,24,,0.24,3.5999999999999996,3.5999999999999996
2024-11-08,15,24,,0.24,3.5999999999999996,4.32
2024-11-09,18,24,,0.24,4.32,5.89
2024-11-10,19,31,False,0.31,5.89,6.82
2024-11-11,22,31,,0.31,6.82,6.82
2024-11-12,22,31,,0.31,6.82,5.89
2024-11-13,19,31,,0.31,5.89,6.2
2024-11-14,20,31,,0.31,6.2,5.89
2024-11-15,19,31,,0.31,5.89,5.58
2024-11-16,18,31,,0.31,5.58,9.2
2024-11-17,23,40,False,0.4,9.2,8.4
2024-11-18,21,40,,0.4,8.4,8.4
2024-11-19,21,40,,0.4,8.4,8.8
2024-11-20,22,40,,0.4,8.8,9.6
2024-11-21,24,40,,0.4,9.6,10.4
2024-11-22,26,40,,0.4,10.4,11.2
2024-11-23,28,40,,0.4,11.2,26.35
2024-11-24,31,85,False,0.85,26.35,27.2
2024-11-25,32,85,,0.85,27.2,29.75
2024-11-26,35,85,,0.85,29.75,30.6
2024-11-27,36,85,,0.85,30.6,43.35
2024-11-28,51,85,,0.85,43.35,85.0
2024-11-29,100,85,,0.85,85.0,65.45
2024-11-30,77,85,,0.85,65.45,50.32
2024-12-01,74,68,False,0.68,50.32,68.0
2024-12-02,100,68,,0.68,68.0,57.8
2024-12-03,85,68,,0.68,57.8,28.56
2024-12-04,42,68,,0.68,28.56,21.08
2024-12-05,31,68,,0.68,21.08,21.08
2024-12-06,31,68,,0.68,21.08,23.8
2024-12-07,35,68,,0.68,23.8,11.22
2024-12-08,34,33,False,0.33,11.22,10.89
2024-12-09,33,33,,0.33,10.89,10.56
2024-12-10,32,33,,0.33,10.56,9.57
2024-12-11,29,33,,0.33,9.57,9.9
2024-12-12,30,33,,0.33,9.9,9.57
2024-12-13,29,33,,0.33,9.57,9.9
2024-12-14,30,33,,0.33,9.9,8.4
2024-12-15,30,28,False,0.28,8.4,8.120000000000001
2024-12-16,29,28,,0.28,8.120000000000001,7.56
2024-12-17,27,28,,0.28,7.56,7.000000000000001
2024-12-18,25,28,,0.28,7.000000000000001,7.000000000000001
2024-12-19,25,28,,0.28,7.000000000000001,5.6000000000000005
2024-12-20,20,28,,0.28,5.6000000000000005,6.16
2024-12-21,22,28,,0.28,6.16,5.04
2024-12-22,21,24,False,0.24,5.04,5.279999999999999
2024-12-23,22,24,,0.24,5.279999999999999,4.56
2024-12-24,19,24,,0.24,4.56,3.84
2024-12-25,16,24,,0.24,3.84,6.24
2024-12-26,26,24,,0.24,6.24,5.76
2024-12-27,24,24,,0.24,5.76,4.56
2024-12-28,19,24,,0.24,4.56,4.83
2024-12-29,21,23,False,0.23,4.83,4.83
2024-12-30,21,23,,0.23,4.83,4.6000000000000005
2024-12-31,20,23,,0.23,4.6000000000000005,19.78
2025-01-01,86,23,,0.23,19.78,22.31
2025-01-02,97,23,,0.23,22.31,22.540000000000003
2025-01-03,98,23,,0.23,22.540000000000003,19.55
2025-01-04,85,23,,0.23,19.55,21.0
2025-01-05,100,21,False,0.21,21.0,20.16
2025-01-06,96,21,,0.21,20.16,17.849999999999998
2025-01-07,85,21,,0.21,17.849999999999998,17.22
2025-01-08,82,21,,0.21,17.22,17.64
2025-01-09,84,21,,0.21,17.64,17.64
2025-01-10,84,21,,0.21,17.64,18.48
2025-01-11,88,21,,0.21,18.48,18.2
2025-01-12,91,20,False,0.2,18.2,17.400000000000002
2025-01-13,87,20,,0.2,17.400000000000002,16.6
2025-01-14,83,20,,0.2,16.6,17.8
2025-01-15,89,20,,0.2,17.8,16.0
2025-01-16,80,20,,0.2,16.0,17.0
2025-01-17,85,20,,0.2,17.0,16.8
2025-01-18,84,20,,0.2,16.8,18.0
2025-01-19,90,20,False,0.2,18.0,19.6
2025-01-20,98,20,,0.2,19.6,18.2
2025-01-21,91,20,,0.2,18.2,15.4
2025-01-22,77,20,,0.2,15.4,17.0
2025-01-23,85,20,,0.2,17.0,15.4
2025-01-24,77,20,,0.2,15.4,14.8
2025-01-25,74,20,,0.2,14.8,17.1
2025-01-26,90,19,False,0.19,17.1,15.2
2025-01-27,80,19,,0.19,15.2,14.25
2025-01-28,75,19,,0.19,14.25,14.44
2025-01-29,76,19,,0.19,14.44,14.25
2025-01-30,75,19,,0.19,14.25,15.01
2025-01-31,79,19,,0.19,15.01,12.35
2025-02-01,65,19,,0.19,12.35,13.11
2025-02-02,69,19,False,0.19,13.11,12.73
2025-02-03,67,19,,0.19,12.73,12.92
2025-02-04,68,19,,0.19,12.92,12.73
2025-02-05,67,19,,0.19,12.73,14.25
2025-02-06,75,19,,0.19,14.25,13.49
2025-02-07,71,19,,0.19,13.49,12.35
2025-02-08,65,19,,0.19,12.35,14.4
2025-02-09,72,20,False,0.2,14.4,14.0
2025-02-10,70,20,,0.2,14.0,15.2
2025-02-11,76,20,,0.2,15.2,13.0
2025-02-12,65,20,,0.2,13.0,14.0
2025-02-13,70,20,,0.2,14.0,15.2
2025-02-14,76,20,,0.2,15.2,20.0
2025-02-15,100,20,,0.2,20.0,21.34
2025-02-16,97,22,False,0.22,21.34,20.02
2025-02-17,91,22,,0.22,20.02,19.8
2025-02-18,90,22,,0.22,19.8,17.16
2025-02-19,78,22,,0.22,17.16,15.84
2025-02-20,72,22,,0.22,15.84,15.84
2025-02-21,72,22,,0.22,15.84,16.06
2025-02-22,73,22,,0.22,16.06,18.2
2025-02-23,91,20,False,0.2,18.2,16.2
2025-02-24,81,20,,0.2,16.2,14.8
2025-02-25,74,20,,0.2,14.8,15.2
2025-02-26,76,20,,0.2,15.2,13.4
2025-02-27,67,20,,0.2,13.4,14.0
2025-02-28,70,20,,0.2,14.0,16.2
2025-03-01,81,20,,0.2,16.2,17.0
2025-03-02,85,20,False,0.2,17.0,14.4
2025-03-03,72,20,,0.2,14.4,13.8
2025-03-04,69,20,,0.2,13.8,15.0
2025-03-05,75,20,,0.2,15.0,14.4
2025-03-06,72,20,,0.2,14.4,14.6
2025-03-07,73,20,,0.2,14.6,16.2
2025-03-08,81,20,,0.2,16.2,18.2
2025-03-09,91,20,False,0.2,18.2,14.2
2025-03-10,71,20,,0.2,14.2,14.6
2025-03-11,73,20,,0.2,14.6,14.8
2025-03-12,74,20,,0.2,14.8,14.4
2025-03-13,72,20,,0.2,14.4,13.4
2025-03-14,67,20,,0.2,13.4,13.6
2025-03-15,68,20,,0.2,13.6,22.0
2025-03-16,100,22,False,0.22,22.0,17.16
2025-03-17,78,22,,0.22,17.16,18.48
2025-03-18,84,22,,0.22,18.48,18.04
2025-03-19,82,22,,0.22,18.04,17.16
2025-03-20,78,22,,0.22,17.16,16.06
2025-03-21,73,22,,0.22,16.06,15.18
2025-03-22,69,22,,0.22,15.18,16.6
2025-03-23,83,20,False,0.2,16.6,16.8
2025-03-24,84,20,,0.2,16.8,13.8
2025-03-25,69,20,,0.2,13.8,13.8
2025-03-26,69,20,,0.2,13.8,14.2
2025-03-27,71,20,,0.2,14.2,15.8
2025-03-28,79,20,,0.2,15.8,13.2
2025-03-29,66,20,,0.2,13.2,16.0
2025-03-30,80,20,False,0.2,16.0,14.8
2025-03-31,74,20,,0.2,14.8,18.0
2025-04-01,90,20,,0.2,18.0,17.6
2025-04-02,88,20,,0.2,17.6,17.0
2025-04-03,85,20,,0.2,17.0,17.2
2025-04-04,86,20,,0.2,17.2,16.6
2025-04-05,83,20,,0.2,16.6,19.11
2025-04-06,91,21,False,0.21,19.11,18.9
2025-04-07,90,21,,0.21,18.9,20.37
2025-04-08,97,21,,0.21,20.37,15.96
2025-04-09,76,21,,0.21,15.96,15.96
2025-04-10,76,21,,0.21,15.96,18.06
2025-04-11,86,21,,0.21,18.06,18.69
2025-04-12,89,21,,0.21,18.69,15.8
2025-04-13,79,20,False,0.2,15.8,
