Date,United Airlines_unscaled,United Airlines_monthly,isPartial,scale,United Airlines,UnitedAirlines_adjusted
2020-12-22,97,32,,0.32,31.04,29.76
2020-12-23,93,32,,0.32,29.76,24.0
2020-12-24,75,32,,0.32,24.0,19.84
2020-12-25,62,32,,0.32,19.84,25.28
2020-12-26,79,32,,0.32,25.28,23.7
2020-12-27,79,30,False,0.3,23.7,27.3
2020-12-28,91,30,,0.3,27.3,28.5
2020-12-29,95,30,,0.3,28.5,24.9
2020-12-30,83,30,,0.3,24.9,22.8
2020-12-31,76,30,,0.3,22.8,21.3
2021-01-01,71,30,,0.3,21.3,26.4
2021-01-02,88,30,,0.3,26.4,27.6
2021-01-03,92,30,False,0.3,27.6,28.2
2021-01-04,94,30,,0.3,28.2,29.1
2021-01-05,97,30,,0.3,29.1,25.5
2021-01-06,85,30,,0.3,25.5,27.3
2021-01-07,91,30,,0.3,27.3,26.1
2021-01-08,87,30,,0.3,26.1,21.9
2021-01-09,73,30,,0.3,21.9,23.78
2021-01-10,82,29,False,0.29,23.78,23.78
2021-01-11,82,29,,0.29,23.78,25.52
2021-01-12,88,29,,0.29,25.52,26.68
2021-01-13,92,29,,0.29,26.68,25.52
2021-01-14,88,29,,0.29,25.52,25.229999999999997
2021-01-15,87,29,,0.29,25.229999999999997,21.459999999999997
2021-01-16,74,29,,0.29,21.459999999999997,20.25
2021-01-17,75,27,False,0.27,20.25,21.87
2021-01-18,81,27,,0.27,21.87,22.950000000000003
2021-01-19,85,27,,0.27,22.950000000000003,21.6
2021-01-20,80,27,,0.27,21.6,24.3
2021-01-21,90,27,,0.27,24.3,22.950000000000003
2021-01-22,85,27,,0.27,22.950000000000003,19.98
2021-01-23,74,27,,0.27,19.98,24.49
2021-01-24,79,31,False,0.31,24.49,27.28
2021-01-25,88,31,,0.31,27.28,30.38
2021-01-26,98,31,,0.31,30.38,31.0
2021-01-27,100,31,,0.31,31.0,29.76
2021-01-28,96,31,,0.31,29.76,27.59
2021-01-29,89,31,,0.31,27.59,28.52
2021-01-30,92,31,,0.31,28.52,30.03
2021-01-31,91,33,False,0.33,30.03,15.84
2021-02-01,48,33,,0.33,15.84,16.830000000000002
2021-02-02,51,33,,0.33,16.830000000000002,16.830000000000002
2021-02-03,51,33,,0.33,16.830000000000002,16.17
2021-02-04,49,33,,0.33,16.17,15.18
2021-02-05,46,33,,0.33,15.18,13.86
2021-02-06,42,33,,0.33,13.86,14.19
2021-02-07,43,33,False,0.33,14.19,15.18
2021-02-08,46,33,,0.33,15.18,16.5
2021-02-09,50,33,,0.33,16.5,16.830000000000002
2021-02-10,51,33,,0.33,16.830000000000002,16.17
2021-02-11,49,33,,0.33,16.17,16.17
2021-02-12,49,33,,0.33,16.17,16.830000000000002
2021-02-13,51,33,,0.33,16.830000000000002,21.73
2021-02-14,53,41,False,0.41,21.73,25.42
2021-02-15,62,41,,0.41,25.42,25.83
2021-02-16,63,41,,0.41,25.83,24.19
2021-02-17,59,41,,0.41,24.19,25.01
2021-02-18,61,41,,0.41,25.01,22.549999999999997
2021-02-19,55,41,,0.41,22.549999999999997,29.52
2021-02-20,72,41,,0.41,29.52,47.0
2021-02-21,100,47,False,0.47,47.0,37.129999999999995
2021-02-22,79,47,,0.47,37.129999999999995,30.549999999999997
2021-02-23,65,47,,0.47,30.549999999999997,28.2
2021-02-24,60,47,,0.47,28.2,28.67
2021-02-25,61,47,,0.47,28.67,26.79
2021-02-26,57,47,,0.47,26.79,24.44
2021-02-27,52,47,,0.47,24.44,22.549999999999997
2021-02-28,55,41,False,0.41,22.549999999999997,34.03
2021-03-01,83,41,,0.41,34.03,34.03
2021-03-02,83,41,,0.41,34.03,35.26
2021-03-03,86,41,,0.41,35.26,36.08
2021-03-04,88,41,,0.41,36.08,33.62
2021-03-05,82,41,,0.41,33.62,33.62
2021-03-06,82,41,,0.41,33.62,37.8
2021-03-07,84,45,False,0.45,37.8,38.25
2021-03-08,85,45,,0.45,38.25,44.55
2021-03-09,99,45,,0.45,44.55,45.0
2021-03-10,100,45,,0.45,45.0,39.15
2021-03-11,87,45,,0.45,39.15,38.25
2021-03-12,85,45,,0.45,38.25,37.35
2021-03-13,83,45,,0.45,37.35,37.8
2021-03-14,90,42,False,0.42,37.8,38.64
2021-03-15,92,42,,0.42,38.64,37.8
2021-03-16,90,42,,0.42,37.8,38.64
2021-03-17,92,42,,0.42,38.64,37.379999999999995
2021-03-18,89,42,,0.42,37.379999999999995,36.12
2021-03-19,86,42,,0.42,36.12,32.339999999999996
2021-03-20,77,42,,0.42,32.339999999999996,33.21
2021-03-21,81,41,False,0.41,33.21,34.85
2021-03-22,85,41,,0.41,34.85,35.669999999999995
2021-03-23,87,41,,0.41,35.669999999999995,35.669999999999995
2021-03-24,87,41,,0.41,35.669999999999995,35.669999999999995
2021-03-25,87,41,,0.41,35.669999999999995,31.979999999999997
2021-03-26,78,41,,0.41,31.979999999999997,31.159999999999997
2021-03-27,76,41,,0.41,31.159999999999997,34.44
2021-03-28,82,42,False,0.42,34.44,33.6
2021-03-29,80,42,,0.42,33.6,34.86
2021-03-30,83,42,,0.42,34.86,36.12
2021-03-31,86,42,,0.42,36.12,35.28
2021-04-01,84,42,,0.42,35.28,33.6
2021-04-02,80,42,,0.42,33.6,28.14
2021-04-03,67,42,,0.42,28.14,27.3
2021-04-04,65,42,False,0.42,27.3,34.86
2021-04-05,83,42,,0.42,34.86,38.64
2021-04-06,92,42,,0.42,38.64,38.22
2021-04-07,91,42,,0.42,38.22,35.28
2021-04-08,84,42,,0.42,35.28,30.66
2021-04-09,73,42,,0.42,30.66,28.14
2021-04-10,67,42,,0.42,28.14,31.92
2021-04-11,76,42,False,0.42,31.92,42.0
2021-04-12,100,42,,0.42,42.0,31.08
2021-04-13,74,42,,0.42,31.08,31.08
2021-04-14,74,42,,0.42,31.08,31.5
2021-04-15,75,42,,0.42,31.5,30.24
2021-04-16,72,42,,0.42,30.24,27.72
2021-04-17,66,42,,0.42,27.72,30.24
2021-04-18,72,42,False,0.42,30.24,32.339999999999996
2021-04-19,77,42,,0.42,32.339999999999996,34.019999999999996
2021-04-20,81,42,,0.42,34.019999999999996,32.339999999999996
2021-04-21,77,42,,0.42,32.339999999999996,33.6
2021-04-22,80,42,,0.42,33.6,32.339999999999996
2021-04-23,77,42,,0.42,32.339999999999996,29.82
2021-04-24,71,42,,0.42,29.82,31.08
2021-04-25,74,42,False,0.42,31.08,32.339999999999996
2021-04-26,77,42,,0.42,32.339999999999996,33.18
2021-04-27,79,42,,0.42,33.18,34.019999999999996
2021-04-28,81,42,,0.42,34.019999999999996,35.28
2021-04-29,84,42,,0.42,35.28,30.24
2021-04-30,72,42,,0.42,30.24,25.619999999999997
2021-05-01,61,42,,0.42,25.619999999999997,25.200000000000003
2021-05-02,63,40,False,0.4,25.200000000000003,25.6
2021-05-03,64,40,,0.4,25.6,27.200000000000003
2021-05-04,68,40,,0.4,27.200000000000003,27.200000000000003
2021-05-05,68,40,,0.4,27.200000000000003,26.0
2021-05-06,65,40,,0.4,26.0,25.200000000000003
2021-05-07,63,40,,0.4,25.200000000000003,23.200000000000003
2021-05-08,58,40,,0.4,23.200000000000003,24.64
2021-05-09,56,44,False,0.44,24.64,29.92
2021-05-10,68,44,,0.44,29.92,33.0
2021-05-11,75,44,,0.44,33.0,29.92
2021-05-12,68,44,,0.44,29.92,31.24
2021-05-13,71,44,,0.44,31.24,30.36
2021-05-14,69,44,,0.44,30.36,26.84
2021-05-15,61,44,,0.44,26.84,28.8
2021-05-16,64,45,False,0.45,28.8,33.75
2021-05-17,75,45,,0.45,33.75,32.85
2021-05-18,73,45,,0.45,32.85,32.85
2021-05-19,73,45,,0.45,32.85,32.85
2021-05-20,73,45,,0.45,32.85,31.05
2021-05-21,69,45,,0.45,31.05,28.8
2021-05-22,64,45,,0.45,28.8,36.85
2021-05-23,67,55,False,0.55,36.85,48.95
2021-05-24,89,55,,0.55,48.95,55.00000000000001
2021-05-25,100,55,,0.55,55.00000000000001,46.75000000000001
2021-05-26,85,55,,0.55,46.75000000000001,46.2
2021-05-27,84,55,,0.55,46.2,40.7
2021-05-28,74,55,,0.55,40.7,40.150000000000006
2021-05-29,73,55,,0.55,40.150000000000006,35.64
2021-05-30,66,54,False,0.54,35.64,41.580000000000005
2021-05-31,77,54,,0.54,41.580000000000005,41.580000000000005
2021-06-01,77,54,,0.54,41.580000000000005,45.36
2021-06-02,84,54,,0.54,45.36,48.6
2021-06-03,90,54,,0.54,48.6,46.440000000000005
2021-06-04,86,54,,0.54,46.440000000000005,38.34
2021-06-05,71,54,,0.54,38.34,41.870000000000005
2021-06-06,79,53,False,0.53,41.870000000000005,40.81
2021-06-07,77,53,,0.53,40.81,44.52
2021-06-08,84,53,,0.53,44.52,43.46
2021-06-09,82,53,,0.53,43.46,41.870000000000005
2021-06-10,79,53,,0.53,41.870000000000005,41.870000000000005
2021-06-11,79,53,,0.53,41.870000000000005,37.63
2021-06-12,71,53,,0.53,37.63,42.120000000000005
2021-06-13,78,54,False,0.54,42.120000000000005,42.120000000000005
2021-06-14,78,54,,0.54,42.120000000000005,46.440000000000005
2021-06-15,86,54,,0.54,46.440000000000005,44.82
2021-06-16,83,54,,0.54,44.82,45.900000000000006
2021-06-17,85,54,,0.54,45.900000000000006,43.2
2021-06-18,80,54,,0.54,43.2,38.88
2021-06-19,72,54,,0.54,38.88,41.76
2021-06-20,72,58,False,0.58,41.76,57.99999999999999
2021-06-21,100,58,,0.58,57.99999999999999,51.62
2021-06-22,89,58,,0.58,51.62,48.13999999999999
2021-06-23,83,58,,0.58,48.13999999999999,45.239999999999995
2021-06-24,78,58,,0.58,45.239999999999995,47.559999999999995
2021-06-25,82,58,,0.58,47.559999999999995,47.559999999999995
2021-06-26,82,58,,0.58,47.559999999999995,47.2
2021-06-27,80,59,False,0.59,47.2,53.69
2021-06-28,91,59,,0.59,53.69,57.23
2021-06-29,97,59,,0.59,57.23,51.33
2021-06-30,87,59,,0.59,51.33,49.559999999999995
2021-07-01,84,59,,0.59,49.559999999999995,51.33
2021-07-02,87,59,,0.59,51.33,49.559999999999995
2021-07-03,84,59,,0.59,49.559999999999995,49.6
2021-07-04,80,62,False,0.62,49.6,50.84
2021-07-05,82,62,,0.62,50.84,55.8
2021-07-06,90,62,,0.62,55.8,57.04
2021-07-07,92,62,,0.62,57.04,55.18
2021-07-08,89,62,,0.62,55.18,62.0
2021-07-09,100,62,,0.62,62.0,50.84
2021-07-10,82,62,,0.62,50.84,49.559999999999995
2021-07-11,84,59,False,0.59,49.559999999999995,54.87
2021-07-12,93,59,,0.59,54.87,57.82
2021-07-13,98,59,,0.59,57.82,55.459999999999994
2021-07-14,94,59,,0.59,55.459999999999994,51.33
2021-07-15,87,59,,0.59,51.33,47.2
2021-07-16,80,59,,0.59,47.2,46.61
2021-07-17,79,59,,0.59,46.61,47.6
2021-07-18,85,56,False,0.56,47.6,47.6
2021-07-19,85,56,,0.56,47.6,49.84
2021-07-20,89,56,,0.56,49.84,45.92
2021-07-21,82,56,,0.56,45.92,52.080000000000005
2021-07-22,93,56,,0.56,52.080000000000005,45.36000000000001
2021-07-23,81,56,,0.56,45.36000000000001,42.56
2021-07-24,76,56,,0.56,42.56,35.5
2021-07-25,71,50,False,0.5,35.5,42.0
2021-07-26,84,50,,0.5,42.0,42.0
2021-07-27,84,50,,0.5,42.0,39.0
2021-07-28,78,50,,0.5,39.0,39.5
2021-07-29,79,50,,0.5,39.5,34.5
2021-07-30,69,50,,0.5,34.5,33.5
2021-07-31,67,50,,0.5,33.5,38.88
2021-08-01,72,54,False,0.54,38.88,54.0
2021-08-02,100,54,,0.54,54.0,52.38
2021-08-03,97,54,,0.54,52.38,43.2
2021-08-04,80,54,,0.54,43.2,46.98
2021-08-05,87,54,,0.54,46.98,46.98
2021-08-06,87,54,,0.54,46.98,42.66
2021-08-07,79,54,,0.54,42.66,42.400000000000006
2021-08-08,80,53,False,0.53,42.400000000000006,47.17
2021-08-09,89,53,,0.53,47.17,42.400000000000006
2021-08-10,80,53,,0.53,42.400000000000006,42.93
2021-08-11,81,53,,0.53,42.93,45.05
2021-08-12,85,53,,0.53,45.05,38.690000000000005
2021-08-13,73,53,,0.53,38.690000000000005,38.690000000000005
2021-08-14,73,53,,0.53,38.690000000000005,32.660000000000004
2021-08-15,71,46,False,0.46,32.660000000000004,36.34
2021-08-16,79,46,,0.46,36.34,37.72
2021-08-17,82,46,,0.46,37.72,39.56
2021-08-18,86,46,,0.46,39.56,37.72
2021-08-19,82,46,,0.46,37.72,36.8
2021-08-20,80,46,,0.46,36.8,32.2
2021-08-21,70,46,,0.46,32.2,38.71
2021-08-22,79,49,False,0.49,38.71,38.22
2021-08-23,78,49,,0.49,38.22,40.18
2021-08-24,82,49,,0.49,40.18,37.24
2021-08-25,76,49,,0.49,37.24,38.22
2021-08-26,78,49,,0.49,38.22,36.26
2021-08-27,74,49,,0.49,36.26,31.36
2021-08-28,64,49,,0.49,31.36,30.360000000000003
2021-08-29,66,46,False,0.46,30.360000000000003,34.5
2021-08-30,75,46,,0.46,34.5,35.88
2021-08-31,78,46,,0.46,35.88,39.1
2021-09-01,85,46,,0.46,39.1,46.0
2021-09-02,100,46,,0.46,46.0,39.56
2021-09-03,86,46,,0.46,39.56,31.74
2021-09-04,69,46,,0.46,31.74,33.37
2021-09-05,71,47,False,0.47,33.37,43.71
2021-09-06,93,47,,0.47,43.71,42.77
2021-09-07,91,47,,0.47,42.77,39.95
2021-09-08,85,47,,0.47,39.95,42.77
2021-09-09,91,47,,0.47,42.77,40.89
2021-09-10,87,47,,0.47,40.89,39.48
2021-09-11,84,47,,0.47,39.48,38.879999999999995
2021-09-12,81,48,False,0.48,38.879999999999995,46.08
2021-09-13,96,48,,0.48,46.08,44.16
2021-09-14,92,48,,0.48,44.16,42.72
2021-09-15,89,48,,0.48,42.72,42.239999999999995
2021-09-16,88,48,,0.48,42.239999999999995,46.08
2021-09-17,96,48,,0.48,46.08,39.84
2021-09-18,83,48,,0.48,39.84,42.77
2021-09-19,91,47,False,0.47,42.77,42.77
2021-09-20,91,47,,0.47,42.77,42.77
2021-09-21,91,47,,0.47,42.77,41.83
2021-09-22,89,47,,0.47,41.83,41.83
2021-09-23,89,47,,0.47,41.83,40.419999999999995
2021-09-24,86,47,,0.47,40.419999999999995,34.78
2021-09-25,74,47,,0.47,34.78,38.22
2021-09-26,78,49,False,0.49,38.22,42.14
2021-09-27,86,49,,0.49,42.14,43.61
2021-09-28,89,49,,0.49,43.61,49.0
2021-09-29,100,49,,0.49,49.0,47.04
2021-09-30,96,49,,0.49,47.04,33.81
2021-10-01,69,49,,0.49,33.81,28.42
2021-10-02,58,49,,0.49,28.42,31.0
2021-10-03,62,50,False,0.5,31.0,37.5
2021-10-04,75,50,,0.5,37.5,35.0
2021-10-05,70,50,,0.5,35.0,35.0
2021-10-06,70,50,,0.5,35.0,34.5
2021-10-07,69,50,,0.5,34.5,34.5
2021-10-08,69,50,,0.5,34.5,35.0
2021-10-09,70,50,,0.5,35.0,41.8
2021-10-10,76,55,False,0.55,41.8,43.45
2021-10-11,79,55,,0.55,43.45,45.1
2021-10-12,82,55,,0.55,45.1,44.55
2021-10-13,81,55,,0.55,44.55,42.35
2021-10-14,77,55,,0.55,42.35,39.05
2021-10-15,71,55,,0.55,39.05,35.75
2021-10-16,65,55,,0.55,35.75,35.88
2021-10-17,69,52,False,0.52,35.88,37.96
2021-10-18,73,52,,0.52,37.96,39.52
2021-10-19,76,52,,0.52,39.52,38.48
2021-10-20,74,52,,0.52,38.48,38.48
2021-10-21,74,52,,0.52,38.48,36.4
2021-10-22,70,52,,0.52,36.4,32.76
2021-10-23,63,52,,0.52,32.76,35.1
2021-10-24,65,54,False,0.54,35.1,54.0
2021-10-25,100,54,,0.54,54.0,42.120000000000005
2021-10-26,78,54,,0.54,42.120000000000005,38.34
2021-10-27,71,54,,0.54,38.34,39.42
2021-10-28,73,54,,0.54,39.42,36.72
2021-10-29,68,54,,0.54,36.72,33.480000000000004
2021-10-30,62,54,,0.54,33.480000000000004,36.0
2021-10-31,72,50,False,0.5,36.0,44.5
2021-11-01,89,50,,0.5,44.5,43.0
2021-11-02,86,50,,0.5,43.0,46.0
2021-11-03,92,50,,0.5,46.0,45.5
2021-11-04,91,50,,0.5,45.5,42.0
2021-11-05,84,50,,0.5,42.0,38.0
2021-11-06,76,50,,0.5,38.0,39.36
2021-11-07,82,48,False,0.48,39.36,48.0
2021-11-08,100,48,,0.48,48.0,46.559999999999995
2021-11-09,97,48,,0.48,46.559999999999995,42.239999999999995
2021-11-10,88,48,,0.48,42.239999999999995,43.68
2021-11-11,91,48,,0.48,43.68,43.2
2021-11-12,90,48,,0.48,43.2,36.96
2021-11-13,77,48,,0.48,36.96,38.71
2021-11-14,79,49,False,0.49,38.71,42.63
2021-11-15,87,49,,0.49,42.63,44.1
2021-11-16,90,49,,0.49,44.1,42.63
2021-11-17,87,49,,0.49,42.63,43.61
2021-11-18,89,49,,0.49,43.61,39.69
2021-11-19,81,49,,0.49,39.69,37.73
2021-11-20,77,49,,0.49,37.73,36.0
2021-11-21,80,45,False,0.45,36.0,39.15
2021-11-22,87,45,,0.45,39.15,38.25
2021-11-23,85,45,,0.45,38.25,36.45
2021-11-24,81,45,,0.45,36.45,29.7
2021-11-25,66,45,,0.45,29.7,33.75
2021-11-26,75,45,,0.45,33.75,34.2
2021-11-27,76,45,,0.45,34.2,42.72
2021-11-28,89,48,False,0.48,42.72,42.239999999999995
2021-11-29,88,48,,0.48,42.239999999999995,42.239999999999995
2021-11-30,88,48,,0.48,42.239999999999995,24.96
2021-12-01,52,48,,0.48,24.96,26.88
2021-12-02,56,48,,0.48,26.88,25.44
2021-12-03,53,48,,0.48,25.44,22.56
2021-12-04,47,48,,0.48,22.56,21.15
2021-12-05,47,45,False,0.45,21.15,22.95
2021-12-06,51,45,,0.45,22.95,24.3
2021-12-07,54,45,,0.45,24.3,24.3
2021-12-08,54,45,,0.45,24.3,22.95
2021-12-09,51,45,,0.45,22.95,22.05
2021-12-10,49,45,,0.45,22.05,21.15
2021-12-11,47,45,,0.45,21.15,23.97
2021-12-12,47,51,False,0.51,23.97,28.05
2021-12-13,55,51,,0.51,28.05,27.54
2021-12-14,54,51,,0.51,27.54,28.56
2021-12-15,56,51,,0.51,28.56,29.58
2021-12-16,58,51,,0.51,29.58,29.07
2021-12-17,57,51,,0.51,29.07,27.03
2021-12-18,53,51,,0.51,27.03,31.35
2021-12-19,55,57,False,0.57,31.35,33.629999999999995
2021-12-20,59,57,,0.57,33.629999999999995,31.92
2021-12-21,56,57,,0.57,31.92,31.92
2021-12-22,56,57,,0.57,31.92,29.069999999999997
2021-12-23,51,57,,0.57,29.069999999999997,56.99999999999999
2021-12-24,100,57,,0.57,56.99999999999999,39.33
2021-12-25,69,57,,0.57,39.33,38.43
2021-12-26,61,63,False,0.63,38.43,49.14
2021-12-27,78,63,,0.63,49.14,44.1
2021-12-28,70,63,,0.63,44.1,39.06
2021-12-29,62,63,,0.63,39.06,36.54
2021-12-30,58,63,,0.63,36.54,34.02
2021-12-31,54,63,,0.63,34.02,39.06
2022-01-01,62,63,,0.63,39.06,47.52
2022-01-02,72,66,False,0.66,47.52,52.8
2022-01-03,80,66,,0.66,52.8,66.0
2022-01-04,100,66,,0.66,66.0,54.78
2022-01-05,83,66,,0.66,54.78,42.9
2022-01-06,65,66,,0.66,42.9,46.86
2022-01-07,71,66,,0.66,46.86,42.9
2022-01-08,65,66,,0.66,42.9,36.96
2022-01-09,66,56,False,0.56,36.96,36.400000000000006
2022-01-10,65,56,,0.56,36.400000000000006,37.52
2022-01-11,67,56,,0.56,37.52,42.00000000000001
2022-01-12,75,56,,0.56,42.00000000000001,43.120000000000005
2022-01-13,77,56,,0.56,43.120000000000005,30.800000000000004
2022-01-14,55,56,,0.56,30.800000000000004,36.96
2022-01-15,66,56,,0.56,36.96,26.5
2022-01-16,53,50,False,0.5,26.5,30.5
2022-01-17,61,50,,0.5,30.5,31.0
2022-01-18,62,50,,0.5,31.0,32.5
2022-01-19,65,50,,0.5,32.5,30.5
2022-01-20,61,50,,0.5,30.5,31.0
2022-01-21,62,50,,0.5,31.0,28.0
2022-01-22,56,50,,0.5,28.0,31.92
2022-01-23,57,56,False,0.56,31.92,40.88
2022-01-24,73,56,,0.56,40.88,34.160000000000004
2022-01-25,61,56,,0.56,34.160000000000004,35.84
2022-01-26,64,56,,0.56,35.84,39.2
2022-01-27,70,56,,0.56,39.2,39.760000000000005
2022-01-28,71,56,,0.56,39.760000000000005,35.84
2022-01-29,64,56,,0.56,35.84,42.6
2022-01-30,71,60,False,0.6,42.6,43.2
2022-01-31,72,60,,0.6,43.2,44.4
2022-02-01,74,60,,0.6,44.4,43.8
2022-02-02,73,60,,0.6,43.8,47.4
2022-02-03,79,60,,0.6,47.4,45.6
2022-02-04,76,60,,0.6,45.6,43.8
2022-02-05,73,60,,0.6,43.8,44.1
2022-02-06,70,63,False,0.63,44.1,46.62
2022-02-07,74,63,,0.63,46.62,47.25
2022-02-08,75,63,,0.63,47.25,47.88
2022-02-09,76,63,,0.63,47.88,40.32
2022-02-10,64,63,,0.63,40.32,46.62
2022-02-11,74,63,,0.63,46.62,43.47
2022-02-12,69,63,,0.63,43.47,42.16
2022-02-13,62,68,False,0.68,42.16,46.92
2022-02-14,69,68,,0.68,46.92,56.440000000000005
2022-02-15,83,68,,0.68,56.440000000000005,60.52
2022-02-16,89,68,,0.68,60.52,60.52
2022-02-17,89,68,,0.68,60.52,57.8
2022-02-18,85,68,,0.68,57.8,52.36000000000001
2022-02-19,77,68,,0.68,52.36000000000001,51.12
2022-02-20,72,71,False,0.71,51.12,57.51
2022-02-21,81,71,,0.71,57.51,69.58
2022-02-22,98,71,,0.71,69.58,71.0
2022-02-23,100,71,,0.71,71.0,63.19
2022-02-24,89,71,,0.71,63.19,56.8
2022-02-25,80,71,,0.71,56.8,52.54
2022-02-26,74,71,,0.71,52.54,51.099999999999994
2022-02-27,73,70,False,0.7,51.099999999999994,60.9
2022-02-28,87,70,,0.7,60.9,53.9
2022-03-01,77,70,,0.7,53.9,57.4
2022-03-02,82,70,,0.7,57.4,57.4
2022-03-03,82,70,,0.7,57.4,53.2
2022-03-04,76,70,,0.7,53.2,49.0
2022-03-05,70,70,,0.7,49.0,57.72
2022-03-06,74,78,False,0.78,57.72,65.52
2022-03-07,84,78,,0.78,65.52,71.76
2022-03-08,92,78,,0.78,71.76,76.44
2022-03-09,98,78,,0.78,76.44,78.0
2022-03-10,100,78,,0.78,78.0,67.86
2022-03-11,87,78,,0.78,67.86,67.08
2022-03-12,86,78,,0.78,67.08,56.24
2022-03-13,76,74,False,0.74,56.24,63.64
2022-03-14,86,74,,0.74,63.64,61.42
2022-03-15,83,74,,0.74,61.42,58.46
2022-03-16,79,74,,0.74,58.46,56.24
2022-03-17,76,74,,0.74,56.24,51.06
2022-03-18,69,74,,0.74,51.06,48.1
2022-03-19,65,74,,0.74,48.1,48.989999999999995
2022-03-20,71,69,False,0.69,48.989999999999995,53.129999999999995
2022-03-21,77,69,,0.69,53.129999999999995,58.65
2022-03-22,85,69,,0.69,58.65,54.51
2022-03-23,79,69,,0.69,54.51,51.059999999999995
2022-03-24,74,69,,0.69,51.059999999999995,43.47
2022-03-25,63,69,,0.69,43.47,41.4
2022-03-26,60,69,,0.69,41.4,47.52
2022-03-27,72,66,False,0.66,47.52,49.5
2022-03-28,75,66,,0.66,49.5,48.18
2022-03-29,73,66,,0.66,48.18,54.120000000000005
2022-03-30,82,66,,0.66,54.120000000000005,48.18
2022-03-31,73,66,,0.66,48.18,50.16
2022-04-01,76,66,,0.66,50.16,48.84
2022-04-02,74,66,,0.66,48.84,62.64
2022-04-03,87,72,False,0.72,62.64,63.36
2022-04-04,88,72,,0.72,63.36,57.599999999999994
2022-04-05,80,72,,0.72,57.599999999999994,64.8
2022-04-06,90,72,,0.72,64.8,61.919999999999995
2022-04-07,86,72,,0.72,61.919999999999995,56.16
2022-04-08,78,72,,0.72,56.16,52.559999999999995
2022-04-09,73,72,,0.72,52.559999999999995,47.52
2022-04-10,72,66,False,0.66,47.52,53.46
2022-04-11,81,66,,0.66,53.46,56.1
2022-04-12,85,66,,0.66,56.1,51.48
2022-04-13,78,66,,0.66,51.48,54.78
2022-04-14,83,66,,0.66,54.78,50.16
2022-04-15,76,66,,0.66,50.16,41.580000000000005
2022-04-16,63,66,,0.66,41.580000000000005,44.02
2022-04-17,62,71,False,0.71,44.02,65.32
2022-04-18,92,71,,0.71,65.32,71.0
2022-04-19,100,71,,0.71,71.0,63.9
2022-04-20,90,71,,0.71,63.9,61.77
2022-04-21,87,71,,0.71,61.77,53.25
2022-04-22,75,71,,0.71,53.25,48.28
2022-04-23,68,71,,0.71,48.28,44.220000000000006
2022-04-24,66,67,False,0.67,44.220000000000006,50.25
2022-04-25,75,67,,0.67,50.25,57.620000000000005
2022-04-26,86,67,,0.67,57.620000000000005,56.95
2022-04-27,85,67,,0.67,56.95,51.59
2022-04-28,77,67,,0.67,51.59,48.24
2022-04-29,72,67,,0.67,48.24,45.56
2022-04-30,68,67,,0.67,45.56,37.12
2022-05-01,58,64,False,0.64,37.12,46.08
2022-05-02,72,64,,0.64,46.08,47.36
2022-05-03,74,64,,0.64,47.36,44.8
2022-05-04,70,64,,0.64,44.8,44.16
2022-05-05,69,64,,0.64,44.16,37.76
2022-05-06,59,64,,0.64,37.76,35.84
2022-05-07,56,64,,0.64,35.84,35.36
2022-05-08,52,68,False,0.68,35.36,49.64
2022-05-09,73,68,,0.68,49.64,50.32
2022-05-10,74,68,,0.68,50.32,48.28
2022-05-11,71,68,,0.68,48.28,43.52
2022-05-12,64,68,,0.68,43.52,39.440000000000005
2022-05-13,58,68,,0.68,39.440000000000005,38.080000000000005
2022-05-14,56,68,,0.68,38.080000000000005,43.66
2022-05-15,59,74,False,0.74,43.66,51.06
2022-05-16,69,74,,0.74,51.06,52.54
2022-05-17,71,74,,0.74,52.54,48.84
2022-05-18,66,74,,0.74,48.84,48.84
2022-05-19,66,74,,0.74,48.84,46.62
2022-05-20,63,74,,0.74,46.62,45.88
2022-05-21,62,74,,0.74,45.88,53.95
2022-05-22,65,83,False,0.83,53.95,83.0
2022-05-23,100,83,,0.83,83.0,73.03999999999999
2022-05-24,88,83,,0.83,73.03999999999999,57.27
2022-05-25,69,83,,0.83,57.27,54.779999999999994
2022-05-26,66,83,,0.83,54.779999999999994,50.629999999999995
2022-05-27,61,83,,0.83,50.629999999999995,44.82
2022-05-28,54,83,,0.83,44.82,42.34
2022-05-29,58,73,False,0.73,42.34,42.34
2022-05-30,58,73,,0.73,42.34,54.02
2022-05-31,74,73,,0.73,54.02,64.24
2022-06-01,88,73,,0.73,64.24,72.27
2022-06-02,99,73,,0.73,72.27,62.78
2022-06-03,86,73,,0.73,62.78,58.4
2022-06-04,80,73,,0.73,58.4,51.00000000000001
2022-06-05,75,68,False,0.68,51.00000000000001,56.440000000000005
2022-06-06,83,68,,0.68,56.440000000000005,66.64
2022-06-07,98,68,,0.68,66.64,59.16
2022-06-08,87,68,,0.68,59.16,63.92
2022-06-09,94,68,,0.68,63.92,55.760000000000005
2022-06-10,82,68,,0.68,55.760000000000005,50.32
2022-06-11,74,68,,0.68,50.32,56.94
2022-06-12,78,73,False,0.73,56.94,67.89
2022-06-13,93,73,,0.73,67.89,67.16
2022-06-14,92,73,,0.73,67.16,66.42999999999999
2022-06-15,91,73,,0.73,66.42999999999999,67.16
2022-06-16,92,73,,0.73,67.16,64.24
2022-06-17,88,73,,0.73,64.24,54.02
2022-06-18,74,73,,0.73,54.02,57.72
2022-06-19,78,74,False,0.74,57.72,67.34
2022-06-20,91,74,,0.74,67.34,71.03999999999999
2022-06-21,96,74,,0.74,71.03999999999999,68.08
2022-06-22,92,74,,0.74,68.08,74.0
2022-06-23,100,74,,0.74,74.0,61.42
2022-06-24,83,74,,0.74,61.42,56.24
2022-06-25,76,74,,0.74,56.24,58.32
2022-06-26,81,72,False,0.72,58.32,68.39999999999999
2022-06-27,95,72,,0.72,68.39999999999999,66.24
2022-06-28,92,72,,0.72,66.24,65.52
2022-06-29,91,72,,0.72,65.52,64.8
2022-06-30,90,72,,0.72,64.8,66.96
2022-07-01,93,72,,0.72,66.96,59.04
2022-07-02,82,72,,0.72,59.04,53.81999999999999
2022-07-03,78,69,False,0.69,53.81999999999999,55.88999999999999
2022-07-04,81,69,,0.69,55.88999999999999,65.55
2022-07-05,95,69,,0.69,65.55,69.0
2022-07-06,100,69,,0.69,69.0,64.86
2022-07-07,94,69,,0.69,64.86,59.34
2022-07-08,86,69,,0.69,59.34,53.81999999999999
2022-07-09,78,69,,0.69,53.81999999999999,57.51
2022-07-10,81,71,False,0.71,57.51,64.61
2022-07-11,91,71,,0.71,64.61,66.74
2022-07-12,94,71,,0.71,66.74,64.61
2022-07-13,91,71,,0.71,64.61,60.349999999999994
2022-07-14,85,71,,0.71,60.349999999999994,63.19
2022-07-15,89,71,,0.71,63.19,54.669999999999995
2022-07-16,77,71,,0.71,54.669999999999995,55.2
2022-07-17,80,69,False,0.69,55.2,62.78999999999999
2022-07-18,91,69,,0.69,62.78999999999999,69.0
2022-07-19,100,69,,0.69,69.0,62.78999999999999
2022-07-20,91,69,,0.69,62.78999999999999,62.099999999999994
2022-07-21,90,69,,0.69,62.099999999999994,53.129999999999995
2022-07-22,77,69,,0.69,53.129999999999995,54.51
2022-07-23,79,69,,0.69,54.51,55.080000000000005
2022-07-24,81,68,False,0.68,55.080000000000005,67.32000000000001
2022-07-25,99,68,,0.68,67.32000000000001,65.28
2022-07-26,96,68,,0.68,65.28,60.52
2022-07-27,89,68,,0.68,60.52,58.48
2022-07-28,86,68,,0.68,58.48,57.120000000000005
2022-07-29,84,68,,0.68,57.120000000000005,48.28
2022-07-30,71,68,,0.68,48.28,54.400000000000006
2022-07-31,80,68,False,0.68,54.400000000000006,57.8
2022-08-01,85,68,,0.68,57.8,61.2
2022-08-02,90,68,,0.68,61.2,55.760000000000005
2022-08-03,82,68,,0.68,55.760000000000005,62.56
2022-08-04,92,68,,0.68,62.56,59.16
2022-08-05,87,68,,0.68,59.16,53.720000000000006
2022-08-06,79,68,,0.68,53.720000000000006,62.64
2022-08-07,87,72,False,0.72,62.64,71.28
2022-08-08,99,72,,0.72,71.28,63.36
2022-08-09,88,72,,0.72,63.36,65.52
2022-08-10,91,72,,0.72,65.52,71.28
2022-08-11,99,72,,0.72,71.28,56.879999999999995
2022-08-12,79,72,,0.72,56.879999999999995,52.559999999999995
2022-08-13,73,72,,0.72,52.559999999999995,48.75
2022-08-14,75,65,False,0.65,48.75,55.9
2022-08-15,86,65,,0.65,55.9,61.1
2022-08-16,94,65,,0.65,61.1,53.95
2022-08-17,83,65,,0.65,53.95,55.9
2022-08-18,86,65,,0.65,55.9,53.95
2022-08-19,83,65,,0.65,53.95,46.8
2022-08-20,72,65,,0.65,46.8,52.8
2022-08-21,80,66,False,0.66,52.8,58.74
2022-08-22,89,66,,0.66,58.74,66.0
2022-08-23,100,66,,0.66,66.0,61.38
2022-08-24,93,66,,0.66,61.38,54.78
2022-08-25,83,66,,0.66,54.78,48.18
2022-08-26,73,66,,0.66,48.18,45.54
2022-08-27,69,66,,0.66,45.54,45.88
2022-08-28,74,62,False,0.62,45.88,52.08
2022-08-29,84,62,,0.62,52.08,52.7
2022-08-30,85,62,,0.62,52.7,51.46
2022-08-31,83,62,,0.62,51.46,52.7
2022-09-01,85,62,,0.62,52.7,49.6
2022-09-02,80,62,,0.62,49.6,45.26
2022-09-03,73,62,,0.62,45.26,50.629999999999995
2022-09-04,83,61,False,0.61,50.629999999999995,50.02
2022-09-05,82,61,,0.61,50.02,57.34
2022-09-06,94,61,,0.61,57.34,56.12
2022-09-07,92,61,,0.61,56.12,53.68
2022-09-08,88,61,,0.61,53.68,51.24
2022-09-09,84,61,,0.61,51.24,45.14
2022-09-10,74,61,,0.61,45.14,50.82
2022-09-11,77,66,False,0.66,50.82,62.040000000000006
2022-09-12,94,66,,0.66,62.040000000000006,66.0
2022-09-13,100,66,,0.66,66.0,64.68
2022-09-14,98,66,,0.66,64.68,66.0
2022-09-15,100,66,,0.66,66.0,56.1
2022-09-16,85,66,,0.66,56.1,50.16
2022-09-17,76,66,,0.66,50.16,49.14
2022-09-18,78,63,False,0.63,49.14,59.22
2022-09-19,94,63,,0.63,59.22,57.33
2022-09-20,91,63,,0.63,57.33,57.33
2022-09-21,91,63,,0.63,57.33,56.7
2022-09-22,90,63,,0.63,56.7,53.55
2022-09-23,85,63,,0.63,53.55,48.51
2022-09-24,77,63,,0.63,48.51,49.14
2022-09-25,78,63,False,0.63,49.14,59.22
2022-09-26,94,63,,0.63,59.22,59.85
2022-09-27,95,63,,0.63,59.85,54.18
2022-09-28,86,63,,0.63,54.18,52.92
2022-09-29,84,63,,0.63,52.92,56.07
2022-09-30,89,63,,0.63,56.07,52.29
2022-10-01,83,63,,0.63,52.29,48.36
2022-10-02,78,62,False,0.62,48.36,61.38
2022-10-03,99,62,,0.62,61.38,61.38
2022-10-04,99,62,,0.62,61.38,62.0
2022-10-05,100,62,,0.62,62.0,58.9
2022-10-06,95,62,,0.62,58.9,52.08
2022-10-07,84,62,,0.62,52.08,48.36
2022-10-08,78,62,,0.62,48.36,47.12
2022-10-09,76,62,False,0.62,47.12,57.04
2022-10-10,92,62,,0.62,57.04,61.38
2022-10-11,99,62,,0.62,61.38,60.14
2022-10-12,97,62,,0.62,60.14,53.94
2022-10-13,87,62,,0.62,53.94,54.56
2022-10-14,88,62,,0.62,54.56,45.88
2022-10-15,74,62,,0.62,45.88,46.97
2022-10-16,77,61,False,0.61,46.97,54.29
2022-10-17,89,61,,0.61,54.29,58.56
2022-10-18,96,61,,0.61,58.56,57.95
2022-10-19,95,61,,0.61,57.95,56.12
2022-10-20,92,61,,0.61,56.12,50.629999999999995
2022-10-21,83,61,,0.61,50.629999999999995,45.14
2022-10-22,74,61,,0.61,45.14,45.239999999999995
2022-10-23,78,58,False,0.58,45.239999999999995,52.779999999999994
2022-10-24,91,58,,0.58,52.779999999999994,54.52
2022-10-25,94,58,,0.58,54.52,48.72
2022-10-26,84,58,,0.58,48.72,48.13999999999999
2022-10-27,83,58,,0.58,48.13999999999999,47.559999999999995
2022-10-28,82,58,,0.58,47.559999999999995,41.18
2022-10-29,71,58,,0.58,41.18,40.599999999999994
2022-10-30,70,58,False,0.58,40.599999999999994,51.04
2022-10-31,88,58,,0.58,51.04,45.239999999999995
2022-11-01,78,58,,0.58,45.239999999999995,45.82
2022-11-02,79,58,,0.58,45.82,49.879999999999995
2022-11-03,86,58,,0.58,49.879999999999995,44.08
2022-11-04,76,58,,0.58,44.08,43.5
2022-11-05,75,58,,0.58,43.5,43.5
2022-11-06,75,58,False,0.58,43.5,45.82
2022-11-07,79,58,,0.58,45.82,46.4
2022-11-08,80,58,,0.58,46.4,44.66
2022-11-09,77,58,,0.58,44.66,44.66
2022-11-10,77,58,,0.58,44.66,42.34
2022-11-11,73,58,,0.58,42.34,38.86
2022-11-12,67,58,,0.58,38.86,45.0
2022-11-13,75,60,False,0.6,45.0,55.2
2022-11-14,92,60,,0.6,55.2,51.6
2022-11-15,86,60,,0.6,51.6,48.6
2022-11-16,81,60,,0.6,48.6,48.0
2022-11-17,80,60,,0.6,48.0,46.2
2022-11-18,77,60,,0.6,46.2,44.4
2022-11-19,74,60,,0.6,44.4,36.92
2022-11-20,71,52,False,0.52,36.92,38.48
2022-11-21,74,52,,0.52,38.48,39.0
2022-11-22,75,52,,0.52,39.0,39.0
2022-11-23,75,52,,0.52,39.0,30.68
2022-11-24,59,52,,0.52,30.68,34.32
2022-11-25,66,52,,0.52,34.32,33.28
2022-11-26,64,52,,0.52,33.28,41.76
2022-11-27,72,58,False,0.58,41.76,48.13999999999999
2022-11-28,83,58,,0.58,48.13999999999999,57.99999999999999
2022-11-29,100,58,,0.58,57.99999999999999,49.3
2022-11-30,85,58,,0.58,49.3,26.1
2022-12-01,45,58,,0.58,26.1,24.94
2022-12-02,43,58,,0.58,24.94,21.459999999999997
2022-12-03,37,58,,0.58,21.459999999999997,21.6
2022-12-04,40,54,False,0.54,21.6,21.6
2022-12-05,40,54,,0.54,21.6,23.22
2022-12-06,43,54,,0.54,23.22,21.06
2022-12-07,39,54,,0.54,21.06,22.68
2022-12-08,42,54,,0.54,22.68,21.6
2022-12-09,40,54,,0.54,21.6,20.520000000000003
2022-12-10,38,54,,0.54,20.520000000000003,22.42
2022-12-11,38,59,False,0.59,22.42,25.369999999999997
2022-12-12,43,59,,0.59,25.369999999999997,27.139999999999997
2022-12-13,46,59,,0.59,27.139999999999997,28.91
2022-12-14,49,59,,0.59,28.91,28.32
2022-12-15,48,59,,0.59,28.32,26.549999999999997
2022-12-16,45,59,,0.59,26.549999999999997,27.139999999999997
2022-12-17,46,59,,0.59,27.139999999999997,28.799999999999997
2022-12-18,40,72,False,0.72,28.799999999999997,33.12
2022-12-19,46,72,,0.72,33.12,38.879999999999995
2022-12-20,54,72,,0.72,38.879999999999995,40.32
2022-12-21,56,72,,0.72,40.32,49.68
2022-12-22,69,72,,0.72,49.68,52.559999999999995
2022-12-23,73,72,,0.72,52.559999999999995,42.48
2022-12-24,59,72,,0.72,42.48,40.5
2022-12-25,50,81,False,0.81,40.5,56.7
2022-12-26,70,81,,0.81,56.7,81.0
2022-12-27,100,81,,0.81,81.0,63.18000000000001
2022-12-28,78,81,,0.81,63.18000000000001,48.6
2022-12-29,60,81,,0.81,48.6,37.260000000000005
2022-12-30,46,81,,0.81,37.260000000000005,34.02
2022-12-31,42,81,,0.81,34.02,44.53
2023-01-01,61,73,False,0.73,44.53,59.86
2023-01-02,82,73,,0.73,59.86,62.05
2023-01-03,85,73,,0.73,62.05,62.78
2023-01-04,86,73,,0.73,62.78,62.05
2023-01-05,85,73,,0.73,62.05,50.37
2023-01-06,69,73,,0.73,50.37,50.37
2023-01-07,69,73,,0.73,50.37,51.75
2023-01-08,69,75,False,0.75,51.75,57.75
2023-01-09,77,75,,0.75,57.75,64.5
2023-01-10,86,75,,0.75,64.5,75.0
2023-01-11,100,75,,0.75,75.0,62.25
2023-01-12,83,75,,0.75,62.25,54.0
2023-01-13,72,75,,0.75,54.0,47.25
2023-01-14,63,75,,0.75,47.25,44.16
2023-01-15,64,69,False,0.69,44.16,50.37
2023-01-16,73,69,,0.69,50.37,55.2
2023-01-17,80,69,,0.69,55.2,53.81999999999999
2023-01-18,78,69,,0.69,53.81999999999999,48.989999999999995
2023-01-19,71,69,,0.69,48.989999999999995,45.54
2023-01-20,66,69,,0.69,45.54,39.33
2023-01-21,57,69,,0.69,39.33,36.48
2023-01-22,57,64,False,0.64,36.48,44.16
2023-01-23,69,64,,0.64,44.16,44.16
2023-01-24,69,64,,0.64,44.16,44.8
2023-01-25,70,64,,0.64,44.8,46.08
2023-01-26,72,64,,0.64,46.08,42.24
2023-01-27,66,64,,0.64,42.24,35.84
2023-01-28,56,64,,0.64,35.84,42.84
2023-01-29,63,68,False,0.68,42.84,50.32
2023-01-30,74,68,,0.68,50.32,52.36000000000001
2023-01-31,77,68,,0.68,52.36000000000001,56.440000000000005
2023-02-01,83,68,,0.68,56.440000000000005,52.36000000000001
2023-02-02,77,68,,0.68,52.36000000000001,50.32
2023-02-03,74,68,,0.68,50.32,45.56
2023-02-04,67,68,,0.68,45.56,44.8
2023-02-05,70,64,False,0.64,44.8,48.64
2023-02-06,76,64,,0.64,48.64,51.2
2023-02-07,80,64,,0.64,51.2,46.72
2023-02-08,73,64,,0.64,46.72,47.36
2023-02-09,74,64,,0.64,47.36,46.08
2023-02-10,72,64,,0.64,46.08,42.24
2023-02-11,66,64,,0.64,42.24,50.32
2023-02-12,68,74,False,0.74,50.32,47.36
2023-02-13,64,74,,0.74,47.36,60.68
2023-02-14,82,74,,0.74,60.68,74.0
2023-02-15,100,74,,0.74,74.0,64.38
2023-02-16,87,74,,0.74,64.38,59.2
2023-02-17,80,74,,0.74,59.2,51.8
2023-02-18,70,74,,0.74,51.8,52.54
2023-02-19,74,71,False,0.71,52.54,58.93
2023-02-20,83,71,,0.71,58.93,64.61
2023-02-21,91,71,,0.71,64.61,66.74
2023-02-22,94,71,,0.71,66.74,67.45
2023-02-23,95,71,,0.71,67.45,55.379999999999995
2023-02-24,78,71,,0.71,55.379999999999995,49.7
2023-02-25,70,71,,0.71,49.7,53.2
2023-02-26,76,70,False,0.7,53.2,62.3
2023-02-27,89,70,,0.7,62.3,58.8
2023-02-28,84,70,,0.7,58.8,61.599999999999994
2023-03-01,88,70,,0.7,61.599999999999994,60.9
2023-03-02,87,70,,0.7,60.9,59.49999999999999
2023-03-03,85,70,,0.7,59.49999999999999,53.2
2023-03-04,76,70,,0.7,53.2,55.379999999999995
2023-03-05,78,71,False,0.71,55.379999999999995,65.32
2023-03-06,92,71,,0.71,65.32,71.0
2023-03-07,100,71,,0.71,71.0,65.32
2023-03-08,92,71,,0.71,65.32,61.77
2023-03-09,87,71,,0.71,61.77,63.9
2023-03-10,90,71,,0.71,63.9,53.959999999999994
2023-03-11,76,71,,0.71,53.959999999999994,52.8
2023-03-12,80,66,False,0.66,52.8,58.74
2023-03-13,89,66,,0.66,58.74,62.7
2023-03-14,95,66,,0.66,62.7,57.42
2023-03-15,87,66,,0.66,57.42,52.8
2023-03-16,80,66,,0.66,52.8,49.5
2023-03-17,75,66,,0.66,49.5,45.54
2023-03-18,69,66,,0.66,45.54,51.35
2023-03-19,79,65,False,0.65,51.35,59.8
2023-03-20,92,65,,0.65,59.8,57.85
2023-03-21,89,65,,0.65,57.85,59.15
2023-03-22,91,65,,0.65,59.15,53.95
2023-03-23,83,65,,0.65,53.95,50.7
2023-03-24,78,65,,0.65,50.7,47.45
2023-03-25,73,65,,0.65,47.45,50.4
2023-03-26,80,63,False,0.63,50.4,53.55
2023-03-27,85,63,,0.63,53.55,52.29
2023-03-28,83,63,,0.63,52.29,52.92
2023-03-29,84,63,,0.63,52.92,56.07
2023-03-30,89,63,,0.63,56.07,52.92
2023-03-31,84,63,,0.63,52.92,51.66
2023-04-01,82,63,,0.63,51.66,52.29
2023-04-02,83,63,False,0.63,52.29,60.48
2023-04-03,96,63,,0.63,60.48,59.85
2023-04-04,95,63,,0.63,59.85,61.74
2023-04-05,98,63,,0.63,61.74,60.48
2023-04-06,96,63,,0.63,60.48,55.44
2023-04-07,88,63,,0.63,55.44,44.73
2023-04-08,71,63,,0.63,44.73,45.5
2023-04-09,70,65,False,0.65,45.5,61.75
2023-04-10,95,65,,0.65,61.75,60.45
2023-04-11,93,65,,0.65,60.45,57.85
2023-04-12,89,65,,0.65,57.85,57.2
2023-04-13,88,65,,0.65,57.2,54.6
2023-04-14,84,65,,0.65,54.6,49.4
2023-04-15,76,65,,0.65,49.4,64.60000000000001
2023-04-16,95,68,False,0.68,64.60000000000001,65.96000000000001
2023-04-17,97,68,,0.68,65.96000000000001,68.0
2023-04-18,100,68,,0.68,68.0,63.92
2023-04-19,94,68,,0.68,63.92,68.0
2023-04-20,100,68,,0.68,68.0,62.56
2023-04-21,92,68,,0.68,62.56,58.48
2023-04-22,86,68,,0.68,58.48,54.18
2023-04-23,86,63,False,0.63,54.18,57.96
2023-04-24,92,63,,0.63,57.96,58.59
2023-04-25,93,63,,0.63,58.59,61.74
2023-04-26,98,63,,0.63,61.74,54.81
2023-04-27,87,63,,0.63,54.81,52.92
2023-04-28,84,63,,0.63,52.92,51.66
2023-04-29,82,63,,0.63,51.66,56.96
2023-04-30,89,64,False,0.64,56.96,54.4
2023-05-01,85,64,,0.64,54.4,59.52
2023-05-02,93,64,,0.64,59.52,53.120000000000005
2023-05-03,83,64,,0.64,53.120000000000005,51.84
2023-05-04,81,64,,0.64,51.84,47.36
2023-05-05,74,64,,0.64,47.36,44.16
2023-05-06,69,64,,0.64,44.16,49.7
2023-05-07,71,70,False,0.7,49.7,60.2
2023-05-08,86,70,,0.7,60.2,60.2
2023-05-09,86,70,,0.7,60.2,58.099999999999994
2023-05-10,83,70,,0.7,58.099999999999994,54.599999999999994
2023-05-11,78,70,,0.7,54.599999999999994,56.7
2023-05-12,81,70,,0.7,56.7,52.5
2023-05-13,75,70,,0.7,52.5,56.16
2023-05-14,78,72,False,0.72,56.16,68.39999999999999
2023-05-15,95,72,,0.72,68.39999999999999,71.28
2023-05-16,99,72,,0.72,71.28,68.39999999999999
2023-05-17,95,72,,0.72,68.39999999999999,63.36
2023-05-18,88,72,,0.72,63.36,61.919999999999995
2023-05-19,86,72,,0.72,61.919999999999995,54.0
2023-05-20,75,72,,0.72,54.0,55.379999999999995
2023-05-21,78,71,False,0.71,55.379999999999995,63.19
2023-05-22,89,71,,0.71,63.19,67.45
2023-05-23,95,71,,0.71,67.45,59.64
2023-05-24,84,71,,0.71,59.64,60.349999999999994
2023-05-25,85,71,,0.71,60.349999999999994,71.0
2023-05-26,100,71,,0.71,71.0,53.959999999999994
2023-05-27,76,71,,0.71,53.959999999999994,51.74999999999999
2023-05-28,75,69,False,0.69,51.74999999999999,54.51
2023-05-29,79,69,,0.69,54.51,64.17
2023-05-30,93,69,,0.69,64.17,64.17
2023-05-31,93,69,,0.69,64.17,44.849999999999994
2023-06-01,65,69,,0.69,44.849999999999994,39.33
2023-06-02,57,69,,0.69,39.33,37.95
2023-06-03,55,69,,0.69,37.95,41.54
2023-06-04,62,67,False,0.67,41.54,42.88
2023-06-05,64,67,,0.67,42.88,43.55
2023-06-06,65,67,,0.67,43.55,45.56
2023-06-07,68,67,,0.67,45.56,42.21
2023-06-08,63,67,,0.67,42.21,38.190000000000005
2023-06-09,57,67,,0.67,38.190000000000005,34.17
2023-06-10,51,67,,0.67,34.17,40.81
2023-06-11,53,77,False,0.77,40.81,53.9
2023-06-12,70,77,,0.77,53.9,55.44
2023-06-13,72,77,,0.77,55.44,55.44
2023-06-14,72,77,,0.77,55.44,52.36
2023-06-15,68,77,,0.77,52.36,45.43
2023-06-16,59,77,,0.77,45.43,41.58
2023-06-17,54,77,,0.77,41.58,36.92
2023-06-18,52,71,False,0.71,36.92,46.86
2023-06-19,66,71,,0.71,46.86,46.86
2023-06-20,66,71,,0.71,46.86,46.86
2023-06-21,66,71,,0.71,46.86,44.02
2023-06-22,62,71,,0.71,44.02,40.47
2023-06-23,57,71,,0.71,40.47,39.05
2023-06-24,55,71,,0.71,39.05,69.0
2023-06-25,69,100,False,1.0,69.0,90.0
2023-06-26,90,100,,1.0,90.0,97.0
2023-06-27,97,100,,1.0,97.0,100.0
2023-06-28,100,100,,1.0,100.0,98.0
2023-06-29,98,100,,1.0,98.0,86.0
2023-06-30,86,100,,1.0,86.0,95.0
2023-07-01,95,100,,1.0,95.0,70.98
2023-07-02,91,78,False,0.78,70.98,67.86
2023-07-03,87,78,,0.78,67.86,62.400000000000006
2023-07-04,80,78,,0.78,62.400000000000006,71.76
2023-07-05,92,78,,0.78,71.76,74.88
2023-07-06,96,78,,0.78,74.88,68.64
2023-07-07,88,78,,0.78,68.64,56.940000000000005
2023-07-08,73,78,,0.78,56.940000000000005,73.03999999999999
2023-07-09,88,83,False,0.83,73.03999999999999,77.19
2023-07-10,93,83,,0.83,77.19,83.0
2023-07-11,100,83,,0.83,83.0,76.36
2023-07-12,92,83,,0.83,76.36,80.50999999999999
2023-07-13,97,83,,0.83,80.50999999999999,70.55
2023-07-14,85,83,,0.83,70.55,67.22999999999999
2023-07-15,81,83,,0.83,67.22999999999999,66.4
2023-07-16,83,80,False,0.8,66.4,76.0
2023-07-17,95,80,,0.8,76.0,78.4
2023-07-18,98,80,,0.8,78.4,70.4
2023-07-19,88,80,,0.8,70.4,67.2
2023-07-20,84,80,,0.8,67.2,60.8
2023-07-21,76,80,,0.8,60.8,56.0
2023-07-22,70,80,,0.8,56.0,53.2
2023-07-23,76,70,False,0.7,53.2,56.0
2023-07-24,80,70,,0.7,56.0,58.8
2023-07-25,84,70,,0.7,58.8,61.599999999999994
2023-07-26,88,70,,0.7,61.599999999999994,55.3
2023-07-27,79,70,,0.7,55.3,51.8
2023-07-28,74,70,,0.7,51.8,56.0
2023-07-29,80,70,,0.7,56.0,50.25
2023-07-30,75,67,False,0.67,50.25,54.27
2023-07-31,81,67,,0.67,54.27,58.290000000000006
2023-08-01,87,67,,0.67,58.290000000000006,51.59
2023-08-02,77,67,,0.67,51.59,67.0
2023-08-03,100,67,,0.67,67.0,52.93
2023-08-04,79,67,,0.67,52.93,43.55
2023-08-05,65,67,,0.67,43.55,50.32
2023-08-06,74,68,False,0.68,50.32,59.16
2023-08-07,87,68,,0.68,59.16,60.52
2023-08-08,89,68,,0.68,60.52,55.080000000000005
2023-08-09,81,68,,0.68,55.080000000000005,53.720000000000006
2023-08-10,79,68,,0.68,53.720000000000006,51.00000000000001
2023-08-11,75,68,,0.68,51.00000000000001,46.92
2023-08-12,69,68,,0.68,46.92,44.73
2023-08-13,71,63,False,0.63,44.73,50.4
2023-08-14,80,63,,0.63,50.4,50.4
2023-08-15,80,63,,0.63,50.4,49.14
2023-08-16,78,63,,0.63,49.14,46.62
2023-08-17,74,63,,0.63,46.62,46.62
2023-08-18,74,63,,0.63,46.62,42.21
2023-08-19,67,63,,0.63,42.21,47.2
2023-08-20,80,59,False,0.59,47.2,42.48
2023-08-21,72,59,,0.59,42.48,41.89
2023-08-22,71,59,,0.59,41.89,41.3
2023-08-23,70,59,,0.59,41.3,40.71
2023-08-24,69,59,,0.59,40.71,38.94
2023-08-25,66,59,,0.59,38.94,35.4
2023-08-26,60,59,,0.59,35.4,38.35
2023-08-27,65,59,False,0.59,38.35,42.48
2023-08-28,72,59,,0.59,42.48,42.48
2023-08-29,72,59,,0.59,42.48,43.07
2023-08-30,73,59,,0.59,43.07,42.48
2023-08-31,72,59,,0.59,42.48,27.729999999999997
2023-09-01,47,59,,0.59,27.729999999999997,25.369999999999997
2023-09-02,43,59,,0.59,25.369999999999997,28.16
2023-09-03,44,64,False,0.64,28.16,32.64
2023-09-04,51,64,,0.64,32.64,64.0
2023-09-05,100,64,,0.64,64.0,44.8
2023-09-06,70,64,,0.64,44.8,32.0
2023-09-07,50,64,,0.64,32.0,33.92
2023-09-08,53,64,,0.64,33.92,30.72
2023-09-09,48,64,,0.64,30.72,30.68
2023-09-10,52,59,False,0.59,30.68,31.86
2023-09-11,54,59,,0.59,31.86,30.09
2023-09-12,51,59,,0.59,30.09,30.68
2023-09-13,52,59,,0.59,30.68,28.91
2023-09-14,49,59,,0.59,28.91,28.32
2023-09-15,48,59,,0.59,28.32,25.959999999999997
2023-09-16,44,59,,0.59,25.959999999999997,28.999999999999996
2023-09-17,50,58,False,0.58,28.999999999999996,28.999999999999996
2023-09-18,50,58,,0.58,28.999999999999996,30.159999999999997
2023-09-19,52,58,,0.58,30.159999999999997,28.999999999999996
2023-09-20,50,58,,0.58,28.999999999999996,28.42
2023-09-21,49,58,,0.58,28.42,27.839999999999996
2023-09-22,48,58,,0.58,27.839999999999996,27.839999999999996
2023-09-23,48,58,,0.58,27.839999999999996,27.26
2023-09-24,47,58,False,0.58,27.26,29.58
2023-09-25,51,58,,0.58,29.58,28.999999999999996
2023-09-26,50,58,,0.58,28.999999999999996,28.999999999999996
2023-09-27,50,58,,0.58,28.999999999999996,28.999999999999996
2023-09-28,50,58,,0.58,28.999999999999996,27.839999999999996
2023-09-29,48,58,,0.58,27.839999999999996,24.94
2023-09-30,43,58,,0.58,24.94,48.13999999999999
2023-10-01,83,58,False,0.58,48.13999999999999,56.26
2023-10-02,97,58,,0.58,56.26,57.419999999999995
2023-10-03,99,58,,0.58,57.419999999999995,55.099999999999994
2023-10-04,95,58,,0.58,55.099999999999994,57.99999999999999
2023-10-05,100,58,,0.58,57.99999999999999,46.98
2023-10-06,81,58,,0.58,46.98,49.879999999999995
2023-10-07,86,58,,0.58,49.879999999999995,52.64000000000001
2023-10-08,94,56,False,0.56,52.64000000000001,54.88
2023-10-09,98,56,,0.56,54.88,52.64000000000001
2023-10-10,94,56,,0.56,52.64000000000001,50.96000000000001
2023-10-11,91,56,,0.56,50.96000000000001,49.84
2023-10-12,89,56,,0.56,49.84,45.92
2023-10-13,82,56,,0.56,45.92,45.92
2023-10-14,82,56,,0.56,45.92,49.879999999999995
2023-10-15,86,58,False,0.58,49.879999999999995,54.52
2023-10-16,94,58,,0.58,54.52,56.26
2023-10-17,97,58,,0.58,56.26,52.2
2023-10-18,90,58,,0.58,52.2,51.62
2023-10-19,89,58,,0.58,51.62,51.62
2023-10-20,89,58,,0.58,51.62,46.4
2023-10-21,80,58,,0.58,46.4,45.760000000000005
2023-10-22,88,52,False,0.52,45.760000000000005,46.8
2023-10-23,90,52,,0.52,46.8,48.36
2023-10-24,93,52,,0.52,48.36,45.760000000000005
2023-10-25,88,52,,0.52,45.760000000000005,47.32
2023-10-26,91,52,,0.52,47.32,45.24
2023-10-27,87,52,,0.52,45.24,41.08
2023-10-28,79,52,,0.52,41.08,42.400000000000006
2023-10-29,80,53,False,0.53,42.400000000000006,47.7
2023-10-30,90,53,,0.53,47.7,45.580000000000005
2023-10-31,86,53,,0.53,45.580000000000005,40.28
2023-11-01,76,53,,0.53,40.28,39.22
2023-11-02,74,53,,0.53,39.22,37.63
2023-11-03,71,53,,0.53,37.63,34.980000000000004
2023-11-04,66,53,,0.53,34.980000000000004,38.690000000000005
2023-11-05,73,53,False,0.53,38.690000000000005,40.81
2023-11-06,77,53,,0.53,40.81,42.400000000000006
2023-11-07,80,53,,0.53,42.400000000000006,38.690000000000005
2023-11-08,73,53,,0.53,38.690000000000005,40.81
2023-11-09,77,53,,0.53,40.81,36.57
2023-11-10,69,53,,0.53,36.57,35.510000000000005
2023-11-11,67,53,,0.53,35.510000000000005,35.36
2023-11-12,68,52,False,0.52,35.36,38.48
2023-11-13,74,52,,0.52,38.48,40.04
2023-11-14,77,52,,0.52,40.04,37.96
2023-11-15,73,52,,0.52,37.96,35.36
2023-11-16,68,52,,0.52,35.36,34.32
2023-11-17,66,52,,0.52,34.32,36.4
2023-11-18,70,52,,0.52,36.4,36.4
2023-11-19,70,52,False,0.52,36.4,40.56
2023-11-20,78,52,,0.52,40.56,41.6
2023-11-21,80,52,,0.52,41.6,41.08
2023-11-22,79,52,,0.52,41.08,30.16
2023-11-23,58,52,,0.52,30.16,34.84
2023-11-24,67,52,,0.52,34.84,34.32
2023-11-25,66,52,,0.52,34.32,41.61
2023-11-26,73,57,False,0.57,41.61,46.169999999999995
2023-11-27,81,57,,0.57,46.169999999999995,56.99999999999999
2023-11-28,100,57,,0.57,56.99999999999999,48.45
2023-11-29,85,57,,0.57,48.45,41.04
2023-11-30,72,57,,0.57,41.04,46.739999999999995
2023-12-01,82,57,,0.57,46.739999999999995,45.029999999999994
2023-12-02,79,57,,0.57,45.029999999999994,42.84
2023-12-03,84,51,False,0.51,42.84,46.92
2023-12-04,92,51,,0.51,46.92,46.41
2023-12-05,91,51,,0.51,46.41,45.39
2023-12-06,89,51,,0.51,45.39,44.88
2023-12-07,88,51,,0.51,44.88,42.33
2023-12-08,83,51,,0.51,42.33,40.8
2023-12-09,80,51,,0.51,40.8,45.9
2023-12-10,90,51,False,0.51,45.9,43.35
2023-12-11,85,51,,0.51,43.35,47.43
2023-12-12,93,51,,0.51,47.43,44.88
2023-12-13,88,51,,0.51,44.88,44.88
2023-12-14,88,51,,0.51,44.88,42.84
2023-12-15,84,51,,0.51,42.84,44.37
2023-12-16,87,51,,0.51,44.37,49.29
2023-12-17,93,53,False,0.53,49.29,46.64
2023-12-18,88,53,,0.53,46.64,45.580000000000005
2023-12-19,86,53,,0.53,45.580000000000005,51.41
2023-12-20,97,53,,0.53,51.41,46.11
2023-12-21,87,53,,0.53,46.11,44.52
2023-12-22,84,53,,0.53,44.52,43.46
2023-12-23,82,53,,0.53,43.46,40.04
2023-12-24,77,52,False,0.52,40.04,36.92
2023-12-25,71,52,,0.52,36.92,46.28
2023-12-26,89,52,,0.52,46.28,52.0
2023-12-27,100,52,,0.52,52.0,50.440000000000005
2023-12-28,97,52,,0.52,50.440000000000005,50.440000000000005
2023-12-29,97,52,,0.52,50.440000000000005,44.72
2023-12-30,86,52,,0.52,44.72,53.76
2023-12-31,84,64,False,0.64,53.76,35.2
2024-01-01,55,64,,0.64,35.2,42.88
2024-01-02,67,64,,0.64,42.88,46.72
2024-01-03,73,64,,0.64,46.72,46.08
2024-01-04,72,64,,0.64,46.08,42.24
2024-01-05,66,64,,0.64,42.24,42.88
2024-01-06,67,64,,0.64,42.88,49.7
2024-01-07,70,71,False,0.71,49.7,58.22
2024-01-08,82,71,,0.71,58.22,59.64
2024-01-09,84,71,,0.71,59.64,54.669999999999995
2024-01-10,77,71,,0.71,54.669999999999995,56.09
2024-01-11,79,71,,0.71,56.09,54.669999999999995
2024-01-12,77,71,,0.71,54.669999999999995,50.41
2024-01-13,71,71,,0.71,50.41,48.1
2024-01-14,65,74,False,0.74,48.1,58.46
2024-01-15,79,74,,0.74,58.46,59.2
2024-01-16,80,74,,0.74,59.2,55.5
2024-01-17,75,74,,0.74,55.5,55.5
2024-01-18,75,74,,0.74,55.5,64.38
2024-01-19,87,74,,0.74,64.38,74.0
2024-01-20,100,74,,0.74,74.0,61.2
2024-01-21,90,68,False,0.68,61.2,62.56
2024-01-22,92,68,,0.68,62.56,55.760000000000005
2024-01-23,82,68,,0.68,55.760000000000005,51.68000000000001
2024-01-24,76,68,,0.68,51.68000000000001,44.88
2024-01-25,66,68,,0.68,44.88,40.120000000000005
2024-01-26,59,68,,0.68,40.120000000000005,37.400000000000006
2024-01-27,55,68,,0.68,37.400000000000006,34.769999999999996
2024-01-28,61,57,False,0.57,34.769999999999996,35.339999999999996
2024-01-29,62,57,,0.57,35.339999999999996,36.48
2024-01-30,64,57,,0.57,36.48,34.769999999999996
2024-01-31,61,57,,0.57,34.769999999999996,53.01
2024-02-01,93,57,,0.57,53.01,48.45
2024-02-02,85,57,,0.57,48.45,56.99999999999999
2024-02-03,100,57,,0.57,56.99999999999999,53.099999999999994
2024-02-04,90,59,False,0.59,53.099999999999994,53.099999999999994
2024-02-05,90,59,,0.59,53.099999999999994,53.69
2024-02-06,91,59,,0.59,53.69,53.69
2024-02-07,91,59,,0.59,53.69,51.919999999999995
2024-02-08,88,59,,0.59,51.919999999999995,52.51
2024-02-09,89,59,,0.59,52.51,49.559999999999995
2024-02-10,84,59,,0.59,49.559999999999995,45.92
2024-02-11,82,56,False,0.56,45.92,45.36000000000001
2024-02-12,81,56,,0.56,45.36000000000001,53.2
2024-02-13,95,56,,0.56,53.2,47.6
2024-02-14,85,56,,0.56,47.6,47.6
2024-02-15,85,56,,0.56,47.6,49.28
2024-02-16,88,56,,0.56,49.28,48.16
2024-02-17,86,56,,0.56,48.16,55.51
2024-02-18,91,61,False,0.61,55.51,61.0
2024-02-19,100,61,,0.61,61.0,56.73
2024-02-20,93,61,,0.61,56.73,58.56
2024-02-21,96,61,,0.61,58.56,55.51
2024-02-22,91,61,,0.61,55.51,53.07
2024-02-23,87,61,,0.61,53.07,54.29
2024-02-24,89,61,,0.61,54.29,50.16
2024-02-25,88,57,False,0.57,50.16,51.3
2024-02-26,90,57,,0.57,51.3,55.28999999999999
2024-02-27,97,57,,0.57,55.28999999999999,54.15
2024-02-28,95,57,,0.57,54.15,52.44
2024-02-29,92,57,,0.57,52.44,37.62
2024-03-01,66,57,,0.57,37.62,37.05
2024-03-02,65,57,,0.57,37.05,47.52
2024-03-03,72,66,False,0.66,47.52,47.52
2024-03-04,72,66,,0.66,47.52,48.84
2024-03-05,74,66,,0.66,48.84,48.18
2024-03-06,73,66,,0.66,48.18,50.16
2024-03-07,76,66,,0.66,50.16,56.760000000000005
2024-03-08,86,66,,0.66,56.760000000000005,60.06
2024-03-09,91,66,,0.66,60.06,57.120000000000005
2024-03-10,84,68,False,0.68,57.120000000000005,55.080000000000005
2024-03-11,81,68,,0.68,55.080000000000005,53.040000000000006
2024-03-12,78,68,,0.68,53.040000000000006,53.720000000000006
2024-03-13,79,68,,0.68,53.720000000000006,52.36000000000001
2024-03-14,77,68,,0.68,52.36000000000001,48.28
2024-03-15,71,68,,0.68,48.28,53.720000000000006
2024-03-16,79,68,,0.68,53.720000000000006,54.02
2024-03-17,74,73,False,0.73,54.02,64.24
2024-03-18,88,73,,0.73,64.24,73.0
2024-03-19,100,73,,0.73,73.0,61.32
2024-03-20,84,73,,0.73,61.32,54.02
2024-03-21,74,73,,0.73,54.02,50.37
2024-03-22,69,73,,0.73,50.37,48.91
2024-03-23,67,73,,0.73,48.91,49.14
2024-03-24,78,63,False,0.63,49.14,57.96
2024-03-25,92,63,,0.63,57.96,46.62
2024-03-26,74,63,,0.63,46.62,47.88
2024-03-27,76,63,,0.63,47.88,43.47
2024-03-28,69,63,,0.63,43.47,39.06
2024-03-29,62,63,,0.63,39.06,49.77
2024-03-30,79,63,,0.63,49.77,58.9
2024-03-31,95,62,False,0.62,58.9,62.0
2024-04-01,100,62,,0.62,62.0,48.98
2024-04-02,79,62,,0.62,48.98,52.7
2024-04-03,85,62,,0.62,52.7,48.98
2024-04-04,79,62,,0.62,48.98,48.98
2024-04-05,79,62,,0.62,48.98,45.88
2024-04-06,74,62,,0.62,45.88,40.7
2024-04-07,74,55,False,0.55,40.7,44.0
2024-04-08,80,55,,0.55,44.0,44.55
2024-04-09,81,55,,0.55,44.55,46.75000000000001
2024-04-10,85,55,,0.55,46.75000000000001,41.8
2024-04-11,76,55,,0.55,41.8,44.55
2024-04-12,81,55,,0.55,44.55,38.5
2024-04-13,70,55,,0.55,38.5,47.559999999999995
2024-04-14,82,58,False,0.58,47.559999999999995,45.82
2024-04-15,79,58,,0.58,45.82,46.98
2024-04-16,81,58,,0.58,46.98,50.459999999999994
2024-04-17,87,58,,0.58,50.459999999999994,48.72
2024-04-18,84,58,,0.58,48.72,42.919999999999995
2024-04-19,74,58,,0.58,42.919999999999995,44.66
2024-04-20,77,58,,0.58,44.66,51.03
2024-04-21,81,63,False,0.63,51.03,63.0
2024-04-22,100,63,,0.63,63.0,56.07
2024-04-23,89,63,,0.63,56.07,52.29
2024-04-24,83,63,,0.63,52.29,48.51
2024-04-25,77,63,,0.63,48.51,46.62
2024-04-26,74,63,,0.63,46.62,45.36
2024-04-27,72,63,,0.63,45.36,39.6
2024-04-28,72,55,False,0.55,39.6,40.150000000000006
2024-04-29,73,55,,0.55,40.150000000000006,45.1
2024-04-30,82,55,,0.55,45.1,42.35
2024-05-01,77,55,,0.55,42.35,40.150000000000006
2024-05-02,73,55,,0.55,40.150000000000006,41.25
2024-05-03,75,55,,0.55,41.25,36.85
2024-05-04,67,55,,0.55,36.85,45.36
2024-05-05,72,63,False,0.63,45.36,52.29
2024-05-06,83,63,,0.63,52.29,47.25
2024-05-07,75,63,,0.63,47.25,47.25
2024-05-08,75,63,,0.63,47.25,49.14
2024-05-09,78,63,,0.63,49.14,52.92
2024-05-10,84,63,,0.63,52.92,52.92
2024-05-11,84,63,,0.63,52.92,44.73
2024-05-12,71,63,False,0.63,44.73,51.03
2024-05-13,81,63,,0.63,51.03,51.66
2024-05-14,82,63,,0.63,51.66,54.81
2024-05-15,87,63,,0.63,54.81,51.03
2024-05-16,81,63,,0.63,51.03,48.51
2024-05-17,77,63,,0.63,48.51,44.73
2024-05-18,71,63,,0.63,44.73,48.64
2024-05-19,76,64,False,0.64,48.64,51.84
2024-05-20,81,64,,0.64,51.84,53.120000000000005
2024-05-21,83,64,,0.64,53.120000000000005,49.28
2024-05-22,77,64,,0.64,49.28,51.2
2024-05-23,80,64,,0.64,51.2,51.2
2024-05-24,80,64,,0.64,51.2,46.08
2024-05-25,72,64,,0.64,46.08,47.52
2024-05-26,72,66,False,0.66,47.52,54.120000000000005
2024-05-27,82,66,,0.66,54.120000000000005,62.040000000000006
2024-05-28,94,66,,0.66,62.040000000000006,66.0
2024-05-29,100,66,,0.66,66.0,55.440000000000005
2024-05-30,84,66,,0.66,55.440000000000005,49.5
2024-05-31,75,66,,0.66,49.5,40.260000000000005
2024-06-01,61,66,,0.66,40.260000000000005,46.36
2024-06-02,61,76,False,0.76,46.36,59.28
2024-06-03,78,76,,0.76,59.28,75.24
2024-06-04,99,76,,0.76,75.24,76.0
2024-06-05,100,76,,0.76,76.0,53.2
2024-06-06,70,76,,0.76,53.2,44.84
2024-06-07,59,76,,0.76,44.84,41.8
2024-06-08,55,76,,0.76,41.8,39.6
2024-06-09,60,66,False,0.66,39.6,40.260000000000005
2024-06-10,61,66,,0.66,40.260000000000005,41.580000000000005
2024-06-11,63,66,,0.66,41.580000000000005,44.88
2024-06-12,68,66,,0.66,44.88,42.24
2024-06-13,64,66,,0.66,42.24,40.92
2024-06-14,62,66,,0.66,40.92,38.940000000000005
2024-06-15,59,66,,0.66,38.940000000000005,34.8
2024-06-16,58,60,False,0.6,34.8,40.8
2024-06-17,68,60,,0.6,40.8,39.0
2024-06-18,65,60,,0.6,39.0,39.6
2024-06-19,66,60,,0.6,39.6,38.4
2024-06-20,64,60,,0.6,38.4,36.0
2024-06-21,60,60,,0.6,36.0,37.8
2024-06-22,63,60,,0.6,37.8,44.22
2024-06-23,67,66,False,0.66,44.22,40.92
2024-06-24,62,66,,0.66,40.92,42.9
2024-06-25,65,66,,0.66,42.9,41.580000000000005
2024-06-26,63,66,,0.66,41.580000000000005,40.92
2024-06-27,62,66,,0.66,40.92,41.580000000000005
2024-06-28,63,66,,0.66,41.580000000000005,43.56
2024-06-29,66,66,,0.66,43.56,39.06
2024-06-30,63,62,False,0.62,39.06,31.62
2024-07-01,51,62,,0.62,31.62,31.0
2024-07-02,50,62,,0.62,31.0,29.14
2024-07-03,47,62,,0.62,29.14,26.04
2024-07-04,42,62,,0.62,26.04,26.04
2024-07-05,42,62,,0.62,26.04,26.66
2024-07-06,43,62,,0.62,26.66,35.0
2024-07-07,50,70,False,0.7,35.0,37.8
2024-07-08,54,70,,0.7,37.8,39.9
2024-07-09,57,70,,0.7,39.9,43.4
2024-07-10,62,70,,0.7,43.4,35.699999999999996
2024-07-11,51,70,,0.7,35.699999999999996,35.0
2024-07-12,50,70,,0.7,35.0,30.799999999999997
2024-07-13,44,70,,0.7,30.799999999999997,33.54
2024-07-14,43,78,False,0.78,33.54,37.44
2024-07-15,48,78,,0.78,37.44,40.56
2024-07-16,52,78,,0.78,40.56,47.58
2024-07-17,61,78,,0.78,47.58,42.120000000000005
2024-07-18,54,78,,0.78,42.120000000000005,78.0
2024-07-19,100,78,,0.78,78.0,48.36
2024-07-20,62,78,,0.78,48.36,34.980000000000004
2024-07-21,53,66,False,0.66,34.980000000000004,37.620000000000005
2024-07-22,57,66,,0.66,37.620000000000005,36.96
2024-07-23,56,66,,0.66,36.96,32.34
2024-07-24,49,66,,0.66,32.34,31.020000000000003
2024-07-25,47,66,,0.66,31.020000000000003,29.040000000000003
2024-07-26,44,66,,0.66,29.040000000000003,24.42
2024-07-27,37,66,,0.66,24.42,26.24
2024-07-28,41,64,False,0.64,26.24,32.0
2024-07-29,50,64,,0.64,32.0,31.36
2024-07-30,49,64,,0.64,31.36,28.8
2024-07-31,45,64,,0.64,28.8,50.56
2024-08-01,79,64,,0.64,50.56,56.96
2024-08-02,89,64,,0.64,56.96,56.96
2024-08-03,89,64,,0.64,56.96,63.0
2024-08-04,100,63,False,0.63,63.0,52.92
2024-08-05,84,63,,0.63,52.92,52.92
2024-08-06,84,63,,0.63,52.92,53.55
2024-08-07,85,63,,0.63,53.55,47.88
2024-08-08,76,63,,0.63,47.88,48.51
2024-08-09,77,63,,0.63,48.51,40.95
2024-08-10,65,63,,0.63,40.95,38.64
2024-08-11,69,56,False,0.56,38.64,44.24
2024-08-12,79,56,,0.56,44.24,43.68000000000001
2024-08-13,78,56,,0.56,43.68000000000001,45.92
2024-08-14,82,56,,0.56,45.92,40.88
2024-08-15,73,56,,0.56,40.88,41.440000000000005
2024-08-16,74,56,,0.56,41.440000000000005,39.760000000000005
2024-08-17,71,56,,0.56,39.760000000000005,49.6
2024-08-18,80,62,False,0.62,49.6,52.08
2024-08-19,84,62,,0.62,52.08,52.7
2024-08-20,85,62,,0.62,52.7,48.36
2024-08-21,78,62,,0.62,48.36,47.12
2024-08-22,76,62,,0.62,47.12,44.02
2024-08-23,71,62,,0.62,44.02,40.92
2024-08-24,66,62,,0.62,40.92,45.0
2024-08-25,75,60,False,0.6,45.0,45.6
2024-08-26,76,60,,0.6,45.6,48.0
2024-08-27,80,60,,0.6,48.0,48.0
2024-08-28,80,60,,0.6,48.0,46.2
2024-08-29,77,60,,0.6,46.2,48.0
2024-08-30,80,60,,0.6,48.0,40.2
2024-08-31,67,60,,0.6,40.2,47.32
2024-09-01,91,52,False,0.52,47.32,48.88
2024-09-02,94,52,,0.52,48.88,48.36
2024-09-03,93,52,,0.52,48.36,50.440000000000005
2024-09-04,97,52,,0.52,50.440000000000005,49.92
2024-09-05,96,52,,0.52,49.92,45.760000000000005
2024-09-06,88,52,,0.52,45.760000000000005,42.120000000000005
2024-09-07,81,52,,0.52,42.120000000000005,47.7
2024-09-08,90,53,False,0.53,47.7,50.35
2024-09-09,95,53,,0.53,50.35,48.760000000000005
2024-09-10,92,53,,0.53,48.760000000000005,46.11
2024-09-11,87,53,,0.53,46.11,46.64
2024-09-12,88,53,,0.53,46.64,46.64
2024-09-13,88,53,,0.53,46.64,45.05
2024-09-14,85,53,,0.53,45.05,42.400000000000006
2024-09-15,80,53,False,0.53,42.400000000000006,47.7
2024-09-16,90,53,,0.53,47.7,51.41
2024-09-17,97,53,,0.53,51.41,51.41
2024-09-18,97,53,,0.53,51.41,49.29
2024-09-19,93,53,,0.53,49.29,48.23
2024-09-20,91,53,,0.53,48.23,42.93
2024-09-21,81,53,,0.53,42.93,44.52
2024-09-22,84,53,False,0.53,44.52,51.41
2024-09-23,97,53,,0.53,51.41,53.0
2024-09-24,100,53,,0.53,53.0,51.41
2024-09-25,97,53,,0.53,51.41,51.41
2024-09-26,97,53,,0.53,51.41,49.82
2024-09-27,94,53,,0.53,49.82,42.93
2024-09-28,81,53,,0.53,42.93,43.0
2024-09-29,86,50,False,0.5,43.0,42.0
2024-09-30,84,50,,0.5,42.0,44.0
2024-10-01,88,50,,0.5,44.0,46.5
2024-10-02,93,50,,0.5,46.5,44.5
2024-10-03,89,50,,0.5,44.5,45.0
2024-10-04,90,50,,0.5,45.0,42.0
2024-10-05,84,50,,0.5,42.0,47.52
2024-10-06,99,48,False,0.48,47.52,47.52
2024-10-07,99,48,,0.48,47.52,43.68
2024-10-08,91,48,,0.48,43.68,42.239999999999995
2024-10-09,88,48,,0.48,42.239999999999995,41.76
2024-10-10,87,48,,0.48,41.76,45.12
2024-10-11,94,48,,0.48,45.12,44.16
2024-10-12,92,48,,0.48,44.16,42.0
2024-10-13,84,50,False,0.5,42.0,48.5
2024-10-14,97,50,,0.5,48.5,46.5
2024-10-15,93,50,,0.5,46.5,49.5
2024-10-16,99,50,,0.5,49.5,48.0
2024-10-17,96,50,,0.5,48.0,47.5
2024-10-18,95,50,,0.5,47.5,42.5
2024-10-19,85,50,,0.5,42.5,38.4
2024-10-20,80,48,False,0.48,38.4,48.0
2024-10-21,100,48,,0.48,48.0,45.12
2024-10-22,94,48,,0.48,45.12,44.16
2024-10-23,92,48,,0.48,44.16,43.2
2024-10-24,90,48,,0.48,43.2,43.68
2024-10-25,91,48,,0.48,43.68,36.0
2024-10-26,75,48,,0.48,36.0,38.18
2024-10-27,83,46,False,0.46,38.18,41.86
2024-10-28,91,46,,0.46,41.86,44.620000000000005
2024-10-29,97,46,,0.46,44.620000000000005,44.620000000000005
2024-10-30,97,46,,0.46,44.620000000000005,41.4
2024-10-31,90,46,,0.46,41.4,37.72
2024-11-01,82,46,,0.46,37.72,35.42
2024-11-02,77,46,,0.46,35.42,38.25
2024-11-03,85,45,False,0.45,38.25,39.15
2024-11-04,87,45,,0.45,39.15,39.15
2024-11-05,87,45,,0.45,39.15,27.9
2024-11-06,62,45,,0.45,27.9,38.7
2024-11-07,86,45,,0.45,38.7,40.5
2024-11-08,90,45,,0.45,40.5,37.8
2024-11-09,84,45,,0.45,37.8,37.92
2024-11-10,79,48,False,0.48,37.92,48.0
2024-11-11,100,48,,0.48,48.0,41.76
2024-11-12,87,48,,0.48,41.76,40.8
2024-11-13,85,48,,0.48,40.8,40.32
2024-11-14,84,48,,0.48,40.32,41.28
2024-11-15,86,48,,0.48,41.28,36.0
2024-11-16,75,48,,0.48,36.0,46.5
2024-11-17,93,50,False,0.5,46.5,44.0
2024-11-18,88,50,,0.5,44.0,43.5
2024-11-19,87,50,,0.5,43.5,43.5
2024-11-20,87,50,,0.5,43.5,45.0
2024-11-21,90,50,,0.5,45.0,45.0
2024-11-22,90,50,,0.5,45.0,45.0
2024-11-23,90,50,,0.5,45.0,40.8
2024-11-24,85,48,False,0.48,40.8,44.16
2024-11-25,92,48,,0.48,44.16,45.12
2024-11-26,94,48,,0.48,45.12,42.239999999999995
2024-11-27,88,48,,0.48,42.239999999999995,33.6
2024-11-28,70,48,,0.48,33.6,40.32
2024-11-29,84,48,,0.48,40.32,41.76
2024-11-30,87,48,,0.48,41.76,43.120000000000005
2024-12-01,77,56,False,0.56,43.120000000000005,45.92
2024-12-02,82,56,,0.56,45.92,56.00000000000001
2024-12-03,100,56,,0.56,56.00000000000001,45.92
2024-12-04,82,56,,0.56,45.92,40.32000000000001
2024-12-05,72,56,,0.56,40.32000000000001,36.96
2024-12-06,66,56,,0.56,36.96,36.96
2024-12-07,66,56,,0.56,36.96,31.28
2024-12-08,68,46,False,0.46,31.28,34.04
2024-12-09,74,46,,0.46,34.04,32.660000000000004
2024-12-10,71,46,,0.46,32.660000000000004,32.660000000000004
2024-12-11,71,46,,0.46,32.660000000000004,33.58
2024-12-12,73,46,,0.46,33.58,31.74
2024-12-13,69,46,,0.46,31.74,33.120000000000005
2024-12-14,72,46,,0.46,33.120000000000005,36.4
2024-12-15,70,52,False,0.52,36.4,40.04
2024-12-16,77,52,,0.52,40.04,39.52
2024-12-17,76,52,,0.52,39.52,39.0
2024-12-18,75,52,,0.52,39.0,40.04
2024-12-19,77,52,,0.52,40.04,41.6
2024-12-20,80,52,,0.52,41.6,39.0
2024-12-21,75,52,,0.52,39.0,39.22
2024-12-22,74,53,False,0.53,39.22,40.81
2024-12-23,77,53,,0.53,40.81,39.75
2024-12-24,75,53,,0.53,39.75,36.04
2024-12-25,68,53,,0.53,36.04,51.41
2024-12-26,97,53,,0.53,51.41,44.52
2024-12-27,84,53,,0.53,44.52,41.34
2024-12-28,78,53,,0.53,41.34,49.84
2024-12-29,89,56,False,0.56,49.84,47.040000000000006
2024-12-30,84,56,,0.56,47.040000000000006,44.24
2024-12-31,79,56,,0.56,44.24,40.88
2025-01-01,73,56,,0.56,40.88,45.92
2025-01-02,82,56,,0.56,45.92,47.6
2025-01-03,85,56,,0.56,47.6,44.24
2025-01-04,79,56,,0.56,44.24,54.27
2025-01-05,81,67,False,0.67,54.27,60.970000000000006
2025-01-06,91,67,,0.67,60.970000000000006,59.63
2025-01-07,89,67,,0.67,59.63,52.93
2025-01-08,79,67,,0.67,52.93,52.93
2025-01-09,79,67,,0.67,52.93,55.61000000000001
2025-01-10,83,67,,0.67,55.61000000000001,54.940000000000005
2025-01-11,82,67,,0.67,54.940000000000005,43.120000000000005
2025-01-12,77,56,False,0.56,43.120000000000005,44.8
2025-01-13,80,56,,0.56,44.8,43.68000000000001
2025-01-14,78,56,,0.56,43.68000000000001,45.36000000000001
2025-01-15,81,56,,0.56,45.36000000000001,44.8
2025-01-16,80,56,,0.56,44.8,40.88
2025-01-17,73,56,,0.56,40.88,35.84
2025-01-18,64,56,,0.56,35.84,39.2
2025-01-19,70,56,False,0.56,39.2,44.24
2025-01-20,79,56,,0.56,44.24,41.440000000000005
2025-01-21,74,56,,0.56,41.440000000000005,48.16
2025-01-22,86,56,,0.56,48.16,41.440000000000005
2025-01-23,74,56,,0.56,41.440000000000005,38.080000000000005
2025-01-24,68,56,,0.56,38.080000000000005,56.00000000000001
2025-01-25,100,56,,0.56,56.00000000000001,53.760000000000005
2025-01-26,96,56,False,0.56,53.760000000000005,41.440000000000005
2025-01-27,74,56,,0.56,41.440000000000005,41.440000000000005
2025-01-28,74,56,,0.56,41.440000000000005,40.32000000000001
2025-01-29,72,56,,0.56,40.32000000000001,44.24
2025-01-30,79,56,,0.56,44.24,39.760000000000005
2025-01-31,71,56,,0.56,39.760000000000005,36.96
2025-02-01,66,56,,0.56,36.96,52.080000000000005
2025-02-02,93,56,False,0.56,52.080000000000005,56.00000000000001
2025-02-03,100,56,,0.56,56.00000000000001,46.48
2025-02-04,83,56,,0.56,46.48,40.32000000000001
2025-02-05,72,56,,0.56,40.32000000000001,43.68000000000001
2025-02-06,78,56,,0.56,43.68000000000001,42.00000000000001
2025-02-07,75,56,,0.56,42.00000000000001,41.440000000000005
2025-02-08,74,56,,0.56,41.440000000000005,38.5
2025-02-09,70,55,False,0.55,38.5,37.400000000000006
2025-02-10,68,55,,0.55,37.400000000000006,42.35
2025-02-11,77,55,,0.55,42.35,41.8
2025-02-12,76,55,,0.55,41.8,45.1
2025-02-13,82,55,,0.55,45.1,41.8
2025-02-14,76,55,,0.55,41.8,42.35
2025-02-15,77,55,,0.55,42.35,48.95
2025-02-16,89,55,False,0.55,48.95,47.3
2025-02-17,86,55,,0.55,47.3,47.85
2025-02-18,87,55,,0.55,47.85,44.0
2025-02-19,80,55,,0.55,44.0,44.0
2025-02-20,80,55,,0.55,44.0,41.25
2025-02-21,75,55,,0.55,41.25,35.2
2025-02-22,64,55,,0.55,35.2,37.63
2025-02-23,71,53,False,0.53,37.63,39.22
2025-02-24,74,53,,0.53,39.22,42.93
2025-02-25,81,53,,0.53,42.93,42.93
2025-02-26,81,53,,0.53,42.93,38.690000000000005
2025-02-27,73,53,,0.53,38.690000000000005,37.1
2025-02-28,70,53,,0.53,37.1,39.75
2025-03-01,75,53,,0.53,39.75,44.55
2025-03-02,81,55,False,0.55,44.55,52.8
2025-03-03,96,55,,0.55,52.8,46.75000000000001
2025-03-04,85,55,,0.55,46.75000000000001,49.50000000000001
2025-03-05,90,55,,0.55,49.50000000000001,47.85
2025-03-06,87,55,,0.55,47.85,44.55
2025-03-07,81,55,,0.55,44.55,43.45
2025-03-08,79,55,,0.55,43.45,45.1
2025-03-09,82,55,False,0.55,45.1,46.75000000000001
2025-03-10,85,55,,0.55,46.75000000000001,52.25000000000001
2025-03-11,95,55,,0.55,52.25000000000001,50.6
2025-03-12,92,55,,0.55,50.6,51.7
2025-03-13,94,55,,0.55,51.7,44.55
2025-03-14,81,55,,0.55,44.55,47.85
2025-03-15,87,55,,0.55,47.85,56.99999999999999
2025-03-16,100,57,False,0.57,56.99999999999999,51.87
2025-03-17,91,57,,0.57,51.87,48.45
2025-03-18,85,57,,0.57,48.45,54.15
2025-03-19,95,57,,0.57,54.15,54.15
2025-03-20,95,57,,0.57,54.15,50.16
2025-03-21,88,57,,0.57,50.16,43.88999999999999
2025-03-22,77,57,,0.57,43.88999999999999,57.82
2025-03-23,98,59,False,0.59,57.82,53.099999999999994
2025-03-24,90,59,,0.59,53.099999999999994,53.69
2025-03-25,91,59,,0.59,53.69,51.919999999999995
2025-03-26,88,59,,0.59,51.919999999999995,50.739999999999995
2025-03-27,86,59,,0.59,50.739999999999995,51.33
2025-03-28,87,59,,0.59,51.33,44.84
2025-03-29,76,59,,0.59,44.84,46.440000000000005
2025-03-30,86,54,False,0.54,46.440000000000005,48.6
2025-03-31,90,54,,0.54,48.6,54.0
2025-04-01,100,54,,0.54,54.0,51.84
2025-04-02,96,54,,0.54,51.84,52.38
2025-04-03,97,54,,0.54,52.38,50.220000000000006
2025-04-04,93,54,,0.54,50.220000000000006,45.36
2025-04-05,84,54,,0.54,45.36,45.9
2025-04-06,90,51,False,0.51,45.9,44.88
2025-04-07,88,51,,0.51,44.88,46.41
2025-04-08,91,51,,0.51,46.41,51.0
2025-04-09,100,51,,0.51,51.0,46.41
2025-04-10,91,51,,0.51,46.41,47.94
2025-04-11,94,51,,0.51,47.94,41.82
2025-04-12,82,51,,0.51,41.82,41.82
2025-04-13,82,51,False,0.51,41.82,42.84
