Rakuten_unscaled,Rakuten_monthly,isPartial,scale,Rakuten
78,,,,
80,,,,
73,,,,
84,22.0,False,0.22,18.48
74,22.0,,0.22,16.28
71,22.0,,0.22,15.62
74,22.0,,0.22,16.28
74,22.0,,0.22,16.28
74,22.0,,0.22,16.28
74,22.0,,0.22,16.28
84,25.0,False,0.25,21.0
95,25.0,,0.25,23.75
99,25.0,,0.25,24.75
100,25.0,,0.25,25.0
84,25.0,,0.25,21.0
83,25.0,,0.25,20.75
85,25.0,,0.25,21.25
89,23.0,False,0.23,20.470000000000002
83,23.0,,0.23,19.09
79,23.0,,0.23,18.17
75,23.0,,0.23,17.25
74,23.0,,0.23,17.02
74,23.0,,0.23,17.02
72,23.0,,0.23,16.560000000000002
85,29.0,False,0.29,24.65
82,29.0,,0.29,23.779999999999998
82,29.0,,0.29,23.779999999999998
82,29.0,,0.29,23.779999999999998
91,29.0,,0.29,26.389999999999997
90,29.0,,0.29,26.099999999999998
92,29.0,,0.29,26.68
19,25.0,False,0.25,4.75
19,25.0,,0.25,4.75
18,25.0,,0.25,4.5
10,25.0,,0.25,2.5
13,25.0,,0.25,3.25
17,25.0,,0.25,4.25
19,25.0,,0.25,4.75
22,37.0,False,0.37,8.14
22,37.0,,0.37,8.14
19,37.0,,0.37,7.03
29,37.0,,0.37,10.73
30,37.0,,0.37,11.1
23,37.0,,0.37,8.51
29,37.0,,0.37,10.73
32,51.0,False,0.51,16.32
29,51.0,,0.51,14.790000000000001
25,51.0,,0.51,12.75
26,51.0,,0.51,13.26
29,51.0,,0.51,14.790000000000001
30,51.0,,0.51,15.3
35,51.0,,0.51,17.85
44,100.0,False,1.0,44.0
37,100.0,,1.0,37.0
37,100.0,,1.0,37.0
38,100.0,,1.0,38.0
55,100.0,,1.0,55.0
100,100.0,,1.0,100.0
100,100.0,,1.0,100.0
74,98.0,False,0.98,72.52
99,98.0,,0.98,97.02
100,98.0,,0.98,98.0
57,98.0,,0.98,55.86
47,98.0,,0.98,46.06
48,98.0,,0.98,47.04
50,98.0,,0.98,49.0
57,59.0,False,0.59,33.629999999999995
45,59.0,,0.59,26.549999999999997
42,59.0,,0.59,24.779999999999998
44,59.0,,0.59,25.959999999999997
42,59.0,,0.59,24.779999999999998
40,59.0,,0.59,23.599999999999998
43,59.0,,0.59,25.369999999999997
45,45.0,False,0.45,20.25
42,45.0,,0.45,18.900000000000002
40,45.0,,0.45,18.0
32,45.0,,0.45,14.4
28,45.0,,0.45,12.6
30,45.0,,0.45,13.5
32,45.0,,0.45,14.4
30,30.0,False,0.3,9.0
28,30.0,,0.3,8.4
26,30.0,,0.3,7.8
23,30.0,,0.3,6.8999999999999995
21,30.0,,0.3,6.3
22,30.0,,0.3,6.6
27,30.0,,0.3,8.1
29,28.0,False,0.28,8.120000000000001
26,28.0,,0.28,7.280000000000001
25,28.0,,0.28,7.000000000000001
23,28.0,,0.28,6.44
25,28.0,,0.28,7.000000000000001
91,28.0,,0.28,25.480000000000004
99,28.0,,0.28,27.720000000000002
100,23.0,False,0.23,23.0
91,23.0,,0.23,20.93
74,23.0,,0.23,17.02
70,23.0,,0.23,16.1
65,23.0,,0.23,14.950000000000001
75,23.0,,0.23,17.25
79,23.0,,0.23,18.17
87,28.0,False,0.28,24.360000000000003
76,28.0,,0.28,21.28
83,28.0,,0.28,23.240000000000002
80,28.0,,0.28,22.400000000000002
82,28.0,,0.28,22.96
73,28.0,,0.28,20.44
76,28.0,,0.28,21.28
85,23.0,False,0.23,19.55
85,23.0,,0.23,19.55
75,23.0,,0.23,17.25
66,23.0,,0.23,15.180000000000001
70,23.0,,0.23,16.1
72,23.0,,0.23,16.560000000000002
69,23.0,,0.23,15.870000000000001
75,23.0,False,0.23,17.25
80,23.0,,0.23,18.400000000000002
71,23.0,,0.23,16.330000000000002
65,23.0,,0.23,14.950000000000001
76,23.0,,0.23,17.48
69,23.0,,0.23,15.870000000000001
74,23.0,,0.23,17.02
85,23.0,False,0.23,19.55
77,23.0,,0.23,17.71
67,23.0,,0.23,15.41
74,23.0,,0.23,17.02
70,23.0,,0.23,16.1
76,23.0,,0.23,17.48
72,23.0,,0.23,16.560000000000002
68,21.0,False,0.21,14.28
66,21.0,,0.21,13.86
66,21.0,,0.21,13.86
69,21.0,,0.21,14.49
69,21.0,,0.21,14.49
66,21.0,,0.21,13.86
77,21.0,,0.21,16.169999999999998
87,25.0,False,0.25,21.75
100,25.0,,0.25,25.0
96,25.0,,0.25,24.0
73,25.0,,0.25,18.25
69,25.0,,0.25,17.25
70,25.0,,0.25,17.5
75,25.0,,0.25,18.75
71,24.0,False,0.24,17.04
71,24.0,,0.24,17.04
79,24.0,,0.24,18.96
70,24.0,,0.24,16.8
84,24.0,,0.24,20.16
71,24.0,,0.24,17.04
81,24.0,,0.24,19.439999999999998
84,23.0,False,0.23,19.32
100,23.0,,0.23,23.0
85,23.0,,0.23,19.55
75,23.0,,0.23,17.25
77,23.0,,0.23,17.71
69,23.0,,0.23,15.870000000000001
82,23.0,,0.23,18.86
82,21.0,False,0.21,17.22
82,21.0,,0.21,17.22
78,21.0,,0.21,16.38
73,21.0,,0.21,15.33
74,21.0,,0.21,15.54
72,21.0,,0.21,15.12
86,21.0,,0.21,18.06
80,22.0,False,0.22,17.6
89,22.0,,0.22,19.580000000000002
81,22.0,,0.22,17.82
74,22.0,,0.22,16.28
84,22.0,,0.22,18.48
77,22.0,,0.22,16.94
81,22.0,,0.22,17.82
85,21.0,False,0.21,17.849999999999998
87,21.0,,0.21,18.27
78,21.0,,0.21,16.38
77,21.0,,0.21,16.169999999999998
85,21.0,,0.21,17.849999999999998
74,21.0,,0.21,15.54
81,21.0,,0.21,17.009999999999998
80,21.0,False,0.21,16.8
70,21.0,,0.21,14.7
91,21.0,,0.21,19.11
85,21.0,,0.21,17.849999999999998
89,21.0,,0.21,18.689999999999998
86,21.0,,0.21,18.06
89,21.0,,0.21,18.689999999999998
86,20.0,False,0.2,17.2
91,20.0,,0.2,18.2
78,20.0,,0.2,15.600000000000001
84,20.0,,0.2,16.8
82,20.0,,0.2,16.400000000000002
79,20.0,,0.2,15.8
87,20.0,,0.2,17.400000000000002
83,21.0,False,0.21,17.43
88,21.0,,0.21,18.48
89,21.0,,0.21,18.689999999999998
91,21.0,,0.21,19.11
90,21.0,,0.21,18.9
84,21.0,,0.21,17.64
84,21.0,,0.21,17.64
87,22.0,False,0.22,19.14
92,22.0,,0.22,20.24
100,22.0,,0.22,22.0
86,22.0,,0.22,18.92
93,22.0,,0.22,20.46
79,22.0,,0.22,17.38
84,22.0,,0.22,18.48
92,20.0,False,0.2,18.400000000000002
84,20.0,,0.2,16.8
88,20.0,,0.2,17.6
84,20.0,,0.2,16.8
90,20.0,,0.2,18.0
88,20.0,,0.2,17.6
71,20.0,,0.2,14.200000000000001
71,21.0,False,0.21,14.91
74,21.0,,0.21,15.54
77,21.0,,0.21,16.169999999999998
59,21.0,,0.21,12.389999999999999
75,21.0,,0.21,15.75
71,21.0,,0.21,14.91
66,21.0,,0.21,13.86
73,25.0,False,0.25,18.25
93,25.0,,0.25,23.25
92,25.0,,0.25,23.0
92,25.0,,0.25,23.0
80,25.0,,0.25,20.0
91,25.0,,0.25,22.75
93,25.0,,0.25,23.25
100,25.0,False,0.25,25.0
99,25.0,,0.25,24.75
83,25.0,,0.25,20.75
72,25.0,,0.25,18.0
66,25.0,,0.25,16.5
75,25.0,,0.25,18.75
69,25.0,,0.25,17.25
79,24.0,False,0.24,18.96
77,24.0,,0.24,18.48
77,24.0,,0.24,18.48
82,24.0,,0.24,19.68
78,24.0,,0.24,18.72
72,24.0,,0.24,17.28
89,24.0,,0.24,21.36
91,23.0,False,0.23,20.93
94,23.0,,0.23,21.62
92,23.0,,0.23,21.16
88,23.0,,0.23,20.240000000000002
82,23.0,,0.23,18.86
79,23.0,,0.23,18.17
76,23.0,,0.23,17.48
77,21.0,False,0.21,16.169999999999998
76,21.0,,0.21,15.959999999999999
83,21.0,,0.21,17.43
71,21.0,,0.21,14.91
90,21.0,,0.21,18.9
77,21.0,,0.21,16.169999999999998
74,21.0,,0.21,15.54
88,21.0,False,0.21,18.48
78,21.0,,0.21,16.38
79,21.0,,0.21,16.59
73,21.0,,0.21,15.33
86,21.0,,0.21,18.06
75,21.0,,0.21,15.75
69,21.0,,0.21,14.49
73,23.0,False,0.23,16.79
100,23.0,,0.23,23.0
94,23.0,,0.23,21.62
92,23.0,,0.23,21.16
76,23.0,,0.23,17.48
72,23.0,,0.23,16.560000000000002
75,23.0,,0.23,17.25
69,20.0,False,0.2,13.8
79,20.0,,0.2,15.8
75,20.0,,0.2,15.0
78,20.0,,0.2,15.600000000000001
88,20.0,,0.2,17.6
93,20.0,,0.2,18.6
93,20.0,,0.2,18.6
99,21.0,False,0.21,20.79
96,21.0,,0.21,20.16
91,21.0,,0.21,19.11
79,21.0,,0.21,16.59
100,21.0,,0.21,21.0
87,21.0,,0.21,18.27
89,21.0,,0.21,18.689999999999998
87,20.0,False,0.2,17.400000000000002
94,20.0,,0.2,18.8
96,20.0,,0.2,19.200000000000003
94,20.0,,0.2,18.8
83,20.0,,0.2,16.6
89,20.0,,0.2,17.8
84,20.0,,0.2,16.8
95,19.0,False,0.19,18.05
94,19.0,,0.19,17.86
89,19.0,,0.19,16.91
93,19.0,,0.19,17.67
83,19.0,,0.19,15.77
90,19.0,,0.19,17.1
66,19.0,,0.19,12.540000000000001
88,18.0,False,0.18,15.84
79,18.0,,0.18,14.219999999999999
91,18.0,,0.18,16.38
74,18.0,,0.18,13.32
83,18.0,,0.18,14.94
77,18.0,,0.18,13.86
66,18.0,,0.18,11.879999999999999
94,19.0,False,0.19,17.86
87,19.0,,0.19,16.53
88,19.0,,0.19,16.72
78,19.0,,0.19,14.82
88,19.0,,0.19,16.72
76,19.0,,0.19,14.44
79,19.0,,0.19,15.01
86,17.0,False,0.17,14.620000000000001
86,17.0,,0.17,14.620000000000001
74,17.0,,0.17,12.58
79,17.0,,0.17,13.430000000000001
79,17.0,,0.17,13.430000000000001
79,17.0,,0.17,13.430000000000001
76,17.0,,0.17,12.920000000000002
100,19.0,False,0.19,19.0
90,19.0,,0.19,17.1
88,19.0,,0.19,16.72
79,19.0,,0.19,15.01
84,19.0,,0.19,15.96
85,19.0,,0.19,16.15
77,19.0,,0.19,14.63
99,21.0,False,0.21,20.79
94,21.0,,0.21,19.74
93,21.0,,0.21,19.529999999999998
100,21.0,,0.21,21.0
90,21.0,,0.21,18.9
97,21.0,,0.21,20.37
86,21.0,,0.21,18.06
85,19.0,False,0.19,16.15
85,19.0,,0.19,16.15
82,19.0,,0.19,15.58
84,19.0,,0.19,15.96
82,19.0,,0.19,15.58
74,19.0,,0.19,14.06
79,19.0,,0.19,15.01
75,20.0,False,0.2,15.0
100,20.0,,0.2,20.0
87,20.0,,0.2,17.400000000000002
68,20.0,,0.2,13.600000000000001
77,20.0,,0.2,15.4
67,20.0,,0.2,13.4
69,20.0,,0.2,13.8
72,18.0,False,0.18,12.959999999999999
78,18.0,,0.18,14.04
75,18.0,,0.18,13.5
69,18.0,,0.18,12.42
66,18.0,,0.18,11.879999999999999
74,18.0,,0.18,13.32
72,18.0,,0.18,12.959999999999999
77,19.0,False,0.19,14.63
76,19.0,,0.19,14.44
81,19.0,,0.19,15.39
64,19.0,,0.19,12.16
79,19.0,,0.19,15.01
71,19.0,,0.19,13.49
79,19.0,,0.19,15.01
85,20.0,False,0.2,17.0
78,20.0,,0.2,15.600000000000001
83,20.0,,0.2,16.6
87,20.0,,0.2,17.400000000000002
82,20.0,,0.2,16.400000000000002
73,20.0,,0.2,14.600000000000001
76,20.0,,0.2,15.200000000000001
76,19.0,False,0.19,14.44
73,19.0,,0.19,13.870000000000001
71,19.0,,0.19,13.49
76,19.0,,0.19,14.44
72,19.0,,0.19,13.68
71,19.0,,0.19,13.49
70,19.0,,0.19,13.3
73,22.0,False,0.22,16.06
85,22.0,,0.22,18.7
80,22.0,,0.22,17.6
90,22.0,,0.22,19.8
85,22.0,,0.22,18.7
74,22.0,,0.22,16.28
81,22.0,,0.22,17.82
83,23.0,False,0.23,19.09
82,23.0,,0.23,18.86
88,23.0,,0.23,20.240000000000002
80,23.0,,0.23,18.400000000000002
81,23.0,,0.23,18.630000000000003
85,23.0,,0.23,19.55
74,23.0,,0.23,17.02
92,23.0,False,0.23,21.16
87,23.0,,0.23,20.01
100,23.0,,0.23,23.0
84,23.0,,0.23,19.32
82,23.0,,0.23,18.86
80,23.0,,0.23,18.400000000000002
85,23.0,,0.23,19.55
90,26.0,False,0.26,23.400000000000002
20,26.0,,0.26,5.2
21,26.0,,0.26,5.46
16,26.0,,0.26,4.16
19,26.0,,0.26,4.94
21,26.0,,0.26,5.46
21,26.0,,0.26,5.46
21,30.0,False,0.3,6.3
21,30.0,,0.3,6.3
21,30.0,,0.3,6.3
20,30.0,,0.3,6.0
26,30.0,,0.3,7.8
23,30.0,,0.3,6.8999999999999995
21,30.0,,0.3,6.3
24,31.0,False,0.31,7.4399999999999995
26,31.0,,0.31,8.06
23,31.0,,0.31,7.13
26,31.0,,0.31,8.06
24,31.0,,0.31,7.4399999999999995
24,31.0,,0.31,7.4399999999999995
27,31.0,,0.31,8.37
32,69.0,False,0.69,22.08
30,69.0,,0.69,20.7
34,69.0,,0.69,23.459999999999997
34,69.0,,0.69,23.459999999999997
56,69.0,,0.69,38.64
100,69.0,,0.69,69.0
75,69.0,,0.69,51.74999999999999
56,65.0,False,0.65,36.4
84,65.0,,0.65,54.6
71,65.0,,0.65,46.15
100,65.0,,0.65,65.0
80,65.0,,0.65,52.0
77,65.0,,0.65,50.050000000000004
81,65.0,,0.65,52.65
81,38.0,False,0.38,30.78
80,38.0,,0.38,30.4
81,38.0,,0.38,30.78
80,38.0,,0.38,30.4
81,38.0,,0.38,30.78
72,38.0,,0.38,27.36
71,38.0,,0.38,26.98
76,32.0,False,0.32,24.32
82,32.0,,0.32,26.240000000000002
72,32.0,,0.32,23.04
69,32.0,,0.32,22.080000000000002
66,32.0,,0.32,21.12
62,32.0,,0.32,19.84
55,32.0,,0.32,17.6
51,23.0,False,0.23,11.73
54,23.0,,0.23,12.42
54,23.0,,0.23,12.42
48,23.0,,0.23,11.040000000000001
46,23.0,,0.23,10.58
42,23.0,,0.23,9.66
34,23.0,,0.23,7.82
58,25.0,False,0.25,14.5
58,25.0,,0.25,14.5
44,25.0,,0.25,11.0
50,25.0,,0.25,12.5
45,25.0,,0.25,11.25
43,25.0,,0.25,10.75
37,25.0,,0.25,9.25
48,27.0,False,0.27,12.96
44,27.0,,0.27,11.88
55,27.0,,0.27,14.850000000000001
46,27.0,,0.27,12.420000000000002
39,27.0,,0.27,10.530000000000001
48,27.0,,0.27,12.96
43,27.0,,0.27,11.610000000000001
40,25.0,False,0.25,10.0
47,25.0,,0.25,11.75
43,25.0,,0.25,10.75
40,25.0,,0.25,10.0
49,25.0,,0.25,12.25
36,25.0,,0.25,9.0
42,25.0,,0.25,10.5
37,22.0,False,0.22,8.14
43,22.0,,0.22,9.46
40,22.0,,0.22,8.8
38,22.0,,0.22,8.36
35,22.0,,0.22,7.7
37,22.0,,0.22,8.14
42,22.0,,0.22,9.24
43,23.0,False,0.23,9.89
47,23.0,,0.23,10.81
37,23.0,,0.23,8.51
35,23.0,,0.23,8.05
37,23.0,,0.23,8.51
45,23.0,,0.23,10.35
43,23.0,,0.23,9.89
100,26.0,False,0.26,26.0
44,26.0,,0.26,11.440000000000001
44,26.0,,0.26,11.440000000000001
45,26.0,,0.26,11.700000000000001
46,26.0,,0.26,11.96
41,26.0,,0.26,10.66
43,26.0,,0.26,11.18
46,26.0,False,0.26,11.96
46,26.0,,0.26,11.96
48,26.0,,0.26,12.48
48,26.0,,0.26,12.48
51,26.0,,0.26,13.26
46,26.0,,0.26,11.96
54,26.0,,0.26,14.040000000000001
100,32.0,False,0.32,32.0
66,32.0,,0.32,21.12
58,32.0,,0.32,18.56
57,32.0,,0.32,18.240000000000002
53,32.0,,0.32,16.96
55,32.0,,0.32,17.6
57,32.0,,0.32,18.240000000000002
58,26.0,False,0.26,15.08
63,26.0,,0.26,16.38
53,26.0,,0.26,13.780000000000001
51,26.0,,0.26,13.26
48,26.0,,0.26,12.48
45,26.0,,0.26,11.700000000000001
46,26.0,,0.26,11.96
63,26.0,False,0.26,16.38
49,26.0,,0.26,12.74
95,26.0,,0.26,24.7
87,26.0,,0.26,22.62
83,26.0,,0.26,21.580000000000002
80,26.0,,0.26,20.8
77,26.0,,0.26,20.02
95,23.0,False,0.23,21.85
84,23.0,,0.23,19.32
83,23.0,,0.23,19.09
89,23.0,,0.23,20.470000000000002
82,23.0,,0.23,18.86
78,23.0,,0.23,17.94
86,23.0,,0.23,19.78
94,24.0,False,0.24,22.56
88,24.0,,0.24,21.119999999999997
92,24.0,,0.24,22.08
83,24.0,,0.24,19.919999999999998
88,24.0,,0.24,21.119999999999997
87,24.0,,0.24,20.88
86,24.0,,0.24,20.64
99,23.0,False,0.23,22.77
86,23.0,,0.23,19.78
89,23.0,,0.23,20.470000000000002
84,23.0,,0.23,19.32
83,23.0,,0.23,19.09
81,23.0,,0.23,18.630000000000003
85,23.0,,0.23,19.55
100,24.0,False,0.24,24.0
75,24.0,,0.24,18.0
78,24.0,,0.24,18.72
87,24.0,,0.24,20.88
88,24.0,,0.24,21.119999999999997
95,24.0,,0.24,22.8
96,24.0,,0.24,23.04
96,21.0,False,0.21,20.16
83,21.0,,0.21,17.43
90,21.0,,0.21,18.9
87,21.0,,0.21,18.27
93,21.0,,0.21,19.529999999999998
82,21.0,,0.21,17.22
94,21.0,,0.21,19.74
99,23.0,False,0.23,22.77
90,23.0,,0.23,20.7
86,23.0,,0.23,19.78
87,23.0,,0.23,20.01
86,23.0,,0.23,19.78
92,23.0,,0.23,21.16
92,23.0,,0.23,21.16
80,23.0,False,0.23,18.400000000000002
95,23.0,,0.23,21.85
98,23.0,,0.23,22.540000000000003
91,23.0,,0.23,20.93
94,23.0,,0.23,21.62
88,23.0,,0.23,20.240000000000002
89,23.0,,0.23,20.470000000000002
100,23.0,False,0.23,23.0
88,23.0,,0.23,20.240000000000002
95,23.0,,0.23,21.85
91,23.0,,0.23,20.93
94,23.0,,0.23,21.62
92,23.0,,0.23,21.16
92,23.0,,0.23,21.16
81,27.0,False,0.27,21.87
73,27.0,,0.27,19.71
99,27.0,,0.27,26.73
76,27.0,,0.27,20.520000000000003
61,27.0,,0.27,16.470000000000002
64,27.0,,0.27,17.28
63,27.0,,0.27,17.01
76,32.0,False,0.32,24.32
93,32.0,,0.32,29.76
91,32.0,,0.32,29.12
90,32.0,,0.32,28.8
88,32.0,,0.32,28.16
88,32.0,,0.32,28.16
84,32.0,,0.32,26.88
100,30.0,False,0.3,30.0
91,30.0,,0.3,27.3
88,30.0,,0.3,26.4
83,30.0,,0.3,24.9
73,30.0,,0.3,21.9
69,30.0,,0.3,20.7
86,30.0,,0.3,25.8
76,27.0,False,0.27,20.520000000000003
81,27.0,,0.27,21.87
75,27.0,,0.27,20.25
68,27.0,,0.27,18.36
75,27.0,,0.27,20.25
89,27.0,,0.27,24.03
72,27.0,,0.27,19.44
83,29.0,False,0.29,24.069999999999997
90,29.0,,0.29,26.099999999999998
84,29.0,,0.29,24.36
74,29.0,,0.29,21.459999999999997
77,29.0,,0.29,22.33
87,29.0,,0.29,25.229999999999997
67,29.0,,0.29,19.43
71,26.0,False,0.26,18.46
98,26.0,,0.26,25.48
80,26.0,,0.26,20.8
77,26.0,,0.26,20.02
85,26.0,,0.26,22.1
78,26.0,,0.26,20.28
100,26.0,,0.26,26.0
78,27.0,False,0.27,21.060000000000002
83,27.0,,0.27,22.41
93,27.0,,0.27,25.110000000000003
79,27.0,,0.27,21.330000000000002
75,27.0,,0.27,20.25
99,27.0,,0.27,26.73
79,27.0,,0.27,21.330000000000002
77,25.0,False,0.25,19.25
85,25.0,,0.25,21.25
80,25.0,,0.25,20.0
87,25.0,,0.25,21.75
79,25.0,,0.25,19.75
77,25.0,,0.25,19.25
66,25.0,,0.25,16.5
70,26.0,False,0.26,18.2
83,26.0,,0.26,21.580000000000002
72,26.0,,0.26,18.72
89,26.0,,0.26,23.14
78,26.0,,0.26,20.28
80,26.0,,0.26,20.8
77,26.0,,0.26,20.02
78,25.0,False,0.25,19.5
90,25.0,,0.25,22.5
76,25.0,,0.25,19.0
70,25.0,,0.25,17.5
79,25.0,,0.25,19.75
81,25.0,,0.25,20.25
69,25.0,,0.25,17.25
70,28.0,False,0.28,19.6
87,28.0,,0.28,24.360000000000003
99,28.0,,0.28,27.720000000000002
100,28.0,,0.28,28.000000000000004
91,28.0,,0.28,25.480000000000004
80,28.0,,0.28,22.400000000000002
70,28.0,,0.28,19.6
73,25.0,False,0.25,18.25
80,25.0,,0.25,20.0
79,25.0,,0.25,19.75
83,25.0,,0.25,20.75
76,25.0,,0.25,19.0
73,25.0,,0.25,18.25
68,25.0,,0.25,17.0
77,27.0,False,0.27,20.790000000000003
79,27.0,,0.27,21.330000000000002
79,27.0,,0.27,21.330000000000002
80,27.0,,0.27,21.6
81,27.0,,0.27,21.87
80,27.0,,0.27,21.6
79,27.0,,0.27,21.330000000000002
72,23.0,False,0.23,16.560000000000002
83,23.0,,0.23,19.09
94,23.0,,0.23,21.62
88,23.0,,0.23,20.240000000000002
79,23.0,,0.23,18.17
83,23.0,,0.23,19.09
75,23.0,,0.23,17.25
90,25.0,False,0.25,22.5
92,25.0,,0.25,23.0
93,25.0,,0.25,23.25
83,25.0,,0.25,20.75
95,25.0,,0.25,23.75
80,25.0,,0.25,20.0
84,25.0,,0.25,21.0
90,26.0,False,0.26,23.400000000000002
100,26.0,,0.26,26.0
89,26.0,,0.26,23.14
89,26.0,,0.26,23.14
85,26.0,,0.26,22.1
85,26.0,,0.26,22.1
79,26.0,,0.26,20.54
93,23.0,False,0.23,21.39
93,23.0,,0.23,21.39
85,23.0,,0.23,19.55
99,23.0,,0.23,22.77
86,23.0,,0.23,19.78
82,23.0,,0.23,18.86
85,23.0,,0.23,19.55
87,24.0,False,0.24,20.88
79,24.0,,0.24,18.96
89,24.0,,0.24,21.36
81,24.0,,0.24,19.439999999999998
74,24.0,,0.24,17.759999999999998
75,24.0,,0.24,18.0
77,24.0,,0.24,18.48
84,24.0,False,0.24,20.16
100,24.0,,0.24,24.0
81,24.0,,0.24,19.439999999999998
66,24.0,,0.24,15.84
64,24.0,,0.24,15.36
64,24.0,,0.24,15.36
71,24.0,,0.24,17.04
61,22.0,False,0.22,13.42
69,22.0,,0.22,15.18
68,22.0,,0.22,14.96
73,22.0,,0.22,16.06
74,22.0,,0.22,16.28
74,22.0,,0.22,16.28
70,22.0,,0.22,15.4
70,25.0,False,0.25,17.5
75,25.0,,0.25,18.75
69,25.0,,0.25,17.25
62,25.0,,0.25,15.5
67,25.0,,0.25,16.75
73,25.0,,0.25,18.25
70,25.0,,0.25,17.5
73,23.0,False,0.23,16.79
70,23.0,,0.23,16.1
70,23.0,,0.23,16.1
74,23.0,,0.23,17.02
74,23.0,,0.23,17.02
69,23.0,,0.23,15.870000000000001
72,23.0,,0.23,16.560000000000002
76,26.0,False,0.26,19.76
82,26.0,,0.26,21.32
81,26.0,,0.26,21.060000000000002
79,26.0,,0.26,20.54
86,26.0,,0.26,22.36
89,26.0,,0.26,23.14
90,26.0,,0.26,23.400000000000002
93,27.0,False,0.27,25.110000000000003
88,27.0,,0.27,23.76
97,27.0,,0.27,26.19
100,27.0,,0.27,27.0
87,27.0,,0.27,23.490000000000002
82,27.0,,0.27,22.14
71,27.0,,0.27,19.17
82,26.0,False,0.26,21.32
84,26.0,,0.26,21.84
82,26.0,,0.26,21.32
91,26.0,,0.26,23.66
83,26.0,,0.26,21.580000000000002
80,26.0,,0.26,20.8
75,26.0,,0.26,19.5
77,30.0,False,0.3,23.099999999999998
83,30.0,,0.3,24.9
79,30.0,,0.3,23.7
84,30.0,,0.3,25.2
88,30.0,,0.3,26.4
88,30.0,,0.3,26.4
74,30.0,,0.3,22.2
87,26.0,False,0.26,22.62
79,26.0,,0.26,20.54
15,26.0,,0.26,3.9000000000000004
14,26.0,,0.26,3.64
17,26.0,,0.26,4.42
19,26.0,,0.26,4.94
19,26.0,,0.26,4.94
18,34.0,False,0.34,6.12
16,34.0,,0.34,5.44
16,34.0,,0.34,5.44
16,34.0,,0.34,5.44
18,34.0,,0.34,6.12
24,34.0,,0.34,8.16
23,34.0,,0.34,7.82
27,44.0,False,0.44,11.88
25,44.0,,0.44,11.0
23,44.0,,0.44,10.12
24,44.0,,0.44,10.56
21,44.0,,0.44,9.24
21,44.0,,0.44,9.24
28,44.0,,0.44,12.32
33,96.0,False,0.96,31.68
31,96.0,,0.96,29.759999999999998
31,96.0,,0.96,29.759999999999998
32,96.0,,0.96,30.72
64,96.0,,0.96,61.44
100,96.0,,0.96,96.0
77,96.0,,0.96,73.92
61,90.0,False,0.9,54.9
87,90.0,,0.9,78.3
65,90.0,,0.9,58.5
37,90.0,,0.9,33.300000000000004
99,90.0,,0.9,89.10000000000001
83,90.0,,0.9,74.7
90,90.0,,0.9,81.0
100,48.0,False,0.48,48.0
92,48.0,,0.48,44.16
91,48.0,,0.48,43.68
83,48.0,,0.48,39.839999999999996
82,48.0,,0.48,39.36
80,48.0,,0.48,38.4
74,48.0,,0.48,35.519999999999996
97,44.0,False,0.44,42.68
91,44.0,,0.44,40.04
84,44.0,,0.44,36.96
70,44.0,,0.44,30.8
70,44.0,,0.44,30.8
68,44.0,,0.44,29.92
70,44.0,,0.44,30.8
63,30.0,False,0.3,18.9
69,30.0,,0.3,20.7
58,30.0,,0.3,17.4
62,30.0,,0.3,18.599999999999998
53,30.0,,0.3,15.899999999999999
53,30.0,,0.3,15.899999999999999
44,30.0,,0.3,13.2
46,31.0,False,0.31,14.26
59,31.0,,0.31,18.29
60,31.0,,0.31,18.6
62,31.0,,0.31,19.22
55,31.0,,0.31,17.05
53,31.0,,0.31,16.43
47,31.0,,0.31,14.57
92,23.0,False,0.23,21.16
93,23.0,,0.23,21.39
87,23.0,,0.23,20.01
93,23.0,,0.23,21.39
87,23.0,,0.23,20.01
90,23.0,,0.23,20.7
90,23.0,,0.23,20.7
98,23.0,False,0.23,22.540000000000003
100,23.0,,0.23,23.0
91,23.0,,0.23,20.93
91,23.0,,0.23,20.93
91,23.0,,0.23,20.93
92,23.0,,0.23,21.16
99,23.0,,0.23,22.77
85,23.0,False,0.23,19.55
98,23.0,,0.23,22.540000000000003
89,23.0,,0.23,20.470000000000002
90,23.0,,0.23,20.7
86,23.0,,0.23,19.78
92,23.0,,0.23,21.16
89,23.0,,0.23,20.470000000000002
84,22.0,False,0.22,18.48
93,22.0,,0.22,20.46
84,22.0,,0.22,18.48
86,22.0,,0.22,18.92
86,22.0,,0.22,18.92
91,22.0,,0.22,20.02
97,22.0,,0.22,21.34
88,23.0,False,0.23,20.240000000000002
91,23.0,,0.23,20.93
84,23.0,,0.23,19.32
36,23.0,,0.23,8.280000000000001
37,23.0,,0.23,8.51
36,23.0,,0.23,8.280000000000001
38,23.0,,0.23,8.74
40,25.0,False,0.25,10.0
40,25.0,,0.25,10.0
37,25.0,,0.25,9.25
36,25.0,,0.25,9.0
36,25.0,,0.25,9.0
38,25.0,,0.25,9.5
35,25.0,,0.25,8.75
41,34.0,False,0.34,13.940000000000001
100,34.0,,0.34,34.0
41,34.0,,0.34,13.940000000000001
39,34.0,,0.34,13.260000000000002
40,34.0,,0.34,13.600000000000001
37,34.0,,0.34,12.58
41,34.0,,0.34,13.940000000000001
43,26.0,False,0.26,11.18
44,26.0,,0.26,11.440000000000001
40,26.0,,0.26,10.4
39,26.0,,0.26,10.14
35,26.0,,0.26,9.1
35,26.0,,0.26,9.1
40,26.0,,0.26,10.4
37,24.0,False,0.24,8.879999999999999
38,24.0,,0.24,9.12
38,24.0,,0.24,9.12
84,24.0,,0.24,20.16
79,24.0,,0.24,18.96
87,24.0,,0.24,20.88
89,24.0,,0.24,21.36
96,22.0,False,0.22,21.12
80,22.0,,0.22,17.6
85,22.0,,0.22,18.7
85,22.0,,0.22,18.7
88,22.0,,0.22,19.36
87,22.0,,0.22,19.14
85,22.0,,0.22,18.7
100,24.0,False,0.24,24.0
89,24.0,,0.24,21.36
89,24.0,,0.24,21.36
88,24.0,,0.24,21.119999999999997
78,24.0,,0.24,18.72
90,24.0,,0.24,21.599999999999998
89,24.0,,0.24,21.36
92,24.0,False,0.24,22.08
88,24.0,,0.24,21.119999999999997
83,24.0,,0.24,19.919999999999998
81,24.0,,0.24,19.439999999999998
79,24.0,,0.24,18.96
91,24.0,,0.24,21.84
96,24.0,,0.24,23.04
95,25.0,False,0.25,23.75
96,25.0,,0.25,24.0
87,25.0,,0.25,21.75
86,25.0,,0.25,21.5
90,25.0,,0.25,22.5
82,25.0,,0.25,20.5
86,25.0,,0.25,21.5
89,23.0,False,0.23,20.470000000000002
81,23.0,,0.23,18.630000000000003
75,23.0,,0.23,17.25
79,23.0,,0.23,18.17
82,23.0,,0.23,18.86
75,23.0,,0.23,17.25
73,23.0,,0.23,16.79
80,23.0,False,0.23,18.400000000000002
81,23.0,,0.23,18.630000000000003
80,23.0,,0.23,18.400000000000002
80,23.0,,0.23,18.400000000000002
83,23.0,,0.23,19.09
75,23.0,,0.23,17.25
79,23.0,,0.23,18.17
89,22.0,False,0.22,19.580000000000002
77,22.0,,0.22,16.94
76,22.0,,0.22,16.72
77,22.0,,0.22,16.94
78,22.0,,0.22,17.16
76,22.0,,0.22,16.72
78,22.0,,0.22,17.16
95,23.0,False,0.23,21.85
87,23.0,,0.23,20.01
83,23.0,,0.23,19.09
85,23.0,,0.23,19.55
82,23.0,,0.23,18.86
78,23.0,,0.23,17.94
83,23.0,,0.23,19.09
100,23.0,False,0.23,23.0
48,23.0,,0.23,11.040000000000001
47,23.0,,0.23,10.81
48,23.0,,0.23,11.040000000000001
51,23.0,,0.23,11.73
51,23.0,,0.23,11.73
42,23.0,,0.23,9.66
51,37.0,False,0.37,18.87
82,37.0,,0.37,30.34
100,37.0,,0.37,37.0
69,37.0,,0.37,25.53
67,37.0,,0.37,24.79
54,37.0,,0.37,19.98
64,37.0,,0.37,23.68
59,28.0,False,0.28,16.520000000000003
74,28.0,,0.28,20.720000000000002
58,28.0,,0.28,16.240000000000002
55,28.0,,0.28,15.400000000000002
52,28.0,,0.28,14.560000000000002
46,28.0,,0.28,12.88
49,28.0,,0.28,13.72
52,26.0,False,0.26,13.52
52,26.0,,0.26,13.52
55,26.0,,0.26,14.3
49,26.0,,0.26,12.74
53,26.0,,0.26,13.780000000000001
52,26.0,,0.26,13.52
52,26.0,,0.26,13.52
60,26.0,False,0.26,15.600000000000001
67,26.0,,0.26,17.42
61,26.0,,0.26,15.860000000000001
48,26.0,,0.26,12.48
92,26.0,,0.26,23.92
79,26.0,,0.26,20.54
85,26.0,,0.26,22.1
98,24.0,False,0.24,23.52
95,24.0,,0.24,22.8
87,24.0,,0.24,20.88
91,24.0,,0.24,21.84
85,24.0,,0.24,20.4
86,24.0,,0.24,20.64
81,24.0,,0.24,19.439999999999998
86,25.0,False,0.25,21.5
100,25.0,,0.25,25.0
93,25.0,,0.25,23.25
89,25.0,,0.25,22.25
90,25.0,,0.25,22.5
89,25.0,,0.25,22.25
76,25.0,,0.25,19.0
83,22.0,False,0.22,18.26
82,22.0,,0.22,18.04
85,22.0,,0.22,18.7
83,22.0,,0.22,18.26
73,22.0,,0.22,16.06
82,22.0,,0.22,18.04
81,22.0,,0.22,17.82
90,25.0,False,0.25,22.5
91,25.0,,0.25,22.75
85,25.0,,0.25,21.25
80,25.0,,0.25,20.0
90,25.0,,0.25,22.5
85,25.0,,0.25,21.25
80,25.0,,0.25,20.0
89,24.0,False,0.24,21.36
78,24.0,,0.24,18.72
86,24.0,,0.24,20.64
91,24.0,,0.24,21.84
83,24.0,,0.24,19.919999999999998
81,24.0,,0.24,19.439999999999998
75,24.0,,0.24,18.0
88,27.0,False,0.27,23.76
96,27.0,,0.27,25.92
100,27.0,,0.27,27.0
98,27.0,,0.27,26.46
99,27.0,,0.27,26.73
82,27.0,,0.27,22.14
81,27.0,,0.27,21.87
91,24.0,False,0.24,21.84
90,24.0,,0.24,21.599999999999998
97,24.0,,0.24,23.279999999999998
81,24.0,,0.24,19.439999999999998
74,24.0,,0.24,17.759999999999998
73,24.0,,0.24,17.52
75,24.0,,0.24,18.0
75,23.0,False,0.23,17.25
78,23.0,,0.23,17.94
78,23.0,,0.23,17.94
89,23.0,,0.23,20.470000000000002
78,23.0,,0.23,17.94
83,23.0,,0.23,19.09
76,23.0,,0.23,17.48
79,24.0,False,0.24,18.96
82,24.0,,0.24,19.68
93,24.0,,0.24,22.32
99,24.0,,0.24,23.759999999999998
90,24.0,,0.24,21.599999999999998
94,24.0,,0.24,22.56
91,24.0,,0.24,21.84
97,25.0,False,0.25,24.25
84,25.0,,0.25,21.0
91,25.0,,0.25,22.75
81,25.0,,0.25,20.25
90,25.0,,0.25,22.5
88,25.0,,0.25,22.0
79,25.0,,0.25,19.75
95,24.0,False,0.24,22.8
96,24.0,,0.24,23.04
100,24.0,,0.24,24.0
93,24.0,,0.24,22.32
89,24.0,,0.24,21.36
86,24.0,,0.24,20.64
82,24.0,,0.24,19.68
82,22.0,False,0.22,18.04
83,22.0,,0.22,18.26
83,22.0,,0.22,18.26
88,22.0,,0.22,19.36
92,22.0,,0.22,20.24
93,22.0,,0.22,20.46
82,22.0,,0.22,18.04
97,23.0,False,0.23,22.310000000000002
86,23.0,,0.23,19.78
97,23.0,,0.23,22.310000000000002
94,23.0,,0.23,21.62
82,23.0,,0.23,18.86
69,23.0,,0.23,15.870000000000001
71,23.0,,0.23,16.330000000000002
82,24.0,False,0.24,19.68
100,24.0,,0.24,24.0
76,24.0,,0.24,18.24
63,24.0,,0.24,15.12
59,24.0,,0.24,14.16
56,24.0,,0.24,13.44
49,24.0,,0.24,11.76
62,21.0,False,0.21,13.02
62,21.0,,0.21,13.02
65,21.0,,0.21,13.65
62,21.0,,0.21,13.02
67,21.0,,0.21,14.07
61,21.0,,0.21,12.809999999999999
61,21.0,,0.21,12.809999999999999
68,22.0,False,0.22,14.96
69,22.0,,0.22,15.18
63,22.0,,0.22,13.86
66,22.0,,0.22,14.52
60,22.0,,0.22,13.2
68,22.0,,0.22,14.96
67,22.0,,0.22,14.74
68,22.0,False,0.22,14.96
62,22.0,,0.22,13.64
63,22.0,,0.22,13.86
66,22.0,,0.22,14.52
58,22.0,,0.22,12.76
66,22.0,,0.22,14.52
60,22.0,,0.22,13.2
78,21.0,False,0.21,16.38
77,21.0,,0.21,16.169999999999998
77,21.0,,0.21,16.169999999999998
76,21.0,,0.21,15.959999999999999
75,21.0,,0.21,15.75
78,21.0,,0.21,16.38
80,21.0,,0.21,16.8
87,23.0,False,0.23,20.01
94,23.0,,0.23,21.62
100,23.0,,0.23,23.0
94,23.0,,0.23,21.62
81,23.0,,0.23,18.630000000000003
81,23.0,,0.23,18.630000000000003
75,23.0,,0.23,17.25
85,22.0,False,0.22,18.7
84,22.0,,0.22,18.48
80,22.0,,0.22,17.6
83,22.0,,0.22,18.26
77,22.0,,0.22,16.94
65,22.0,,0.22,14.3
77,22.0,,0.22,16.94
82,22.0,False,0.22,18.04
76,22.0,,0.22,16.72
82,22.0,,0.22,18.04
80,22.0,,0.22,17.6
71,22.0,,0.22,15.62
74,22.0,,0.22,16.28
73,22.0,,0.22,16.06
83,24.0,False,0.24,19.919999999999998
92,24.0,,0.24,22.08
86,24.0,,0.24,20.64
13,24.0,,0.24,3.12
15,24.0,,0.24,3.5999999999999996
15,24.0,,0.24,3.5999999999999996
15,24.0,,0.24,3.5999999999999996
16,29.0,False,0.29,4.64
16,29.0,,0.29,4.64
15,29.0,,0.29,4.35
16,29.0,,0.29,4.64
16,29.0,,0.29,4.64
18,29.0,,0.29,5.22
23,29.0,,0.29,6.67
22,35.0,False,0.35,7.699999999999999
18,35.0,,0.35,6.3
18,35.0,,0.35,6.3
19,35.0,,0.35,6.6499999999999995
18,35.0,,0.35,6.3
22,35.0,,0.35,7.699999999999999
24,35.0,,0.35,8.399999999999999
24,88.0,False,0.88,21.12
26,88.0,,0.88,22.88
30,88.0,,0.88,26.4
37,88.0,,0.88,32.56
58,88.0,,0.88,51.04
100,88.0,,0.88,88.0
80,88.0,,0.88,70.4
58,79.0,False,0.79,45.82
82,79.0,,0.79,64.78
68,79.0,,0.79,53.72
33,79.0,,0.79,26.07
29,79.0,,0.79,22.91
100,79.0,,0.79,79.0
89,79.0,,0.79,70.31
99,42.0,False,0.42,41.58
94,42.0,,0.42,39.48
95,42.0,,0.42,39.9
80,42.0,,0.42,33.6
81,42.0,,0.42,34.019999999999996
74,42.0,,0.42,31.08
78,42.0,,0.42,32.76
85,36.0,False,0.36,30.599999999999998
91,36.0,,0.36,32.76
87,36.0,,0.36,31.32
73,36.0,,0.36,26.279999999999998
76,36.0,,0.36,27.36
73,36.0,,0.36,26.279999999999998
70,36.0,,0.36,25.2
73,28.0,False,0.28,20.44
66,28.0,,0.28,18.48
63,28.0,,0.28,17.64
60,28.0,,0.28,16.8
57,28.0,,0.28,15.96
51,28.0,,0.28,14.280000000000001
51,28.0,,0.28,14.280000000000001
49,24.0,False,0.24,11.76
45,24.0,,0.24,10.799999999999999
59,24.0,,0.24,14.16
61,24.0,,0.24,14.639999999999999
54,24.0,,0.24,12.959999999999999
54,24.0,,0.24,12.959999999999999
51,24.0,,0.24,12.24
48,23.0,False,0.23,11.040000000000001
92,23.0,,0.23,21.16
82,23.0,,0.23,18.86
100,23.0,,0.23,23.0
87,23.0,,0.23,20.01
85,23.0,,0.23,19.55
75,23.0,,0.23,17.25
88,23.0,False,0.23,20.240000000000002
82,23.0,,0.23,18.86
77,23.0,,0.23,17.71
88,23.0,,0.23,20.240000000000002
84,23.0,,0.23,19.32
78,23.0,,0.23,17.94
75,23.0,,0.23,17.25
92,22.0,False,0.22,20.24
81,22.0,,0.22,17.82
79,22.0,,0.22,17.38
77,22.0,,0.22,16.94
81,22.0,,0.22,17.82
81,22.0,,0.22,17.82
76,22.0,,0.22,16.72
91,21.0,False,0.21,19.11
89,21.0,,0.21,18.689999999999998
81,21.0,,0.21,17.009999999999998
70,21.0,,0.21,14.7
81,21.0,,0.21,17.009999999999998
79,21.0,,0.21,16.59
76,21.0,,0.21,15.959999999999999
78,22.0,False,0.22,17.16
85,22.0,,0.22,18.7
78,22.0,,0.22,17.16
77,22.0,,0.22,16.94
63,22.0,,0.22,13.86
61,22.0,,0.22,13.42
65,22.0,,0.22,14.3
62,20.0,False,0.2,12.4
66,20.0,,0.2,13.200000000000001
57,20.0,,0.2,11.4
71,20.0,,0.2,14.200000000000001
65,20.0,,0.2,13.0
66,20.0,,0.2,13.200000000000001
61,20.0,,0.2,12.200000000000001
69,23.0,False,0.23,15.870000000000001
70,23.0,,0.23,16.1
75,23.0,,0.23,17.25
67,23.0,,0.23,15.41
78,23.0,,0.23,17.94
78,23.0,,0.23,17.94
81,23.0,,0.23,18.630000000000003
88,25.0,False,0.25,22.0
100,25.0,,0.25,25.0
90,25.0,,0.25,22.5
70,25.0,,0.25,17.5
71,25.0,,0.25,17.75
70,25.0,,0.25,17.5
74,25.0,,0.25,18.5
70,22.0,False,0.22,15.4
75,22.0,,0.22,16.5
77,22.0,,0.22,16.94
66,22.0,,0.22,14.52
74,22.0,,0.22,16.28
73,22.0,,0.22,16.06
78,22.0,,0.22,17.16
84,23.0,False,0.23,19.32
78,23.0,,0.23,17.94
83,23.0,,0.23,19.09
78,23.0,,0.23,17.94
77,23.0,,0.23,17.71
75,23.0,,0.23,17.25
83,23.0,,0.23,19.09
91,23.0,False,0.23,20.93
70,23.0,,0.23,16.1
75,23.0,,0.23,17.25
79,23.0,,0.23,18.17
78,23.0,,0.23,17.94
79,23.0,,0.23,18.17
75,23.0,,0.23,17.25
100,25.0,False,0.25,25.0
91,25.0,,0.25,22.75
82,25.0,,0.25,20.5
83,25.0,,0.25,20.75
78,25.0,,0.25,19.5
79,25.0,,0.25,19.75
74,25.0,,0.25,18.5
87,22.0,False,0.22,19.14
75,22.0,,0.22,16.5
76,22.0,,0.22,16.72
72,22.0,,0.22,15.84
76,22.0,,0.22,16.72
73,22.0,,0.22,16.06
79,22.0,,0.22,17.38
78,23.0,False,0.23,17.94
99,23.0,,0.23,22.77
92,23.0,,0.23,21.16
93,23.0,,0.23,21.39
85,23.0,,0.23,19.55
96,23.0,,0.23,22.080000000000002
97,23.0,,0.23,22.310000000000002
93,22.0,False,0.22,20.46
75,22.0,,0.22,16.5
89,22.0,,0.22,19.580000000000002
86,22.0,,0.22,18.92
100,22.0,,0.22,22.0
90,22.0,,0.22,19.8
94,22.0,,0.22,20.68
93,21.0,False,0.21,19.529999999999998
96,21.0,,0.21,20.16
97,21.0,,0.21,20.37
81,21.0,,0.21,17.009999999999998
72,21.0,,0.21,15.12
80,21.0,,0.21,16.8
88,21.0,,0.21,18.48
92,21.0,False,0.21,19.32
91,21.0,,0.21,19.11
89,21.0,,0.21,18.689999999999998
83,21.0,,0.21,17.43
88,21.0,,0.21,18.48
84,21.0,,0.21,17.64
90,21.0,,0.21,18.9
89,24.0,False,0.24,21.36
95,24.0,,0.24,22.8
95,24.0,,0.24,22.8
42,24.0,,0.24,10.08
41,24.0,,0.24,9.84
39,24.0,,0.24,9.36
38,24.0,,0.24,9.12
42,35.0,False,0.35,14.7
56,35.0,,0.35,19.599999999999998
100,35.0,,0.35,35.0
60,35.0,,0.35,21.0
46,35.0,,0.35,16.099999999999998
44,35.0,,0.35,15.399999999999999
44,35.0,,0.35,15.399999999999999
50,27.0,False,0.27,13.5
53,27.0,,0.27,14.31
48,27.0,,0.27,12.96
47,27.0,,0.27,12.690000000000001
37,27.0,,0.27,9.99
35,27.0,,0.27,9.450000000000001
37,27.0,,0.27,9.99
41,27.0,False,0.27,11.07
39,27.0,,0.27,10.530000000000001
44,27.0,,0.27,11.88
43,27.0,,0.27,11.610000000000001
40,27.0,,0.27,10.8
45,27.0,,0.27,12.15
49,27.0,,0.27,13.23
50,26.0,False,0.26,13.0
55,26.0,,0.26,14.3
46,26.0,,0.26,11.96
35,26.0,,0.26,9.1
37,26.0,,0.26,9.620000000000001
34,26.0,,0.26,8.84
89,26.0,,0.26,23.14
97,23.0,False,0.23,22.310000000000002
95,23.0,,0.23,21.85
96,23.0,,0.23,22.080000000000002
96,23.0,,0.23,22.080000000000002
92,23.0,,0.23,21.16
88,23.0,,0.23,20.240000000000002
98,23.0,,0.23,22.540000000000003
100,24.0,False,0.24,24.0
99,24.0,,0.24,23.759999999999998
100,24.0,,0.24,24.0
93,24.0,,0.24,22.32
96,24.0,,0.24,23.04
83,24.0,,0.24,19.919999999999998
89,24.0,,0.24,21.36
91,23.0,False,0.23,20.93
92,23.0,,0.23,21.16
93,23.0,,0.23,21.39
90,23.0,,0.23,20.7
80,23.0,,0.23,18.400000000000002
95,23.0,,0.23,21.85
88,23.0,,0.23,20.240000000000002
97,23.0,False,0.23,22.310000000000002
90,23.0,,0.23,20.7
96,23.0,,0.23,22.080000000000002
87,23.0,,0.23,20.01
88,23.0,,0.23,20.240000000000002
85,23.0,,0.23,19.55
94,23.0,,0.23,21.62
100,25.0,False,0.25,25.0
72,25.0,,0.25,18.0
81,25.0,,0.25,20.25
78,25.0,,0.25,19.5
78,25.0,,0.25,19.5
78,25.0,,0.25,19.5
74,25.0,,0.25,18.5
82,23.0,False,0.23,18.86
74,23.0,,0.23,17.02
73,23.0,,0.23,16.79
83,23.0,,0.23,19.09
73,23.0,,0.23,16.79
78,23.0,,0.23,17.94
71,23.0,,0.23,16.330000000000002
62,24.0,False,0.24,14.879999999999999
87,24.0,,0.24,20.88
100,24.0,,0.24,24.0
96,24.0,,0.24,23.04
82,24.0,,0.24,19.68
70,24.0,,0.24,16.8
80,24.0,,0.24,19.2
76,23.0,False,0.23,17.48
68,23.0,,0.23,15.64
73,23.0,,0.23,16.79
76,23.0,,0.23,17.48
74,23.0,,0.23,17.02
66,23.0,,0.23,15.180000000000001
65,23.0,,0.23,14.950000000000001
73,23.0,False,0.23,16.79
74,23.0,,0.23,17.02
82,23.0,,0.23,18.86
71,23.0,,0.23,16.330000000000002
80,23.0,,0.23,18.400000000000002
79,23.0,,0.23,18.17
71,23.0,,0.23,16.330000000000002
82,25.0,False,0.25,20.5
82,25.0,,0.25,20.5
86,25.0,,0.25,21.5
76,25.0,,0.25,19.0
81,25.0,,0.25,20.25
91,25.0,,0.25,22.75
88,25.0,,0.25,22.0
93,25.0,False,0.25,23.25
100,25.0,,0.25,25.0
95,25.0,,0.25,23.75
91,25.0,,0.25,22.75
96,25.0,,0.25,24.0
85,25.0,,0.25,21.25
81,25.0,,0.25,20.25
78,24.0,False,0.24,18.72
84,24.0,,0.24,20.16
85,24.0,,0.24,20.4
78,24.0,,0.24,18.72
89,24.0,,0.24,21.36
81,24.0,,0.24,19.439999999999998
88,24.0,,0.24,21.119999999999997
95,24.0,False,0.24,22.8
87,24.0,,0.24,20.88
88,24.0,,0.24,21.119999999999997
84,24.0,,0.24,20.16
88,24.0,,0.24,21.119999999999997
92,24.0,,0.24,22.08
93,24.0,,0.24,22.32
83,25.0,False,0.25,20.75
100,25.0,,0.25,25.0
79,25.0,,0.25,19.75
68,25.0,,0.25,17.0
55,25.0,,0.25,13.75
62,25.0,,0.25,15.5
61,25.0,,0.25,15.25
61,25.0,False,0.25,15.25
54,25.0,,0.25,13.5
57,25.0,,0.25,14.25
54,25.0,,0.25,13.5
62,25.0,,0.25,15.5
64,25.0,,0.25,16.0
66,25.0,,0.25,16.5
63,21.0,False,0.21,13.229999999999999
67,21.0,,0.21,14.07
69,21.0,,0.21,14.49
64,21.0,,0.21,13.44
59,21.0,,0.21,12.389999999999999
61,21.0,,0.21,12.809999999999999
61,21.0,,0.21,12.809999999999999
68,21.0,False,0.21,14.28
65,21.0,,0.21,13.65
61,21.0,,0.21,12.809999999999999
60,21.0,,0.21,12.6
56,21.0,,0.21,11.76
54,21.0,,0.21,11.34
56,21.0,,0.21,11.76
65,20.0,False,0.2,13.0
54,20.0,,0.2,10.8
66,20.0,,0.2,13.200000000000001
73,20.0,,0.2,14.600000000000001
76,20.0,,0.2,15.200000000000001
80,20.0,,0.2,16.0
72,20.0,,0.2,14.4
79,24.0,False,0.24,18.96
98,24.0,,0.24,23.52
92,24.0,,0.24,22.08
100,24.0,,0.24,24.0
91,24.0,,0.24,21.84
76,24.0,,0.24,18.24
71,24.0,,0.24,17.04
79,20.0,False,0.2,15.8
81,20.0,,0.2,16.2
82,20.0,,0.2,16.400000000000002
75,20.0,,0.2,15.0
70,20.0,,0.2,14.0
64,20.0,,0.2,12.8
67,20.0,,0.2,13.4
76,21.0,False,0.21,15.959999999999999
74,21.0,,0.21,15.54
74,21.0,,0.21,15.54
78,21.0,,0.21,16.38
69,21.0,,0.21,14.49
77,21.0,,0.21,16.169999999999998
75,21.0,,0.21,15.75
83,20.0,False,0.2,16.6
73,20.0,,0.2,14.600000000000001
79,20.0,,0.2,15.8
70,20.0,,0.2,14.0
72,20.0,,0.2,14.4
13,20.0,,0.2,2.6
14,20.0,,0.2,2.8000000000000003
14,24.0,False,0.24,3.36
13,24.0,,0.24,3.12
14,24.0,,0.24,3.36
10,24.0,,0.24,2.4
15,24.0,,0.24,3.5999999999999996
15,24.0,,0.24,3.5999999999999996
18,24.0,,0.24,4.32
19,31.0,False,0.31,5.89
22,31.0,,0.31,6.82
22,31.0,,0.31,6.82
19,31.0,,0.31,5.89
20,31.0,,0.31,6.2
19,31.0,,0.31,5.89
18,31.0,,0.31,5.58
23,40.0,False,0.4,9.200000000000001
21,40.0,,0.4,8.4
21,40.0,,0.4,8.4
22,40.0,,0.4,8.8
24,40.0,,0.4,9.600000000000001
26,40.0,,0.4,10.4
28,40.0,,0.4,11.200000000000001
31,85.0,False,0.85,26.349999999999998
32,85.0,,0.85,27.2
35,85.0,,0.85,29.75
36,85.0,,0.85,30.599999999999998
51,85.0,,0.85,43.35
100,85.0,,0.85,85.0
77,85.0,,0.85,65.45
74,68.0,False,0.68,50.32
100,68.0,,0.68,68.0
85,68.0,,0.68,57.800000000000004
42,68.0,,0.68,28.560000000000002
31,68.0,,0.68,21.080000000000002
31,68.0,,0.68,21.080000000000002
35,68.0,,0.68,23.8
34,33.0,False,0.33,11.22
33,33.0,,0.33,10.89
32,33.0,,0.33,10.56
29,33.0,,0.33,9.57
30,33.0,,0.33,9.9
29,33.0,,0.33,9.57
30,33.0,,0.33,9.9
30,28.0,False,0.28,8.4
29,28.0,,0.28,8.120000000000001
27,28.0,,0.28,7.5600000000000005
25,28.0,,0.28,7.000000000000001
25,28.0,,0.28,7.000000000000001
20,28.0,,0.28,5.6000000000000005
22,28.0,,0.28,6.16
21,24.0,False,0.24,5.04
22,24.0,,0.24,5.279999999999999
19,24.0,,0.24,4.56
16,24.0,,0.24,3.84
26,24.0,,0.24,6.24
24,24.0,,0.24,5.76
19,24.0,,0.24,4.56
21,23.0,False,0.23,4.83
21,23.0,,0.23,4.83
20,23.0,,0.23,4.6000000000000005
86,23.0,,0.23,19.78
97,23.0,,0.23,22.310000000000002
98,23.0,,0.23,22.540000000000003
85,23.0,,0.23,19.55
100,21.0,False,0.21,21.0
96,21.0,,0.21,20.16
85,21.0,,0.21,17.849999999999998
82,21.0,,0.21,17.22
84,21.0,,0.21,17.64
84,21.0,,0.21,17.64
88,21.0,,0.21,18.48
91,20.0,False,0.2,18.2
87,20.0,,0.2,17.400000000000002
83,20.0,,0.2,16.6
89,20.0,,0.2,17.8
80,20.0,,0.2,16.0
85,20.0,,0.2,17.0
84,20.0,,0.2,16.8
90,20.0,False,0.2,18.0
98,20.0,,0.2,19.6
91,20.0,,0.2,18.2
77,20.0,,0.2,15.4
85,20.0,,0.2,17.0
77,20.0,,0.2,15.4
74,20.0,,0.2,14.8
90,19.0,False,0.19,17.1
80,19.0,,0.19,15.2
75,19.0,,0.19,14.25
76,19.0,,0.19,14.44
75,19.0,,0.19,14.25
79,19.0,,0.19,15.01
65,19.0,,0.19,12.35
69,19.0,False,0.19,13.11
67,19.0,,0.19,12.73
68,19.0,,0.19,12.92
67,19.0,,0.19,12.73
75,19.0,,0.19,14.25
71,19.0,,0.19,13.49
65,19.0,,0.19,12.35
72,20.0,False,0.2,14.4
70,20.0,,0.2,14.0
76,20.0,,0.2,15.200000000000001
65,20.0,,0.2,13.0
70,20.0,,0.2,14.0
76,20.0,,0.2,15.200000000000001
100,20.0,,0.2,20.0
97,22.0,False,0.22,21.34
91,22.0,,0.22,20.02
90,22.0,,0.22,19.8
78,22.0,,0.22,17.16
72,22.0,,0.22,15.84
72,22.0,,0.22,15.84
73,22.0,,0.22,16.06
91,20.0,False,0.2,18.2
81,20.0,,0.2,16.2
74,20.0,,0.2,14.8
76,20.0,,0.2,15.200000000000001
67,20.0,,0.2,13.4
70,20.0,,0.2,14.0
81,20.0,,0.2,16.2
85,20.0,False,0.2,17.0
72,20.0,,0.2,14.4
69,20.0,,0.2,13.8
75,20.0,,0.2,15.0
72,20.0,,0.2,14.4
73,20.0,,0.2,14.600000000000001
81,20.0,,0.2,16.2
91,20.0,False,0.2,18.2
71,20.0,,0.2,14.200000000000001
73,20.0,,0.2,14.600000000000001
74,20.0,,0.2,14.8
72,20.0,,0.2,14.4
67,20.0,,0.2,13.4
68,20.0,,0.2,13.600000000000001
100,22.0,False,0.22,22.0
78,22.0,,0.22,17.16
84,22.0,,0.22,18.48
82,22.0,,0.22,18.04
78,22.0,,0.22,17.16
73,22.0,,0.22,16.06
69,22.0,,0.22,15.18
83,20.0,False,0.2,16.6
84,20.0,,0.2,16.8
69,20.0,,0.2,13.8
69,20.0,,0.2,13.8
71,20.0,,0.2,14.200000000000001
79,20.0,,0.2,15.8
66,20.0,,0.2,13.200000000000001
80,20.0,False,0.2,16.0
74,20.0,,0.2,14.8
90,20.0,,0.2,18.0
88,20.0,,0.2,17.6
85,20.0,,0.2,17.0
86,20.0,,0.2,17.2
83,20.0,,0.2,16.6
91,21.0,False,0.21,19.11
90,21.0,,0.21,18.9
97,21.0,,0.21,20.37
76,21.0,,0.21,15.959999999999999
76,21.0,,0.21,15.959999999999999
86,21.0,,0.21,18.06
89,21.0,,0.21,18.689999999999998
79,20.0,False,0.2,15.8
80,20.0,,0.2,16.0
88,20.0,,0.2,17.6
100,20.0,,0.2,20.0
76,20.0,,0.2,15.200000000000001
82,20.0,,0.2,16.400000000000002
78,20.0,,0.2,15.600000000000001
83,20.0,False,0.2,16.6
88,20.0,,0.2,17.6
82,20.0,,0.2,16.400000000000002
79,20.0,,0.2,15.8
78,20.0,,0.2,15.600000000000001
79,20.0,,0.2,15.8
81,20.0,,0.2,16.2
92,21.0,False,0.21,19.32
90,21.0,,0.21,18.9
91,21.0,,0.21,19.11
84,21.0,,0.21,17.64
47,21.0,,0.21,9.87
50,21.0,,0.21,10.5
51,21.0,,0.21,10.709999999999999
54,30.0,False,0.3,16.2
93,30.0,,0.3,27.9
91,30.0,,0.3,27.3
81,30.0,,0.3,24.3
70,30.0,,0.3,21.0
66,30.0,,0.3,19.8
65,30.0,,0.3,19.5
73,27.0,False,0.27,19.71
78,27.0,,0.27,21.060000000000002
65,27.0,,0.27,17.55
62,27.0,,0.27,16.740000000000002
57,27.0,,0.27,15.39
54,27.0,,0.27,14.580000000000002
51,27.0,,0.27,13.770000000000001
51,26.0,False,0.26,13.26
57,26.0,,0.26,14.82
100,26.0,,0.26,26.0
64,26.0,,0.26,16.64
61,26.0,,0.26,15.860000000000001
61,26.0,,0.26,15.860000000000001
54,26.0,,0.26,14.040000000000001
53,22.0,False,0.22,11.66
68,22.0,,0.22,14.96
62,22.0,,0.22,13.64
54,22.0,,0.22,11.88
48,22.0,,0.22,10.56
51,22.0,,0.22,11.22
48,22.0,,0.22,10.56
97,21.0,False,0.21,20.37
77,21.0,,0.21,16.169999999999998
95,21.0,,0.21,19.95
95,21.0,,0.21,19.95
100,21.0,,0.21,21.0
76,21.0,,0.21,15.959999999999999
85,21.0,,0.21,17.849999999999998
88,21.0,False,0.21,18.48
100,21.0,,0.21,21.0
90,21.0,,0.21,18.9
85,21.0,,0.21,17.849999999999998
85,21.0,,0.21,17.849999999999998
91,21.0,,0.21,19.11
86,21.0,,0.21,18.06
92,21.0,False,0.21,19.32
93,21.0,,0.21,19.529999999999998
95,21.0,,0.21,19.95
81,21.0,,0.21,17.009999999999998
89,21.0,,0.21,18.689999999999998
83,21.0,,0.21,17.43
87,21.0,,0.21,18.27
81,21.0,False,0.21,17.009999999999998
87,21.0,,0.21,18.27
93,21.0,,0.21,19.529999999999998
82,21.0,,0.21,17.22
80,21.0,,0.21,16.8
98,21.0,,0.21,20.58
89,21.0,,0.21,18.689999999999998
84,23.0,False,0.23,19.32
87,23.0,,0.23,20.01
60,23.0,,0.23,13.8
66,23.0,,0.23,15.180000000000001
64,23.0,,0.23,14.72
73,23.0,,0.23,16.79
65,23.0,,0.23,14.950000000000001
64,26.0,False,0.26,16.64
69,26.0,,0.26,17.94
79,26.0,,0.26,20.54
72,26.0,,0.26,18.72
77,26.0,,0.26,20.02
74,26.0,,0.26,19.240000000000002
61,26.0,,0.26,15.860000000000001
51,23.0,False,0.23,11.73
60,23.0,,0.23,13.8
63,23.0,,0.23,14.49
56,23.0,,0.23,12.88
74,23.0,,0.23,17.02
60,23.0,,0.23,13.8
78,23.0,,0.23,17.94
81,27.0,False,0.27,21.87
85,27.0,,0.27,22.950000000000003
70,27.0,,0.27,18.900000000000002
71,27.0,,0.27,19.17
76,27.0,,0.27,20.520000000000003
71,27.0,,0.27,19.17
72,27.0,,0.27,19.44
82,31.0,False,0.31,25.419999999999998
76,31.0,,0.31,23.56
84,31.0,,0.31,26.04
99,31.0,,0.31,30.69
100,31.0,,0.31,31.0
100,31.0,,0.31,31.0
70,31.0,,0.31,21.7
83,27.0,False,0.27,22.41
69,27.0,,0.27,18.630000000000003
75,27.0,,0.27,20.25
78,27.0,,0.27,21.060000000000002
78,27.0,,0.27,21.060000000000002
83,27.0,,0.27,22.41
76,27.0,,0.27,20.520000000000003
81,26.0,False,0.26,21.060000000000002
74,26.0,,0.26,19.240000000000002
85,26.0,,0.26,22.1
55,26.0,,0.26,14.3
69,26.0,,0.26,17.94
67,26.0,,0.26,17.42
66,26.0,,0.26,17.16
67,22.0,False,0.22,14.74
66,22.0,,0.22,14.52
65,22.0,,0.22,14.3
65,22.0,,0.22,14.3
69,22.0,,0.22,15.18
69,22.0,,0.22,15.18
60,22.0,,0.22,13.2
73,24.0,False,0.24,17.52
67,24.0,,0.24,16.08
60,24.0,,0.24,14.399999999999999
73,24.0,,0.24,17.52
70,24.0,,0.24,16.8
71,24.0,,0.24,17.04
76,24.0,,0.24,18.24
74,22.0,False,0.22,16.28
100,22.0,,0.22,22.0
81,22.0,,0.22,17.82
68,22.0,,0.22,14.96
59,22.0,,0.22,12.98
67,22.0,,0.22,14.74
57,22.0,,0.22,12.540000000000001
62,20.0,False,0.2,12.4
66,20.0,,0.2,13.200000000000001
73,20.0,,0.2,14.600000000000001
66,20.0,,0.2,13.200000000000001
59,20.0,,0.2,11.8
63,20.0,,0.2,12.600000000000001
58,20.0,,0.2,11.600000000000001
50,20.0,False,0.2,10.0
63,20.0,,0.2,12.600000000000001
67,20.0,,0.2,13.4
67,20.0,,0.2,13.4
63,20.0,,0.2,12.600000000000001
71,20.0,,0.2,14.200000000000001
71,20.0,,0.2,14.200000000000001
72,23.0,False,0.23,16.560000000000002
73,23.0,,0.23,16.79
74,23.0,,0.23,17.02
69,23.0,,0.23,15.870000000000001
65,23.0,,0.23,14.950000000000001
75,23.0,,0.23,17.25
79,23.0,,0.23,18.17
65,21.0,False,0.21,13.65
77,21.0,,0.21,16.169999999999998
75,21.0,,0.21,15.75
74,21.0,,0.21,15.54
74,21.0,,0.21,15.54
72,21.0,,0.21,15.12
68,21.0,,0.21,14.28
75,25.0,False,0.25,18.75
98,25.0,,0.25,24.5
99,25.0,,0.25,24.75
100,25.0,,0.25,25.0
87,25.0,,0.25,21.75
84,25.0,,0.25,21.0
78,25.0,,0.25,19.5
85,21.0,False,0.21,17.849999999999998
82,21.0,,0.21,17.22
72,21.0,,0.21,15.12
68,21.0,,0.21,14.28
69,21.0,,0.21,14.49
76,21.0,,0.21,15.959999999999999
69,21.0,,0.21,14.49
82,24.0,False,0.24,19.68
77,24.0,,0.24,18.48
71,24.0,,0.24,17.04
65,24.0,,0.24,15.6
73,24.0,,0.24,17.52
67,24.0,,0.24,16.08
71,24.0,,0.24,17.04
83,23.0,False,0.23,19.09
77,23.0,,0.23,17.71
76,23.0,,0.23,17.48
67,23.0,,0.23,15.41
82,23.0,,0.23,18.86
87,23.0,,0.23,20.01
