Adobe_unscaled,Adobe_monthly,isPartial,scale,Adobe
92,,,,
100,,,,
84,,,,
79,,,,
54,,,,
54,72.0,False,0.72,38.879999999999995
93,72.0,,0.72,66.96
89,72.0,,0.72,64.08
96,72.0,,0.72,69.12
90,72.0,,0.72,64.8
84,72.0,,0.72,60.48
57,72.0,,0.72,41.04
53,67.0,False,0.67,35.510000000000005
78,67.0,,0.67,52.260000000000005
80,67.0,,0.67,53.6
86,67.0,,0.67,57.620000000000005
77,67.0,,0.67,51.59
77,67.0,,0.67,51.59
50,67.0,,0.67,33.5
50,52.0,False,0.52,26.0
67,52.0,,0.52,34.84
69,52.0,,0.52,35.88
72,52.0,,0.52,37.44
59,52.0,,0.52,30.68
44,52.0,,0.52,22.880000000000003
50,52.0,,0.52,26.0
53,58.0,False,0.58,30.74
66,58.0,,0.58,38.279999999999994
75,58.0,,0.58,43.5
69,58.0,,0.58,40.019999999999996
75,58.0,,0.58,43.5
61,58.0,,0.58,35.379999999999995
60,58.0,,0.58,34.8
53,68.0,False,0.68,36.04
75,68.0,,0.68,51.00000000000001
91,68.0,,0.68,61.88
77,68.0,,0.68,52.36000000000001
83,68.0,,0.68,56.440000000000005
63,68.0,,0.68,42.84
50,68.0,,0.68,34.0
50,77.0,False,0.77,38.5
74,77.0,,0.77,56.980000000000004
100,77.0,,0.77,77.0
95,77.0,,0.77,73.15
88,77.0,,0.77,67.76
80,77.0,,0.77,61.6
50,77.0,,0.77,38.5
48,68.0,False,0.68,32.64
63,68.0,,0.68,42.84
90,68.0,,0.68,61.2
82,68.0,,0.68,55.760000000000005
89,68.0,,0.68,60.52
77,68.0,,0.68,52.36000000000001
52,68.0,,0.68,35.36
53,74.0,False,0.74,39.22
81,74.0,,0.74,59.94
87,74.0,,0.74,64.38
93,74.0,,0.74,68.82
82,74.0,,0.74,60.68
75,74.0,,0.74,55.5
53,74.0,,0.74,39.22
53,74.0,False,0.74,39.22
88,74.0,,0.74,65.12
88,74.0,,0.74,65.12
100,74.0,,0.74,74.0
86,74.0,,0.74,63.64
80,74.0,,0.74,59.2
61,74.0,,0.74,45.14
53,68.0,False,0.68,36.04
82,68.0,,0.68,55.760000000000005
91,68.0,,0.68,61.88
93,68.0,,0.68,63.24
83,68.0,,0.68,56.440000000000005
83,68.0,,0.68,56.440000000000005
53,68.0,,0.68,36.04
54,62.0,False,0.62,33.48
71,62.0,,0.62,44.02
77,62.0,,0.62,47.74
92,62.0,,0.62,57.04
84,62.0,,0.62,52.08
80,62.0,,0.62,49.6
56,62.0,,0.62,34.72
53,71.0,False,0.71,37.629999999999995
83,71.0,,0.71,58.93
85,71.0,,0.71,60.349999999999994
93,71.0,,0.71,66.03
82,71.0,,0.71,58.22
75,71.0,,0.71,53.25
57,71.0,,0.71,40.47
56,72.0,False,0.72,40.32
96,72.0,,0.72,69.12
92,72.0,,0.72,66.24
94,72.0,,0.72,67.67999999999999
90,72.0,,0.72,64.8
81,72.0,,0.72,58.32
58,72.0,,0.72,41.76
55,65.0,False,0.65,35.75
81,65.0,,0.65,52.65
82,65.0,,0.65,53.300000000000004
98,65.0,,0.65,63.7
81,65.0,,0.65,52.65
77,65.0,,0.65,50.050000000000004
55,65.0,,0.65,35.75
51,61.0,False,0.61,31.11
76,61.0,,0.61,46.36
84,61.0,,0.61,51.24
86,61.0,,0.61,52.46
79,61.0,,0.61,48.19
84,61.0,,0.61,51.24
48,61.0,,0.61,29.28
47,63.0,False,0.63,29.61
77,63.0,,0.63,48.51
88,63.0,,0.63,55.44
88,63.0,,0.63,55.44
86,63.0,,0.63,54.18
74,63.0,,0.63,46.62
46,63.0,,0.63,28.98
47,62.0,False,0.62,29.14
78,62.0,,0.62,48.36
81,62.0,,0.62,50.22
100,62.0,,0.62,62.0
83,62.0,,0.62,51.46
72,62.0,,0.62,44.64
48,62.0,,0.62,29.759999999999998
46,62.0,False,0.62,28.52
81,62.0,,0.62,50.22
81,62.0,,0.62,50.22
88,62.0,,0.62,54.56
84,62.0,,0.62,52.08
78,62.0,,0.62,48.36
49,62.0,,0.62,30.38
53,65.0,False,0.65,34.45
84,65.0,,0.65,54.6
96,65.0,,0.65,62.400000000000006
99,65.0,,0.65,64.35000000000001
80,65.0,,0.65,52.0
83,65.0,,0.65,53.95
50,65.0,,0.65,32.5
56,65.0,False,0.65,36.4
86,65.0,,0.65,55.9
86,65.0,,0.65,55.9
92,65.0,,0.65,59.800000000000004
88,65.0,,0.65,57.2
82,65.0,,0.65,53.300000000000004
50,65.0,,0.65,32.5
53,68.0,False,0.68,36.04
91,68.0,,0.68,61.88
94,68.0,,0.68,63.92
100,68.0,,0.68,68.0
91,68.0,,0.68,61.88
82,68.0,,0.68,55.760000000000005
72,68.0,,0.68,48.96
54,67.0,False,0.67,36.18
82,67.0,,0.67,54.940000000000005
81,67.0,,0.67,54.27
90,67.0,,0.67,60.300000000000004
91,67.0,,0.67,60.970000000000006
82,67.0,,0.67,54.940000000000005
53,67.0,,0.67,35.510000000000005
45,61.0,False,0.61,27.45
80,61.0,,0.61,48.8
81,61.0,,0.61,49.41
100,61.0,,0.61,61.0
81,61.0,,0.61,49.41
79,61.0,,0.61,48.19
45,61.0,,0.61,27.45
48,67.0,False,0.67,32.160000000000004
83,67.0,,0.67,55.61000000000001
83,67.0,,0.67,55.61000000000001
89,67.0,,0.67,59.63
80,67.0,,0.67,53.6
76,67.0,,0.67,50.92
47,67.0,,0.67,31.490000000000002
46,63.0,False,0.63,28.98
80,63.0,,0.63,50.4
79,63.0,,0.63,49.77
94,63.0,,0.63,59.22
78,63.0,,0.63,49.14
77,63.0,,0.63,48.51
53,63.0,,0.63,33.39
44,58.0,False,0.58,25.52
53,58.0,,0.58,30.74
84,58.0,,0.58,48.72
89,58.0,,0.58,51.62
80,58.0,,0.58,46.4
80,58.0,,0.58,46.4
44,58.0,,0.58,25.52
44,64.0,False,0.64,28.16
78,64.0,,0.64,49.92
80,64.0,,0.64,51.2
91,64.0,,0.64,58.24
79,64.0,,0.64,50.56
76,64.0,,0.64,48.64
83,64.0,,0.64,53.120000000000005
52,64.0,False,0.64,33.28
78,64.0,,0.64,49.92
80,64.0,,0.64,51.2
95,64.0,,0.64,60.800000000000004
82,64.0,,0.64,52.480000000000004
74,64.0,,0.64,47.36
42,64.0,,0.64,26.88
42,59.0,False,0.59,24.779999999999998
75,59.0,,0.59,44.25
77,59.0,,0.59,45.43
99,59.0,,0.59,58.41
80,59.0,,0.59,47.199999999999996
70,59.0,,0.59,41.3
40,59.0,,0.59,23.599999999999998
40,59.0,False,0.59,23.599999999999998
78,59.0,,0.59,46.019999999999996
73,59.0,,0.59,43.07
100,59.0,,0.59,59.0
80,59.0,,0.59,47.199999999999996
73,59.0,,0.59,43.07
45,59.0,,0.59,26.549999999999997
39,55.0,False,0.55,21.450000000000003
52,55.0,,0.55,28.6
75,55.0,,0.55,41.25
94,55.0,,0.55,51.7
84,55.0,,0.55,46.2
70,55.0,,0.55,38.5
43,55.0,,0.55,23.650000000000002
41,61.0,False,0.61,25.009999999999998
80,61.0,,0.61,48.8
82,61.0,,0.61,50.019999999999996
96,61.0,,0.61,58.56
82,61.0,,0.61,50.019999999999996
84,61.0,,0.61,51.24
43,61.0,,0.61,26.23
43,58.0,False,0.58,24.939999999999998
82,58.0,,0.58,47.559999999999995
80,58.0,,0.58,46.4
94,58.0,,0.58,54.519999999999996
80,58.0,,0.58,46.4
79,58.0,,0.58,45.82
46,58.0,,0.58,26.68
42,63.0,False,0.63,26.46
70,63.0,,0.63,44.1
78,63.0,,0.63,49.14
94,63.0,,0.63,59.22
79,63.0,,0.63,49.77
100,63.0,,0.63,63.0
47,63.0,,0.63,29.61
41,58.0,False,0.58,23.779999999999998
68,58.0,,0.58,39.44
77,58.0,,0.58,44.66
81,58.0,,0.58,46.98
68,58.0,,0.58,39.44
60,58.0,,0.58,34.8
39,58.0,,0.58,22.619999999999997
38,55.0,False,0.55,20.900000000000002
67,55.0,,0.55,36.85
68,55.0,,0.55,37.400000000000006
84,55.0,,0.55,46.2
70,55.0,,0.55,38.5
63,55.0,,0.55,34.650000000000006
40,55.0,,0.55,22.0
37,65.0,False,0.65,24.05
71,65.0,,0.65,46.15
80,65.0,,0.65,52.0
92,65.0,,0.65,59.800000000000004
79,65.0,,0.65,51.35
76,65.0,,0.65,49.4
42,65.0,,0.65,27.3
40,69.0,False,0.69,27.599999999999998
75,69.0,,0.69,51.74999999999999
85,69.0,,0.69,58.65
100,69.0,,0.69,69.0
81,69.0,,0.69,55.88999999999999
86,69.0,,0.69,59.339999999999996
46,69.0,,0.69,31.74
57,69.0,False,0.69,39.33
84,69.0,,0.69,57.959999999999994
91,69.0,,0.69,62.78999999999999
92,69.0,,0.69,63.48
71,69.0,,0.69,48.989999999999995
64,69.0,,0.69,44.16
37,69.0,,0.69,25.529999999999998
36,63.0,False,0.63,22.68
39,63.0,,0.63,24.57
71,63.0,,0.63,44.73
87,63.0,,0.63,54.81
69,63.0,,0.63,43.47
61,63.0,,0.63,38.43
36,63.0,,0.63,22.68
37,70.0,False,0.7,25.9
69,70.0,,0.7,48.3
73,70.0,,0.7,51.099999999999994
93,70.0,,0.7,65.1
74,70.0,,0.7,51.8
67,70.0,,0.7,46.9
35,70.0,,0.7,24.5
37,69.0,False,0.69,25.529999999999998
71,69.0,,0.69,48.989999999999995
71,69.0,,0.69,48.989999999999995
92,69.0,,0.69,63.48
70,69.0,,0.69,48.3
62,69.0,,0.69,42.779999999999994
38,69.0,,0.69,26.22
33,68.0,False,0.68,22.44
65,68.0,,0.68,44.2
67,68.0,,0.68,45.56
100,68.0,,0.68,68.0
70,68.0,,0.68,47.6
72,68.0,,0.68,48.96
39,68.0,,0.68,26.520000000000003
41,67.0,False,0.67,27.470000000000002
72,67.0,,0.67,48.24
74,67.0,,0.67,49.580000000000005
86,67.0,,0.67,57.620000000000005
73,67.0,,0.67,48.910000000000004
66,67.0,,0.67,44.220000000000006
38,67.0,,0.67,25.46
36,66.0,False,0.66,23.76
65,66.0,,0.66,42.9
75,66.0,,0.66,49.5
74,66.0,,0.66,48.84
82,66.0,,0.66,54.120000000000005
70,66.0,,0.66,46.2
40,66.0,,0.66,26.400000000000002
40,69.0,False,0.69,27.599999999999998
71,69.0,,0.69,48.989999999999995
77,69.0,,0.69,53.129999999999995
83,69.0,,0.69,57.269999999999996
78,69.0,,0.69,53.81999999999999
66,69.0,,0.69,45.54
40,69.0,,0.69,27.599999999999998
41,72.0,False,0.72,29.52
69,72.0,,0.72,49.68
91,72.0,,0.72,65.52
100,72.0,,0.72,72.0
80,72.0,,0.72,57.599999999999994
68,72.0,,0.72,48.96
44,72.0,,0.72,31.68
37,66.0,False,0.66,24.42
76,66.0,,0.66,50.160000000000004
79,66.0,,0.66,52.14
88,66.0,,0.66,58.080000000000005
79,66.0,,0.66,52.14
76,66.0,,0.66,50.160000000000004
45,66.0,,0.66,29.700000000000003
42,67.0,False,0.67,28.14
77,67.0,,0.67,51.59
82,67.0,,0.67,54.940000000000005
100,67.0,,0.67,67.0
74,67.0,,0.67,49.580000000000005
67,67.0,,0.67,44.89
44,67.0,,0.67,29.48
41,75.0,False,0.75,30.75
83,75.0,,0.75,62.25
77,75.0,,0.75,57.75
99,75.0,,0.75,74.25
85,75.0,,0.75,63.75
82,75.0,,0.75,61.5
42,75.0,,0.75,31.5
42,53.0,False,0.53,22.26
71,53.0,,0.53,37.63
70,53.0,,0.53,37.1
79,53.0,,0.53,41.870000000000005
39,53.0,,0.53,20.67
46,53.0,,0.53,24.380000000000003
41,53.0,,0.53,21.73
41,72.0,False,0.72,29.52
82,72.0,,0.72,59.04
100,72.0,,0.72,72.0
100,72.0,,0.72,72.0
84,72.0,,0.72,60.48
73,72.0,,0.72,52.559999999999995
44,72.0,,0.72,31.68
40,64.0,False,0.64,25.6
69,64.0,,0.64,44.160000000000004
73,64.0,,0.64,46.72
83,64.0,,0.64,53.120000000000005
90,64.0,,0.64,57.6
70,64.0,,0.64,44.800000000000004
45,64.0,,0.64,28.8
45,65.0,False,0.65,29.25
69,65.0,,0.65,44.85
71,65.0,,0.65,46.15
99,65.0,,0.65,64.35000000000001
82,65.0,,0.65,53.300000000000004
69,65.0,,0.65,44.85
38,65.0,,0.65,24.7
36,51.0,False,0.51,18.36
64,51.0,,0.51,32.64
67,51.0,,0.51,34.17
75,51.0,,0.51,38.25
57,51.0,,0.51,29.07
41,51.0,,0.51,20.91
32,51.0,,0.51,16.32
32,48.0,False,0.48,15.36
51,48.0,,0.48,24.48
57,48.0,,0.48,27.36
72,48.0,,0.48,34.56
63,48.0,,0.48,30.24
43,48.0,,0.48,20.64
38,48.0,,0.48,18.24
47,72.0,False,0.72,33.839999999999996
64,72.0,,0.72,46.08
91,72.0,,0.72,65.52
89,72.0,,0.72,64.08
73,72.0,,0.72,52.559999999999995
81,72.0,,0.72,58.32
53,72.0,,0.72,38.16
49,81.0,False,0.81,39.690000000000005
73,81.0,,0.81,59.13
87,81.0,,0.81,70.47
98,81.0,,0.81,79.38000000000001
97,81.0,,0.81,78.57000000000001
71,81.0,,0.81,57.510000000000005
51,81.0,,0.81,41.31
42,74.0,False,0.74,31.08
57,74.0,,0.74,42.18
77,74.0,,0.74,56.98
87,74.0,,0.74,64.38
84,74.0,,0.74,62.16
74,74.0,,0.74,54.76
53,74.0,,0.74,39.22
52,85.0,False,0.85,44.199999999999996
80,85.0,,0.85,68.0
89,85.0,,0.85,75.64999999999999
91,85.0,,0.85,77.35
89,85.0,,0.85,75.64999999999999
88,85.0,,0.85,74.8
55,85.0,,0.85,46.75
53,84.0,False,0.84,44.519999999999996
100,84.0,,0.84,84.0
84,84.0,,0.84,70.56
91,84.0,,0.84,76.44
85,84.0,,0.84,71.39999999999999
72,84.0,,0.84,60.48
51,84.0,,0.84,42.839999999999996
53,88.0,False,0.88,46.64
79,88.0,,0.88,69.52
98,88.0,,0.88,86.24
87,88.0,,0.88,76.56
64,88.0,,0.88,56.32
81,88.0,,0.88,71.28
47,88.0,,0.88,41.36
46,86.0,False,0.86,39.56
71,86.0,,0.86,61.06
90,86.0,,0.86,77.4
92,86.0,,0.86,79.12
93,86.0,,0.86,79.98
80,86.0,,0.86,68.8
47,86.0,,0.86,40.42
45,84.0,False,0.84,37.8
74,84.0,,0.84,62.16
85,84.0,,0.84,71.39999999999999
100,84.0,,0.84,84.0
82,84.0,,0.84,68.88
75,84.0,,0.84,63.0
47,84.0,,0.84,39.48
46,83.0,False,0.83,38.18
81,83.0,,0.83,67.22999999999999
87,83.0,,0.83,72.21
95,83.0,,0.83,78.85
88,83.0,,0.83,73.03999999999999
80,83.0,,0.83,66.39999999999999
48,83.0,,0.83,39.839999999999996
46,80.0,False,0.8,36.800000000000004
81,80.0,,0.8,64.8
90,80.0,,0.8,72.0
100,80.0,,0.8,80.0
89,80.0,,0.8,71.2
72,80.0,,0.8,57.6
48,80.0,,0.8,38.400000000000006
48,78.0,False,0.78,37.44
80,78.0,,0.78,62.400000000000006
89,78.0,,0.78,69.42
94,78.0,,0.78,73.32000000000001
84,78.0,,0.78,65.52
71,78.0,,0.78,55.38
46,78.0,,0.78,35.88
44,86.0,False,0.86,37.839999999999996
84,86.0,,0.86,72.24
88,86.0,,0.86,75.67999999999999
89,86.0,,0.86,76.53999999999999
88,86.0,,0.86,75.67999999999999
78,86.0,,0.86,67.08
45,86.0,,0.86,38.7
45,85.0,False,0.85,38.25
91,85.0,,0.85,77.35
91,85.0,,0.85,77.35
95,85.0,,0.85,80.75
97,85.0,,0.85,82.45
83,85.0,,0.85,70.55
47,85.0,,0.85,39.949999999999996
51,87.0,False,0.87,44.37
94,87.0,,0.87,81.78
95,87.0,,0.87,82.65
99,87.0,,0.87,86.13
90,87.0,,0.87,78.3
82,87.0,,0.87,71.34
45,87.0,,0.87,39.15
45,84.0,False,0.84,37.8
87,84.0,,0.84,73.08
92,84.0,,0.84,77.28
93,84.0,,0.84,78.11999999999999
90,84.0,,0.84,75.6
74,84.0,,0.84,62.16
45,84.0,,0.84,37.8
47,87.0,False,0.87,40.89
88,87.0,,0.87,76.56
91,87.0,,0.87,79.17
93,87.0,,0.87,80.91
91,87.0,,0.87,79.17
81,87.0,,0.87,70.47
43,87.0,,0.87,37.41
44,87.0,False,0.87,38.28
87,87.0,,0.87,75.69
97,87.0,,0.87,84.39
100,87.0,,0.87,87.0
86,87.0,,0.87,74.82
85,87.0,,0.87,73.95
45,87.0,,0.87,39.15
46,85.0,False,0.85,39.1
90,85.0,,0.85,76.5
92,85.0,,0.85,78.2
98,85.0,,0.85,83.3
93,85.0,,0.85,79.05
74,85.0,,0.85,62.9
46,85.0,,0.85,39.1
44,83.0,False,0.83,36.519999999999996
86,83.0,,0.83,71.38
100,83.0,,0.83,83.0
95,83.0,,0.83,78.85
87,83.0,,0.83,72.21
81,83.0,,0.83,67.22999999999999
41,83.0,,0.83,34.03
44,79.0,False,0.79,34.760000000000005
80,79.0,,0.79,63.2
89,79.0,,0.79,70.31
91,79.0,,0.79,71.89
85,79.0,,0.79,67.15
72,79.0,,0.79,56.88
43,79.0,,0.79,33.97
41,75.0,False,0.75,30.75
78,75.0,,0.75,58.5
87,75.0,,0.75,65.25
87,75.0,,0.75,65.25
84,75.0,,0.75,63.0
69,75.0,,0.75,51.75
39,75.0,,0.75,29.25
37,71.0,False,0.71,26.27
45,71.0,,0.71,31.95
77,71.0,,0.71,54.669999999999995
95,71.0,,0.71,67.45
99,71.0,,0.71,70.28999999999999
86,71.0,,0.71,61.059999999999995
50,71.0,,0.71,35.5
47,76.0,False,0.76,35.72
86,76.0,,0.76,65.36
94,76.0,,0.76,71.44
98,76.0,,0.76,74.48
100,76.0,,0.76,76.0
76,76.0,,0.76,57.76
46,76.0,,0.76,34.96
48,72.0,False,0.72,34.56
95,72.0,,0.72,68.39999999999999
95,72.0,,0.72,68.39999999999999
92,72.0,,0.72,66.24
94,72.0,,0.72,67.67999999999999
74,72.0,,0.72,53.28
47,72.0,,0.72,33.839999999999996
52,75.0,False,0.75,39.0
74,75.0,,0.75,55.5
93,75.0,,0.75,69.75
93,75.0,,0.75,69.75
88,75.0,,0.75,66.0
73,75.0,,0.75,54.75
52,75.0,,0.75,39.0
50,74.0,False,0.74,37.0
88,74.0,,0.74,65.12
93,74.0,,0.74,68.82
89,74.0,,0.74,65.86
92,74.0,,0.74,68.08
82,74.0,,0.74,60.68
50,74.0,,0.74,37.0
41,69.0,False,0.69,28.29
44,69.0,,0.69,30.36
83,69.0,,0.69,57.269999999999996
98,69.0,,0.69,67.61999999999999
91,69.0,,0.69,62.78999999999999
77,69.0,,0.69,53.129999999999995
48,69.0,,0.69,33.12
46,78.0,False,0.78,35.88
92,78.0,,0.78,71.76
100,78.0,,0.78,78.0
97,78.0,,0.78,75.66
91,78.0,,0.78,70.98
71,78.0,,0.78,55.38
55,78.0,,0.78,42.9
49,77.0,False,0.77,37.730000000000004
90,77.0,,0.77,69.3
94,77.0,,0.77,72.38
91,77.0,,0.77,70.07000000000001
90,77.0,,0.77,69.3
78,77.0,,0.77,60.06
55,77.0,,0.77,42.35
50,76.0,False,0.76,38.0
88,76.0,,0.76,66.88
98,76.0,,0.76,74.48
94,76.0,,0.76,71.44
86,76.0,,0.76,65.36
78,76.0,,0.76,59.28
52,76.0,,0.76,39.52
49,81.0,False,0.81,39.690000000000005
73,81.0,,0.81,59.13
82,81.0,,0.81,66.42
87,81.0,,0.81,70.47
82,81.0,,0.81,66.42
67,81.0,,0.81,54.27
50,81.0,,0.81,40.5
42,77.0,False,0.77,32.34
80,77.0,,0.77,61.6
85,77.0,,0.77,65.45
84,77.0,,0.77,64.68
78,77.0,,0.77,60.06
69,77.0,,0.77,53.13
46,77.0,,0.77,35.42
44,82.0,False,0.82,36.08
83,82.0,,0.82,68.06
93,82.0,,0.82,76.25999999999999
83,82.0,,0.82,68.06
88,82.0,,0.82,72.16
78,82.0,,0.82,63.959999999999994
54,82.0,,0.82,44.279999999999994
41,90.0,False,0.9,36.9
88,90.0,,0.9,79.2
100,90.0,,0.9,90.0
93,90.0,,0.9,83.7
94,90.0,,0.9,84.60000000000001
80,90.0,,0.9,72.0
53,90.0,,0.9,47.7
45,89.0,False,0.89,40.05
92,89.0,,0.89,81.88
98,89.0,,0.89,87.22
98,89.0,,0.89,87.22
76,89.0,,0.89,67.64
63,89.0,,0.89,56.07
40,89.0,,0.89,35.6
34,79.0,False,0.79,26.86
36,79.0,,0.79,28.44
78,79.0,,0.79,61.620000000000005
76,79.0,,0.79,60.040000000000006
75,79.0,,0.79,59.25
67,79.0,,0.79,52.93
41,79.0,,0.79,32.39
38,97.0,False,0.97,36.86
80,97.0,,0.97,77.6
77,97.0,,0.97,74.69
76,97.0,,0.97,73.72
100,97.0,,0.97,97.0
81,97.0,,0.97,78.57
46,97.0,,0.97,44.62
39,88.0,False,0.88,34.32
78,88.0,,0.88,68.64
81,88.0,,0.88,71.28
76,88.0,,0.88,66.88
76,88.0,,0.88,66.88
66,88.0,,0.88,58.08
44,88.0,,0.88,38.72
36,85.0,False,0.85,30.599999999999998
72,85.0,,0.85,61.199999999999996
75,85.0,,0.85,63.75
75,85.0,,0.85,63.75
75,85.0,,0.85,63.75
69,85.0,,0.85,58.65
49,85.0,,0.85,41.65
46,89.0,False,0.89,40.94
86,89.0,,0.89,76.54
90,89.0,,0.89,80.1
85,89.0,,0.89,75.65
86,89.0,,0.89,76.54
79,89.0,,0.89,70.31
50,89.0,,0.89,44.5
41,83.0,False,0.83,34.03
72,83.0,,0.83,59.76
100,83.0,,0.83,83.0
88,83.0,,0.83,73.03999999999999
91,83.0,,0.83,75.53
79,83.0,,0.83,65.57
50,83.0,,0.83,41.5
41,91.0,False,0.91,37.31
82,91.0,,0.91,74.62
100,91.0,,0.91,91.0
98,91.0,,0.91,89.18
91,91.0,,0.91,82.81
76,91.0,,0.91,69.16
50,91.0,,0.91,45.5
41,85.0,False,0.85,34.85
87,85.0,,0.85,73.95
90,85.0,,0.85,76.5
89,85.0,,0.85,75.64999999999999
87,85.0,,0.85,73.95
73,85.0,,0.85,62.05
48,85.0,,0.85,40.8
41,84.0,False,0.84,34.44
81,84.0,,0.84,68.03999999999999
95,84.0,,0.84,79.8
100,84.0,,0.84,84.0
90,84.0,,0.84,75.6
79,84.0,,0.84,66.36
52,84.0,,0.84,43.68
41,79.0,False,0.79,32.39
89,79.0,,0.79,70.31
86,79.0,,0.79,67.94
80,79.0,,0.79,63.2
85,79.0,,0.79,67.15
67,79.0,,0.79,52.93
51,79.0,,0.79,40.29
45,84.0,False,0.84,37.8
88,84.0,,0.84,73.92
95,84.0,,0.84,79.8
92,84.0,,0.84,77.28
92,84.0,,0.84,77.28
80,84.0,,0.84,67.2
53,84.0,,0.84,44.519999999999996
44,61.0,False,0.61,26.84
80,61.0,,0.61,48.8
80,61.0,,0.61,48.8
60,61.0,,0.61,36.6
37,61.0,,0.61,22.57
43,61.0,,0.61,26.23
49,61.0,,0.61,29.89
46,85.0,False,0.85,39.1
84,85.0,,0.85,71.39999999999999
95,85.0,,0.85,80.75
91,85.0,,0.85,77.35
100,85.0,,0.85,85.0
87,85.0,,0.85,73.95
53,85.0,,0.85,45.05
45,85.0,False,0.85,38.25
91,85.0,,0.85,77.35
91,85.0,,0.85,77.35
99,85.0,,0.85,84.14999999999999
89,85.0,,0.85,75.64999999999999
79,85.0,,0.85,67.14999999999999
55,85.0,,0.85,46.75
46,81.0,False,0.81,37.260000000000005
85,81.0,,0.81,68.85000000000001
85,81.0,,0.81,68.85000000000001
90,81.0,,0.81,72.9
81,81.0,,0.81,65.61
72,81.0,,0.81,58.32000000000001
50,81.0,,0.81,40.5
38,66.0,False,0.66,25.080000000000002
73,66.0,,0.66,48.18
76,66.0,,0.66,50.160000000000004
72,66.0,,0.66,47.52
63,66.0,,0.66,41.580000000000005
50,66.0,,0.66,33.0
49,66.0,,0.66,32.34
34,56.0,False,0.56,19.040000000000003
40,56.0,,0.56,22.400000000000002
61,56.0,,0.56,34.160000000000004
61,56.0,,0.56,34.160000000000004
62,56.0,,0.56,34.720000000000006
52,56.0,,0.56,29.120000000000005
51,56.0,,0.56,28.560000000000002
30,70.0,False,0.7,21.0
42,70.0,,0.7,29.4
69,70.0,,0.7,48.3
81,70.0,,0.7,56.699999999999996
78,70.0,,0.7,54.599999999999994
73,70.0,,0.7,51.099999999999994
49,70.0,,0.7,34.3
39,87.0,False,0.87,33.93
78,87.0,,0.87,67.86
83,87.0,,0.87,72.21
82,87.0,,0.87,71.34
84,87.0,,0.87,73.08
73,87.0,,0.87,63.51
49,87.0,,0.87,42.63
37,84.0,False,0.84,31.08
56,84.0,,0.84,47.04
86,84.0,,0.84,72.24
89,84.0,,0.84,74.75999999999999
86,84.0,,0.84,72.24
76,84.0,,0.84,63.839999999999996
50,84.0,,0.84,42.0
42,91.0,False,0.91,38.22
86,91.0,,0.91,78.26
89,91.0,,0.91,80.99000000000001
90,91.0,,0.91,81.9
86,91.0,,0.91,78.26
78,91.0,,0.91,70.98
49,91.0,,0.91,44.59
44,94.0,False,0.94,41.36
85,94.0,,0.94,79.89999999999999
100,94.0,,0.94,94.0
100,94.0,,0.94,94.0
98,94.0,,0.94,92.11999999999999
82,94.0,,0.94,77.08
55,94.0,,0.94,51.699999999999996
47,86.0,False,0.86,40.42
91,86.0,,0.86,78.26
97,86.0,,0.86,83.42
94,86.0,,0.86,80.84
89,86.0,,0.86,76.53999999999999
84,86.0,,0.86,72.24
52,86.0,,0.86,44.72
46,91.0,False,0.91,41.86
83,91.0,,0.91,75.53
92,91.0,,0.91,83.72
94,91.0,,0.91,85.54
92,91.0,,0.91,83.72
79,91.0,,0.91,71.89
50,91.0,,0.91,45.5
44,88.0,False,0.88,38.72
73,88.0,,0.88,64.24
90,88.0,,0.88,79.2
97,88.0,,0.88,85.36
90,88.0,,0.88,79.2
87,88.0,,0.88,76.56
55,88.0,,0.88,48.4
47,94.0,False,0.94,44.18
92,94.0,,0.94,86.47999999999999
95,94.0,,0.94,89.3
95,94.0,,0.94,89.3
94,94.0,,0.94,88.36
84,94.0,,0.94,78.96
49,94.0,,0.94,46.059999999999995
45,88.0,False,0.88,39.6
88,88.0,,0.88,77.44
89,88.0,,0.88,78.32000000000001
88,88.0,,0.88,77.44
84,88.0,,0.88,73.92
75,88.0,,0.88,66.0
49,88.0,,0.88,43.12
41,86.0,False,0.86,35.26
76,86.0,,0.86,65.36
81,86.0,,0.86,69.66
85,86.0,,0.86,73.1
81,86.0,,0.86,69.66
71,86.0,,0.86,61.06
49,86.0,,0.86,42.14
42,93.0,False,0.93,39.06
84,93.0,,0.93,78.12
98,93.0,,0.93,91.14
100,93.0,,0.93,93.0
91,93.0,,0.93,84.63000000000001
75,93.0,,0.93,69.75
50,93.0,,0.93,46.5
42,89.0,False,0.89,37.38
82,89.0,,0.89,72.98
90,89.0,,0.89,80.1
88,89.0,,0.89,78.32000000000001
93,89.0,,0.89,82.77
78,89.0,,0.89,69.42
51,89.0,,0.89,45.39
48,86.0,False,0.86,41.28
94,86.0,,0.86,80.84
94,86.0,,0.86,80.84
93,86.0,,0.86,79.98
92,86.0,,0.86,79.12
71,86.0,,0.86,61.06
50,86.0,,0.86,43.0
50,86.0,False,0.86,43.0
87,86.0,,0.86,74.82
95,86.0,,0.86,81.7
100,86.0,,0.86,86.0
98,86.0,,0.86,84.28
76,86.0,,0.86,65.36
49,86.0,,0.86,42.14
48,84.0,False,0.84,40.32
92,84.0,,0.84,77.28
96,84.0,,0.84,80.64
97,84.0,,0.84,81.48
89,84.0,,0.84,74.75999999999999
77,84.0,,0.84,64.67999999999999
46,84.0,,0.84,38.64
45,87.0,False,0.87,39.15
96,87.0,,0.87,83.52
97,87.0,,0.87,84.39
96,87.0,,0.87,83.52
94,87.0,,0.87,81.78
81,87.0,,0.87,70.47
52,87.0,,0.87,45.24
49,89.0,False,0.89,43.61
97,89.0,,0.89,86.33
100,89.0,,0.89,89.0
100,89.0,,0.89,89.0
97,89.0,,0.89,86.33
83,89.0,,0.89,73.87
47,89.0,,0.89,41.83
45,78.0,False,0.78,35.1
90,78.0,,0.78,70.2
94,78.0,,0.78,73.32000000000001
93,78.0,,0.78,72.54
94,78.0,,0.78,73.32000000000001
79,78.0,,0.78,61.620000000000005
45,78.0,,0.78,35.1
41,79.0,False,0.79,32.39
91,79.0,,0.79,71.89
99,79.0,,0.79,78.21000000000001
91,79.0,,0.79,71.89
88,79.0,,0.79,69.52000000000001
81,79.0,,0.79,63.99
44,79.0,,0.79,34.760000000000005
44,85.0,False,0.85,37.4
87,85.0,,0.85,73.95
96,85.0,,0.85,81.6
97,85.0,,0.85,82.45
99,85.0,,0.85,84.14999999999999
80,85.0,,0.85,68.0
55,85.0,,0.85,46.75
47,82.0,False,0.82,38.54
49,82.0,,0.82,40.18
95,82.0,,0.82,77.89999999999999
95,82.0,,0.82,77.89999999999999
100,82.0,,0.82,82.0
81,82.0,,0.82,66.42
55,82.0,,0.82,45.099999999999994
44,83.0,False,0.83,36.519999999999996
84,83.0,,0.83,69.72
92,83.0,,0.83,76.36
95,83.0,,0.83,78.85
90,83.0,,0.83,74.7
76,83.0,,0.83,63.08
44,83.0,,0.83,36.519999999999996
42,84.0,False,0.84,35.28
90,84.0,,0.84,75.6
94,84.0,,0.84,78.96
95,84.0,,0.84,79.8
95,84.0,,0.84,79.8
77,84.0,,0.84,64.67999999999999
45,84.0,,0.84,37.8
42,77.0,False,0.77,32.34
67,77.0,,0.77,51.59
91,77.0,,0.77,70.07000000000001
93,77.0,,0.77,71.61
82,77.0,,0.77,63.14
78,77.0,,0.77,60.06
50,77.0,,0.77,38.5
41,81.0,False,0.81,33.21
84,81.0,,0.81,68.04
97,81.0,,0.81,78.57000000000001
95,81.0,,0.81,76.95
87,81.0,,0.81,70.47
70,81.0,,0.81,56.7
48,81.0,,0.81,38.88
47,69.0,False,0.69,32.43
66,69.0,,0.69,45.54
49,69.0,,0.69,33.809999999999995
81,69.0,,0.69,55.88999999999999
95,69.0,,0.69,65.55
83,69.0,,0.69,57.269999999999996
51,69.0,,0.69,35.19
49,79.0,False,0.79,38.71
84,79.0,,0.79,66.36
98,79.0,,0.79,77.42
95,79.0,,0.79,75.05
90,79.0,,0.79,71.10000000000001
80,79.0,,0.79,63.2
58,79.0,,0.79,45.82
48,75.0,False,0.75,36.0
89,75.0,,0.75,66.75
83,75.0,,0.75,62.25
88,75.0,,0.75,66.0
85,75.0,,0.75,63.75
72,75.0,,0.75,54.0
58,75.0,,0.75,43.5
46,79.0,False,0.79,36.34
87,79.0,,0.79,68.73
95,79.0,,0.79,75.05
100,79.0,,0.79,79.0
93,79.0,,0.79,73.47
72,79.0,,0.79,56.88
51,79.0,,0.79,40.29
45,78.0,False,0.78,35.1
81,78.0,,0.78,63.18
90,78.0,,0.78,70.2
81,78.0,,0.78,63.18
80,78.0,,0.78,62.400000000000006
70,78.0,,0.78,54.6
54,78.0,,0.78,42.120000000000005
41,76.0,False,0.76,31.16
76,76.0,,0.76,57.76
82,76.0,,0.76,62.32
79,76.0,,0.76,60.04
80,76.0,,0.76,60.8
67,76.0,,0.76,50.92
52,76.0,,0.76,39.52
44,84.0,False,0.84,36.96
84,84.0,,0.84,70.56
84,84.0,,0.84,70.56
87,84.0,,0.84,73.08
87,84.0,,0.84,73.08
77,84.0,,0.84,64.67999999999999
53,84.0,,0.84,44.519999999999996
46,90.0,False,0.9,41.4
90,90.0,,0.9,81.0
100,90.0,,0.9,90.0
99,90.0,,0.9,89.10000000000001
96,90.0,,0.9,86.4
80,90.0,,0.9,72.0
56,90.0,,0.9,50.4
49,87.0,False,0.87,42.63
92,87.0,,0.87,80.04
97,87.0,,0.87,84.39
97,87.0,,0.87,84.39
95,87.0,,0.87,82.65
84,87.0,,0.87,73.08
61,87.0,,0.87,53.07
43,82.0,False,0.82,35.26
52,82.0,,0.82,42.64
85,82.0,,0.82,69.7
97,82.0,,0.82,79.53999999999999
90,82.0,,0.82,73.8
80,82.0,,0.82,65.6
53,82.0,,0.82,43.46
46,91.0,False,0.91,41.86
84,91.0,,0.91,76.44
97,91.0,,0.91,88.27
96,91.0,,0.91,87.36
100,91.0,,0.91,91.0
83,91.0,,0.91,75.53
56,91.0,,0.91,50.96
47,82.0,False,0.82,38.54
87,82.0,,0.82,71.33999999999999
91,82.0,,0.82,74.61999999999999
91,82.0,,0.82,74.61999999999999
94,82.0,,0.82,77.08
78,82.0,,0.82,63.959999999999994
49,82.0,,0.82,40.18
43,86.0,False,0.86,36.98
86,86.0,,0.86,73.96
92,86.0,,0.86,79.12
95,86.0,,0.86,81.7
93,86.0,,0.86,79.98
74,86.0,,0.86,63.64
55,86.0,,0.86,47.3
46,83.0,False,0.83,38.18
93,83.0,,0.83,77.19
98,83.0,,0.83,81.33999999999999
93,83.0,,0.83,77.19
90,83.0,,0.83,74.7
89,83.0,,0.83,73.86999999999999
53,83.0,,0.83,43.989999999999995
43,85.0,False,0.85,36.55
80,85.0,,0.85,68.0
100,85.0,,0.85,85.0
98,85.0,,0.85,83.3
98,85.0,,0.85,83.3
79,85.0,,0.85,67.14999999999999
49,85.0,,0.85,41.65
51,85.0,False,0.85,43.35
84,85.0,,0.85,71.39999999999999
97,85.0,,0.85,82.45
94,85.0,,0.85,79.89999999999999
96,85.0,,0.85,81.6
79,85.0,,0.85,67.14999999999999
62,85.0,,0.85,52.699999999999996
48,88.0,False,0.88,42.24
88,88.0,,0.88,77.44
95,88.0,,0.88,83.6
99,88.0,,0.88,87.12
96,88.0,,0.88,84.48
81,88.0,,0.88,71.28
51,88.0,,0.88,44.88
44,83.0,False,0.83,36.519999999999996
85,83.0,,0.83,70.55
97,83.0,,0.83,80.50999999999999
100,83.0,,0.83,83.0
91,83.0,,0.83,75.53
81,83.0,,0.83,67.22999999999999
60,83.0,,0.83,49.8
45,83.0,False,0.83,37.35
88,83.0,,0.83,73.03999999999999
91,83.0,,0.83,75.53
88,83.0,,0.83,73.03999999999999
86,83.0,,0.83,71.38
70,83.0,,0.83,58.099999999999994
58,83.0,,0.83,48.14
45,83.0,False,0.83,37.35
87,83.0,,0.83,72.21
90,83.0,,0.83,74.7
94,83.0,,0.83,78.02
82,83.0,,0.83,68.06
77,83.0,,0.83,63.91
55,83.0,,0.83,45.65
41,62.0,False,0.62,25.419999999999998
80,62.0,,0.62,49.6
79,62.0,,0.62,48.98
62,62.0,,0.62,38.44
38,62.0,,0.62,23.56
43,62.0,,0.62,26.66
53,62.0,,0.62,32.86
44,80.0,False,0.8,35.2
83,80.0,,0.8,66.4
95,80.0,,0.8,76.0
96,80.0,,0.8,76.80000000000001
88,80.0,,0.8,70.4
82,80.0,,0.8,65.60000000000001
59,80.0,,0.8,47.2
52,91.0,False,0.91,47.32
95,91.0,,0.91,86.45
97,91.0,,0.91,88.27
93,91.0,,0.91,84.63000000000001
95,91.0,,0.91,86.45
90,91.0,,0.91,81.9
59,91.0,,0.91,53.690000000000005
44,84.0,False,0.84,36.96
91,84.0,,0.84,76.44
98,84.0,,0.84,82.32
100,84.0,,0.84,84.0
89,84.0,,0.84,74.75999999999999
77,84.0,,0.84,64.67999999999999
56,84.0,,0.84,47.04
40,75.0,False,0.75,30.0
92,75.0,,0.75,69.0
83,75.0,,0.75,62.25
75,75.0,,0.75,56.25
71,75.0,,0.75,53.25
59,75.0,,0.75,44.25
50,75.0,,0.75,37.5
34,57.0,False,0.57,19.38
31,57.0,,0.57,17.669999999999998
52,57.0,,0.57,29.639999999999997
59,57.0,,0.57,33.629999999999995
69,57.0,,0.57,39.33
55,57.0,,0.57,31.349999999999998
52,57.0,,0.57,29.639999999999997
36,73.0,False,0.73,26.28
35,73.0,,0.73,25.55
70,73.0,,0.73,51.1
80,73.0,,0.73,58.4
78,73.0,,0.73,56.94
74,73.0,,0.73,54.019999999999996
57,73.0,,0.73,41.61
45,88.0,False,0.88,39.6
74,88.0,,0.88,65.12
85,88.0,,0.88,74.8
94,88.0,,0.88,82.72
88,88.0,,0.88,77.44
73,88.0,,0.88,64.24
52,88.0,,0.88,45.76
49,82.0,False,0.82,40.18
53,82.0,,0.82,43.46
81,82.0,,0.82,66.42
90,82.0,,0.82,73.8
92,82.0,,0.82,75.44
79,82.0,,0.82,64.78
54,82.0,,0.82,44.279999999999994
44,92.0,False,0.92,40.480000000000004
82,92.0,,0.92,75.44
92,92.0,,0.92,84.64
94,92.0,,0.92,86.48
97,92.0,,0.92,89.24000000000001
88,92.0,,0.92,80.96000000000001
61,92.0,,0.92,56.120000000000005
48,96.0,False,0.96,46.08
91,96.0,,0.96,87.36
100,96.0,,0.96,96.0
100,96.0,,0.96,96.0
100,96.0,,0.96,96.0
89,96.0,,0.96,85.44
59,96.0,,0.96,56.64
48,95.0,False,0.95,45.599999999999994
91,95.0,,0.95,86.45
95,95.0,,0.95,90.25
95,95.0,,0.95,90.25
95,95.0,,0.95,90.25
78,95.0,,0.95,74.1
58,95.0,,0.95,55.099999999999994
45,93.0,False,0.93,41.85
78,93.0,,0.93,72.54
95,93.0,,0.93,88.35000000000001
92,93.0,,0.93,85.56
89,93.0,,0.93,82.77000000000001
87,93.0,,0.93,80.91000000000001
54,93.0,,0.93,50.220000000000006
48,92.0,False,0.92,44.160000000000004
67,92.0,,0.92,61.64
95,92.0,,0.92,87.4
97,92.0,,0.92,89.24000000000001
87,92.0,,0.92,80.04
82,92.0,,0.92,75.44
59,92.0,,0.92,54.28
55,89.0,False,0.89,48.95
93,89.0,,0.89,82.77
92,89.0,,0.89,81.88
91,89.0,,0.89,80.99
89,89.0,,0.89,79.21000000000001
83,89.0,,0.89,73.87
58,89.0,,0.89,51.62
46,90.0,False,0.9,41.4
87,90.0,,0.9,78.3
92,90.0,,0.9,82.8
94,90.0,,0.9,84.60000000000001
84,90.0,,0.9,75.60000000000001
74,90.0,,0.9,66.60000000000001
58,90.0,,0.9,52.2
45,91.0,False,0.91,40.95
83,91.0,,0.91,75.53
92,91.0,,0.91,83.72
90,91.0,,0.91,81.9
94,91.0,,0.91,85.54
83,91.0,,0.91,75.53
60,91.0,,0.91,54.6
50,89.0,False,0.89,44.5
93,89.0,,0.89,82.77
93,89.0,,0.89,82.77
88,89.0,,0.89,78.32000000000001
100,89.0,,0.89,89.0
75,89.0,,0.89,66.75
56,89.0,,0.89,49.84
50,87.0,False,0.87,43.5
91,87.0,,0.87,79.17
97,87.0,,0.87,84.39
98,87.0,,0.87,85.26
84,87.0,,0.87,73.08
65,87.0,,0.87,56.55
55,87.0,,0.87,47.85
43,91.0,False,0.91,39.13
90,91.0,,0.91,81.9
94,91.0,,0.91,85.54
95,91.0,,0.91,86.45
95,91.0,,0.91,86.45
77,91.0,,0.91,70.07000000000001
58,91.0,,0.91,52.78
45,87.0,False,0.87,39.15
71,87.0,,0.87,61.77
92,87.0,,0.87,80.04
96,87.0,,0.87,83.52
95,87.0,,0.87,82.65
79,87.0,,0.87,68.73
57,87.0,,0.87,49.589999999999996
48,86.0,False,0.86,41.28
88,86.0,,0.86,75.67999999999999
96,86.0,,0.86,82.56
90,86.0,,0.86,77.4
86,86.0,,0.86,73.96
75,86.0,,0.86,64.5
54,86.0,,0.86,46.44
48,89.0,False,0.89,42.72
89,89.0,,0.89,79.21000000000001
92,89.0,,0.89,81.88
100,89.0,,0.89,89.0
94,89.0,,0.89,83.66
79,89.0,,0.89,70.31
60,89.0,,0.89,53.4
53,85.0,False,0.85,45.05
86,85.0,,0.85,73.1
92,85.0,,0.85,78.2
92,85.0,,0.85,78.2
100,85.0,,0.85,85.0
80,85.0,,0.85,68.0
56,85.0,,0.85,47.6
54,85.0,False,0.85,45.9
92,85.0,,0.85,78.2
97,85.0,,0.85,82.45
91,85.0,,0.85,77.35
95,85.0,,0.85,80.75
85,85.0,,0.85,72.25
58,85.0,,0.85,49.3
45,85.0,False,0.85,38.25
92,85.0,,0.85,78.2
99,85.0,,0.85,84.14999999999999
93,85.0,,0.85,79.05
92,85.0,,0.85,78.2
79,85.0,,0.85,67.14999999999999
61,85.0,,0.85,51.85
46,81.0,False,0.81,37.260000000000005
82,81.0,,0.81,66.42
86,81.0,,0.81,69.66000000000001
86,81.0,,0.81,69.66000000000001
91,81.0,,0.81,73.71000000000001
74,81.0,,0.81,59.940000000000005
64,81.0,,0.81,51.84
46,77.0,False,0.77,35.42
51,77.0,,0.77,39.27
88,77.0,,0.77,67.76
91,77.0,,0.77,70.07000000000001
87,77.0,,0.77,66.99
76,77.0,,0.77,58.52
64,77.0,,0.77,49.28
41,84.0,False,0.84,34.44
81,84.0,,0.84,68.03999999999999
91,84.0,,0.84,76.44
90,84.0,,0.84,75.6
89,84.0,,0.84,74.75999999999999
78,84.0,,0.84,65.52
68,84.0,,0.84,57.12
50,85.0,False,0.85,42.5
100,85.0,,0.85,85.0
93,85.0,,0.85,79.05
87,85.0,,0.85,73.95
93,85.0,,0.85,79.05
84,85.0,,0.85,71.39999999999999
61,85.0,,0.85,51.85
41,81.0,False,0.81,33.21
91,81.0,,0.81,73.71000000000001
95,81.0,,0.81,76.95
71,81.0,,0.81,57.510000000000005
81,81.0,,0.81,65.61
75,81.0,,0.81,60.75000000000001
55,81.0,,0.81,44.550000000000004
46,82.0,False,0.82,37.72
86,82.0,,0.82,70.52
90,82.0,,0.82,73.8
99,82.0,,0.82,81.17999999999999
82,82.0,,0.82,67.24
72,82.0,,0.82,59.04
58,82.0,,0.82,47.559999999999995
43,72.0,False,0.72,30.959999999999997
87,72.0,,0.72,62.64
90,72.0,,0.72,64.8
74,72.0,,0.72,53.28
46,72.0,,0.72,33.12
62,72.0,,0.72,44.64
61,72.0,,0.72,43.92
45,75.0,False,0.75,33.75
82,75.0,,0.75,61.5
90,75.0,,0.75,67.5
93,75.0,,0.75,69.75
85,75.0,,0.75,63.75
78,75.0,,0.75,58.5
61,75.0,,0.75,45.75
41,75.0,False,0.75,30.75
79,75.0,,0.75,59.25
88,75.0,,0.75,66.0
93,75.0,,0.75,69.75
83,75.0,,0.75,62.25
72,75.0,,0.75,54.0
63,75.0,,0.75,47.25
50,79.0,False,0.79,39.5
86,79.0,,0.79,67.94
100,79.0,,0.79,79.0
93,79.0,,0.79,73.47
88,79.0,,0.79,69.52000000000001
73,79.0,,0.79,57.67
64,79.0,,0.79,50.56
43,76.0,False,0.76,32.68
76,76.0,,0.76,57.76
91,76.0,,0.76,69.16
91,76.0,,0.76,69.16
81,76.0,,0.76,61.56
70,76.0,,0.76,53.2
56,76.0,,0.76,42.56
40,79.0,False,0.79,31.6
73,79.0,,0.79,57.67
81,79.0,,0.79,63.99
78,79.0,,0.79,61.620000000000005
80,79.0,,0.79,63.2
61,79.0,,0.79,48.190000000000005
56,79.0,,0.79,44.24
39,81.0,False,0.81,31.590000000000003
74,81.0,,0.81,59.940000000000005
81,81.0,,0.81,65.61
84,81.0,,0.81,68.04
83,81.0,,0.81,67.23
62,81.0,,0.81,50.220000000000006
55,81.0,,0.81,44.550000000000004
43,87.0,False,0.87,37.41
80,87.0,,0.87,69.6
84,87.0,,0.87,73.08
97,87.0,,0.87,84.39
89,87.0,,0.87,77.42999999999999
80,87.0,,0.87,69.6
61,87.0,,0.87,53.07
42,87.0,False,0.87,36.54
91,87.0,,0.87,79.17
97,87.0,,0.87,84.39
100,87.0,,0.87,87.0
88,87.0,,0.87,76.56
73,87.0,,0.87,63.51
52,87.0,,0.87,45.24
42,83.0,False,0.83,34.86
50,83.0,,0.83,41.5
90,83.0,,0.83,74.7
96,83.0,,0.83,79.67999999999999
86,83.0,,0.83,71.38
77,83.0,,0.83,63.91
53,83.0,,0.83,43.989999999999995
42,88.0,False,0.88,36.96
91,88.0,,0.88,80.08
92,88.0,,0.88,80.96
88,88.0,,0.88,77.44
95,88.0,,0.88,83.6
79,88.0,,0.88,69.52
56,88.0,,0.88,49.28
40,92.0,False,0.92,36.800000000000004
91,92.0,,0.92,83.72
100,92.0,,0.92,92.0
93,92.0,,0.92,85.56
92,92.0,,0.92,84.64
76,92.0,,0.92,69.92
60,92.0,,0.92,55.2
48,93.0,False,0.93,44.64
92,93.0,,0.93,85.56
93,93.0,,0.93,86.49000000000001
91,93.0,,0.93,84.63000000000001
91,93.0,,0.93,84.63000000000001
72,93.0,,0.93,66.96000000000001
57,93.0,,0.93,53.010000000000005
42,88.0,False,0.88,36.96
82,88.0,,0.88,72.16
100,88.0,,0.88,88.0
95,88.0,,0.88,83.6
83,88.0,,0.88,73.04
71,88.0,,0.88,62.48
57,88.0,,0.88,50.160000000000004
42,82.0,False,0.82,34.44
81,82.0,,0.82,66.42
92,82.0,,0.82,75.44
79,82.0,,0.82,64.78
76,82.0,,0.82,62.31999999999999
67,82.0,,0.82,54.94
62,82.0,,0.82,50.839999999999996
44,87.0,False,0.87,38.28
76,87.0,,0.87,66.12
94,87.0,,0.87,81.78
96,87.0,,0.87,83.52
89,87.0,,0.87,77.42999999999999
79,87.0,,0.87,68.73
56,87.0,,0.87,48.72
44,88.0,False,0.88,38.72
92,88.0,,0.88,80.96
94,88.0,,0.88,82.72
99,88.0,,0.88,87.12
99,88.0,,0.88,87.12
75,88.0,,0.88,66.0
63,88.0,,0.88,55.44
45,87.0,False,0.87,39.15
88,87.0,,0.87,76.56
93,87.0,,0.87,80.91
86,87.0,,0.87,74.82
87,87.0,,0.87,75.69
83,87.0,,0.87,72.21
60,87.0,,0.87,52.2
53,80.0,False,0.8,42.400000000000006
92,80.0,,0.8,73.60000000000001
81,80.0,,0.8,64.8
62,80.0,,0.8,49.6
89,80.0,,0.8,71.2
77,80.0,,0.8,61.6
66,80.0,,0.8,52.800000000000004
47,87.0,False,0.87,40.89
80,87.0,,0.87,69.6
91,87.0,,0.87,79.17
100,87.0,,0.87,87.0
96,87.0,,0.87,83.52
87,87.0,,0.87,75.69
57,87.0,,0.87,49.589999999999996
47,90.0,False,0.9,42.300000000000004
95,90.0,,0.9,85.5
97,90.0,,0.9,87.3
97,90.0,,0.9,87.3
97,90.0,,0.9,87.3
85,90.0,,0.9,76.5
70,90.0,,0.9,63.0
47,65.0,False,0.65,30.55
94,65.0,,0.65,61.1
81,65.0,,0.65,52.65
72,65.0,,0.65,46.800000000000004
40,65.0,,0.65,26.0
45,65.0,,0.65,29.25
63,65.0,,0.65,40.95
43,93.0,False,0.93,39.99
78,93.0,,0.93,72.54
100,93.0,,0.93,93.0
91,93.0,,0.93,84.63000000000001
89,93.0,,0.93,82.77000000000001
79,93.0,,0.93,73.47
59,93.0,,0.93,54.870000000000005
45,90.0,False,0.9,40.5
85,90.0,,0.9,76.5
83,90.0,,0.9,74.7
90,90.0,,0.9,81.0
94,90.0,,0.9,84.60000000000001
72,90.0,,0.9,64.8
63,90.0,,0.9,56.7
42,85.0,False,0.85,35.699999999999996
77,85.0,,0.85,65.45
82,85.0,,0.85,69.7
80,85.0,,0.85,68.0
72,85.0,,0.85,61.199999999999996
69,85.0,,0.85,58.65
60,85.0,,0.85,51.0
44,57.0,False,0.57,25.08
58,57.0,,0.57,33.059999999999995
48,57.0,,0.57,27.36
30,57.0,,0.57,17.099999999999998
50,57.0,,0.57,28.499999999999996
50,57.0,,0.57,28.499999999999996
61,57.0,,0.57,34.769999999999996
38,65.0,False,0.65,24.7
57,65.0,,0.65,37.050000000000004
50,65.0,,0.65,32.5
37,65.0,,0.65,24.05
70,65.0,,0.65,45.5
67,65.0,,0.65,43.550000000000004
61,65.0,,0.65,39.65
43,89.0,False,0.89,38.27
74,89.0,,0.89,65.86
90,89.0,,0.89,80.1
82,89.0,,0.89,72.98
79,89.0,,0.89,70.31
79,89.0,,0.89,70.31
67,89.0,,0.89,59.63
46,91.0,False,0.91,41.86
85,91.0,,0.91,77.35000000000001
95,91.0,,0.91,86.45
93,91.0,,0.91,84.63000000000001
91,91.0,,0.91,82.81
78,91.0,,0.91,70.98
55,91.0,,0.91,50.050000000000004
52,90.0,False,0.9,46.800000000000004
60,90.0,,0.9,54.0
91,90.0,,0.9,81.9
95,90.0,,0.9,85.5
100,90.0,,0.9,90.0
90,90.0,,0.9,81.0
72,90.0,,0.9,64.8
48,93.0,False,0.93,44.64
91,93.0,,0.93,84.63000000000001
100,93.0,,0.93,93.0
96,93.0,,0.93,89.28
95,93.0,,0.93,88.35000000000001
87,93.0,,0.93,80.91000000000001
68,93.0,,0.93,63.24
53,96.0,False,0.96,50.879999999999995
89,96.0,,0.96,85.44
100,96.0,,0.96,96.0
94,96.0,,0.96,90.24
86,96.0,,0.96,82.56
83,96.0,,0.96,79.67999999999999
65,96.0,,0.96,62.4
55,96.0,False,0.96,52.8
85,96.0,,0.96,81.6
92,96.0,,0.96,88.32
94,96.0,,0.96,90.24
94,96.0,,0.96,90.24
78,96.0,,0.96,74.88
60,96.0,,0.96,57.599999999999994
48,95.0,False,0.95,45.599999999999994
69,95.0,,0.95,65.55
90,95.0,,0.95,85.5
95,95.0,,0.95,90.25
94,95.0,,0.95,89.3
89,95.0,,0.95,84.55
73,95.0,,0.95,69.35
50,100.0,False,1.0,50.0
91,100.0,,1.0,91.0
98,100.0,,1.0,98.0
100,100.0,,1.0,100.0
86,100.0,,1.0,86.0
81,100.0,,1.0,81.0
75,100.0,,1.0,75.0
52,95.0,False,0.95,49.4
89,95.0,,0.95,84.55
95,95.0,,0.95,90.25
95,95.0,,0.95,90.25
93,95.0,,0.95,88.35
87,95.0,,0.95,82.64999999999999
67,95.0,,0.95,63.65
50,94.0,False,0.94,47.0
87,94.0,,0.94,81.78
94,94.0,,0.94,88.36
100,94.0,,0.94,94.0
93,94.0,,0.94,87.42
76,94.0,,0.94,71.44
64,94.0,,0.94,60.16
46,94.0,False,0.94,43.239999999999995
91,94.0,,0.94,85.53999999999999
91,94.0,,0.94,85.53999999999999
92,94.0,,0.94,86.47999999999999
91,94.0,,0.94,85.53999999999999
80,94.0,,0.94,75.19999999999999
66,94.0,,0.94,62.04
50,89.0,False,0.89,44.5
86,89.0,,0.89,76.54
98,89.0,,0.89,87.22
87,89.0,,0.89,77.43
88,89.0,,0.89,78.32000000000001
79,89.0,,0.89,70.31
65,89.0,,0.89,57.85
46,92.0,False,0.92,42.32
82,92.0,,0.92,75.44
100,92.0,,0.92,92.0
92,92.0,,0.92,84.64
96,92.0,,0.92,88.32000000000001
77,92.0,,0.92,70.84
71,92.0,,0.92,65.32000000000001
48,87.0,False,0.87,41.76
88,87.0,,0.87,76.56
93,87.0,,0.87,80.91
96,87.0,,0.87,83.52
95,87.0,,0.87,82.65
78,87.0,,0.87,67.86
66,87.0,,0.87,57.42
46,88.0,False,0.88,40.48
88,88.0,,0.88,77.44
98,88.0,,0.88,86.24
94,88.0,,0.88,82.72
85,88.0,,0.88,74.8
69,88.0,,0.88,60.72
63,88.0,,0.88,55.44
44,88.0,False,0.88,38.72
82,88.0,,0.88,72.16
93,88.0,,0.88,81.84
96,88.0,,0.88,84.48
95,88.0,,0.88,83.6
79,88.0,,0.88,69.52
63,88.0,,0.88,55.44
52,92.0,False,0.92,47.84
99,92.0,,0.92,91.08
97,92.0,,0.92,89.24000000000001
97,92.0,,0.92,89.24000000000001
