Kaiser Permanente_unscaled,Kaiser Permanente_monthly,isPartial,scale,Kaiser Permanente
84,,,,
81,,,,
51,,,,
42,63.0,False,0.63,26.46
89,63.0,,0.63,56.07
89,63.0,,0.63,56.07
100,63.0,,0.63,63.0
81,63.0,,0.63,51.03
79,63.0,,0.63,49.77
50,63.0,,0.63,31.5
42,61.0,False,0.61,25.62
87,61.0,,0.61,53.07
88,61.0,,0.61,53.68
87,61.0,,0.61,53.07
80,61.0,,0.61,48.8
76,61.0,,0.61,46.36
51,61.0,,0.61,31.11
42,62.0,False,0.62,26.04
87,62.0,,0.62,53.94
96,62.0,,0.62,59.519999999999996
91,62.0,,0.62,56.42
80,62.0,,0.62,49.6
76,62.0,,0.62,47.12
51,62.0,,0.62,31.62
37,58.0,False,0.58,21.459999999999997
83,58.0,,0.58,48.13999999999999
90,58.0,,0.58,52.199999999999996
89,58.0,,0.58,51.62
80,58.0,,0.58,46.4
81,58.0,,0.58,46.98
49,58.0,,0.58,28.419999999999998
43,48.0,False,0.48,20.64
91,48.0,,0.48,43.68
93,48.0,,0.48,44.64
55,48.0,,0.48,26.4
62,48.0,,0.48,29.759999999999998
67,48.0,,0.48,32.16
50,48.0,,0.48,24.0
42,58.0,False,0.58,24.36
89,58.0,,0.58,51.62
94,58.0,,0.58,54.519999999999996
90,58.0,,0.58,52.199999999999996
87,58.0,,0.58,50.459999999999994
90,58.0,,0.58,52.199999999999996
59,58.0,,0.58,34.22
47,61.0,False,0.61,28.669999999999998
100,61.0,,0.61,61.0
96,61.0,,0.61,58.56
100,61.0,,0.61,61.0
100,61.0,,0.61,61.0
89,61.0,,0.61,54.29
62,61.0,,0.61,37.82
51,52.0,False,0.52,26.52
95,52.0,,0.52,49.4
95,52.0,,0.52,49.4
86,52.0,,0.52,44.72
41,52.0,,0.52,21.32
57,52.0,,0.52,29.64
51,52.0,,0.52,26.52
47,64.0,False,0.64,30.080000000000002
93,64.0,,0.64,59.52
93,64.0,,0.64,59.52
100,64.0,,0.64,64.0
88,64.0,,0.64,56.32
89,64.0,,0.64,56.96
67,64.0,,0.64,42.88
49,62.0,False,0.62,30.38
83,62.0,,0.62,51.46
91,62.0,,0.62,56.42
87,62.0,,0.62,53.94
79,62.0,,0.62,48.98
92,62.0,,0.62,57.04
57,62.0,,0.62,35.339999999999996
47,63.0,False,0.63,29.61
85,63.0,,0.63,53.55
97,63.0,,0.63,61.11
94,63.0,,0.63,59.22
85,63.0,,0.63,53.55
85,63.0,,0.63,53.55
60,63.0,,0.63,37.8
48,49.0,False,0.49,23.52
90,49.0,,0.49,44.1
88,49.0,,0.49,43.12
81,49.0,,0.49,39.69
67,49.0,,0.49,32.83
37,49.0,,0.49,18.13
49,49.0,,0.49,24.009999999999998
46,61.0,False,0.61,28.06
97,61.0,,0.61,59.17
98,61.0,,0.61,59.78
92,61.0,,0.61,56.12
81,61.0,,0.61,49.41
52,61.0,,0.61,31.72
57,61.0,,0.61,34.769999999999996
55,71.0,False,0.71,39.05
94,71.0,,0.71,66.74
100,71.0,,0.71,71.0
81,71.0,,0.71,57.51
80,71.0,,0.71,56.8
82,71.0,,0.71,58.22
57,71.0,,0.71,40.47
43,71.0,False,0.71,30.529999999999998
85,71.0,,0.71,60.349999999999994
93,71.0,,0.71,66.03
94,71.0,,0.71,66.74
91,71.0,,0.71,64.61
84,71.0,,0.71,59.64
64,71.0,,0.71,45.44
45,68.0,False,0.68,30.6
72,68.0,,0.68,48.96
96,68.0,,0.68,65.28
83,68.0,,0.68,56.440000000000005
82,68.0,,0.68,55.760000000000005
81,68.0,,0.68,55.080000000000005
59,68.0,,0.68,40.120000000000005
44,66.0,False,0.66,29.040000000000003
82,66.0,,0.66,54.120000000000005
86,66.0,,0.66,56.760000000000005
79,66.0,,0.66,52.14
77,66.0,,0.66,50.82
77,66.0,,0.66,50.82
53,66.0,,0.66,34.980000000000004
43,61.0,False,0.61,26.23
91,61.0,,0.61,55.51
100,61.0,,0.61,61.0
96,61.0,,0.61,58.56
88,61.0,,0.61,53.68
87,61.0,,0.61,53.07
58,61.0,,0.61,35.38
45,57.0,False,0.57,25.65
83,57.0,,0.57,47.309999999999995
91,57.0,,0.57,51.87
96,57.0,,0.57,54.72
84,57.0,,0.57,47.879999999999995
76,57.0,,0.57,43.31999999999999
55,57.0,,0.57,31.349999999999998
40,57.0,False,0.57,22.799999999999997
79,57.0,,0.57,45.029999999999994
94,57.0,,0.57,53.58
87,57.0,,0.57,49.589999999999996
93,57.0,,0.57,53.01
83,57.0,,0.57,47.309999999999995
60,57.0,,0.57,34.199999999999996
51,62.0,False,0.62,31.62
95,62.0,,0.62,58.9
95,62.0,,0.62,58.9
90,62.0,,0.62,55.8
92,62.0,,0.62,57.04
91,62.0,,0.62,56.42
64,62.0,,0.62,39.68
49,66.0,False,0.66,32.34
91,66.0,,0.66,60.06
100,66.0,,0.66,66.0
96,66.0,,0.66,63.36
92,66.0,,0.66,60.720000000000006
88,66.0,,0.66,58.080000000000005
65,66.0,,0.66,42.9
47,70.0,False,0.7,32.9
92,70.0,,0.7,64.39999999999999
99,70.0,,0.7,69.3
97,70.0,,0.7,67.89999999999999
91,70.0,,0.7,63.699999999999996
91,70.0,,0.7,63.699999999999996
65,70.0,,0.7,45.5
46,60.0,False,0.6,27.599999999999998
89,60.0,,0.6,53.4
94,60.0,,0.6,56.4
86,60.0,,0.6,51.6
91,60.0,,0.6,54.6
92,60.0,,0.6,55.199999999999996
66,60.0,,0.6,39.6
52,67.0,False,0.67,34.84
95,67.0,,0.67,63.650000000000006
100,67.0,,0.67,67.0
92,67.0,,0.67,61.64
95,67.0,,0.67,63.650000000000006
88,67.0,,0.67,58.96
60,67.0,,0.67,40.2
49,69.0,False,0.69,33.809999999999995
100,69.0,,0.69,69.0
99,69.0,,0.69,68.30999999999999
99,69.0,,0.69,68.30999999999999
100,69.0,,0.69,69.0
92,69.0,,0.69,63.48
66,69.0,,0.69,45.54
49,68.0,False,0.68,33.32
100,68.0,,0.68,68.0
97,68.0,,0.68,65.96000000000001
93,68.0,,0.68,63.24
89,68.0,,0.68,60.52
86,68.0,,0.68,58.480000000000004
54,68.0,,0.68,36.720000000000006
46,69.0,False,0.69,31.74
95,69.0,,0.69,65.55
98,69.0,,0.69,67.61999999999999
92,69.0,,0.69,63.48
91,69.0,,0.69,62.78999999999999
86,69.0,,0.69,59.339999999999996
57,69.0,,0.69,39.33
45,63.0,False,0.63,28.35
93,63.0,,0.63,58.59
90,63.0,,0.63,56.7
85,63.0,,0.63,53.55
92,63.0,,0.63,57.96
82,63.0,,0.63,51.660000000000004
54,63.0,,0.63,34.02
42,60.0,False,0.6,25.2
88,60.0,,0.6,52.8
91,60.0,,0.6,54.6
90,60.0,,0.6,54.0
75,60.0,,0.6,45.0
82,60.0,,0.6,49.199999999999996
61,60.0,,0.6,36.6
49,61.0,False,0.61,29.89
99,61.0,,0.61,60.39
98,61.0,,0.61,59.78
90,61.0,,0.61,54.9
84,61.0,,0.61,51.24
85,61.0,,0.61,51.85
59,61.0,,0.61,35.99
41,61.0,False,0.61,25.009999999999998
88,61.0,,0.61,53.68
100,61.0,,0.61,61.0
89,61.0,,0.61,54.29
92,61.0,,0.61,56.12
89,61.0,,0.61,54.29
63,61.0,,0.61,38.43
47,59.0,False,0.59,27.729999999999997
99,59.0,,0.59,58.41
93,59.0,,0.59,54.87
94,59.0,,0.59,55.459999999999994
86,59.0,,0.59,50.739999999999995
83,59.0,,0.59,48.97
51,59.0,,0.59,30.09
47,58.0,False,0.58,27.259999999999998
96,58.0,,0.58,55.67999999999999
90,58.0,,0.58,52.199999999999996
83,58.0,,0.58,48.13999999999999
86,58.0,,0.58,49.879999999999995
81,58.0,,0.58,46.98
57,58.0,,0.58,33.059999999999995
45,56.0,False,0.56,25.200000000000003
47,56.0,,0.56,26.320000000000004
100,56.0,,0.56,56.00000000000001
96,56.0,,0.56,53.760000000000005
93,56.0,,0.56,52.080000000000005
90,56.0,,0.56,50.400000000000006
57,56.0,,0.56,31.92
44,58.0,False,0.58,25.52
92,58.0,,0.58,53.36
93,58.0,,0.58,53.94
92,58.0,,0.58,53.36
88,58.0,,0.58,51.04
86,58.0,,0.58,49.879999999999995
49,58.0,,0.58,28.419999999999998
43,62.0,False,0.62,26.66
91,62.0,,0.62,56.42
98,62.0,,0.62,60.76
88,62.0,,0.62,54.56
87,62.0,,0.62,53.94
82,62.0,,0.62,50.839999999999996
53,62.0,,0.62,32.86
42,60.0,False,0.6,25.2
98,60.0,,0.6,58.8
95,60.0,,0.6,57.0
93,60.0,,0.6,55.8
85,60.0,,0.6,51.0
82,60.0,,0.6,49.199999999999996
52,60.0,,0.6,31.2
42,59.0,False,0.59,24.779999999999998
87,59.0,,0.59,51.33
97,59.0,,0.59,57.23
89,59.0,,0.59,52.51
68,59.0,,0.59,40.12
60,59.0,,0.59,35.4
39,59.0,,0.59,23.009999999999998
30,56.0,False,0.56,16.8
47,56.0,,0.56,26.320000000000004
70,56.0,,0.56,39.2
68,56.0,,0.56,38.080000000000005
72,56.0,,0.56,40.32000000000001
66,56.0,,0.56,36.96
42,56.0,,0.56,23.520000000000003
33,69.0,False,0.69,22.77
70,69.0,,0.69,48.3
68,69.0,,0.69,46.919999999999995
72,69.0,,0.69,49.67999999999999
100,69.0,,0.69,69.0
77,69.0,,0.69,53.129999999999995
42,69.0,,0.69,28.979999999999997
35,65.0,False,0.65,22.75
74,65.0,,0.65,48.1
73,65.0,,0.65,47.45
72,65.0,,0.65,46.800000000000004
68,65.0,,0.65,44.2
64,65.0,,0.65,41.6
39,65.0,,0.65,25.35
32,66.0,False,0.66,21.12
74,66.0,,0.66,48.84
76,66.0,,0.66,50.160000000000004
70,66.0,,0.66,46.2
72,66.0,,0.66,47.52
68,66.0,,0.66,44.88
49,66.0,,0.66,32.34
39,74.0,False,0.74,28.86
86,74.0,,0.74,63.64
100,74.0,,0.74,74.0
90,74.0,,0.74,66.6
89,74.0,,0.74,65.86
80,74.0,,0.74,59.2
55,74.0,,0.74,40.7
40,69.0,False,0.69,27.599999999999998
84,69.0,,0.69,57.959999999999994
92,69.0,,0.69,63.48
88,69.0,,0.69,60.72
85,69.0,,0.69,58.65
84,69.0,,0.69,57.959999999999994
50,69.0,,0.69,34.5
40,79.0,False,0.79,31.6
93,79.0,,0.79,73.47
97,79.0,,0.79,76.63000000000001
88,79.0,,0.79,69.52000000000001
93,79.0,,0.79,73.47
78,79.0,,0.79,61.620000000000005
55,79.0,,0.79,43.45
36,76.0,False,0.76,27.36
87,76.0,,0.76,66.12
99,76.0,,0.76,75.24
86,76.0,,0.76,65.36
87,76.0,,0.76,66.12
81,76.0,,0.76,61.56
50,76.0,,0.76,38.0
41,73.0,False,0.73,29.93
86,73.0,,0.73,62.78
90,73.0,,0.73,65.7
89,73.0,,0.73,64.97
90,73.0,,0.73,65.7
85,73.0,,0.73,62.05
53,73.0,,0.73,38.69
40,69.0,False,0.69,27.599999999999998
52,69.0,,0.69,35.879999999999995
96,69.0,,0.69,66.24
89,69.0,,0.69,61.41
93,69.0,,0.69,64.17
86,69.0,,0.69,59.339999999999996
55,69.0,,0.69,37.949999999999996
45,71.0,False,0.71,31.95
92,71.0,,0.71,65.32
93,71.0,,0.71,66.03
86,71.0,,0.71,61.059999999999995
87,71.0,,0.71,61.769999999999996
81,71.0,,0.71,57.51
53,71.0,,0.71,37.629999999999995
41,71.0,False,0.71,29.11
93,71.0,,0.71,66.03
92,71.0,,0.71,65.32
91,71.0,,0.71,64.61
85,71.0,,0.71,60.349999999999994
84,71.0,,0.71,59.64
52,71.0,,0.71,36.92
42,73.0,False,0.73,30.66
93,73.0,,0.73,67.89
100,73.0,,0.73,73.0
89,73.0,,0.73,64.97
91,73.0,,0.73,66.42999999999999
88,73.0,,0.73,64.24
51,73.0,,0.73,37.23
40,72.0,False,0.72,28.799999999999997
86,72.0,,0.72,61.919999999999995
95,72.0,,0.72,68.39999999999999
93,72.0,,0.72,66.96
94,72.0,,0.72,67.67999999999999
85,72.0,,0.72,61.199999999999996
52,72.0,,0.72,37.44
40,72.0,False,0.72,28.799999999999997
86,72.0,,0.72,61.919999999999995
93,72.0,,0.72,66.96
91,72.0,,0.72,65.52
89,72.0,,0.72,64.08
80,72.0,,0.72,57.599999999999994
50,72.0,,0.72,36.0
44,71.0,False,0.71,31.24
90,71.0,,0.71,63.9
88,71.0,,0.71,62.48
85,71.0,,0.71,60.349999999999994
84,71.0,,0.71,59.64
82,71.0,,0.71,58.22
53,71.0,,0.71,37.629999999999995
42,72.0,False,0.72,30.24
87,72.0,,0.72,62.64
100,72.0,,0.72,72.0
91,72.0,,0.72,65.52
85,72.0,,0.72,61.199999999999996
74,72.0,,0.72,53.28
51,72.0,,0.72,36.72
40,82.0,False,0.82,32.8
76,82.0,,0.82,62.31999999999999
76,82.0,,0.82,62.31999999999999
74,82.0,,0.82,60.68
78,82.0,,0.82,63.959999999999994
90,82.0,,0.82,73.8
60,82.0,,0.82,49.199999999999996
41,87.0,False,0.87,35.67
84,87.0,,0.87,73.08
78,87.0,,0.87,67.86
77,87.0,,0.87,66.99
75,87.0,,0.87,65.25
77,87.0,,0.87,66.99
88,87.0,,0.87,76.56
100,83.0,False,0.83,83.0
81,83.0,,0.83,67.22999999999999
77,83.0,,0.83,63.91
74,83.0,,0.83,61.419999999999995
74,83.0,,0.83,61.419999999999995
67,83.0,,0.83,55.61
41,83.0,,0.83,34.03
35,57.0,False,0.57,19.95
69,57.0,,0.57,39.33
68,57.0,,0.57,38.76
58,57.0,,0.57,33.059999999999995
32,57.0,,0.57,18.24
43,57.0,,0.57,24.509999999999998
36,57.0,,0.57,20.52
33,75.0,False,0.75,24.75
74,75.0,,0.75,55.5
82,75.0,,0.75,61.5
92,75.0,,0.75,69.0
83,75.0,,0.75,62.25
76,75.0,,0.75,57.0
52,75.0,,0.75,39.0
39,72.0,False,0.72,28.08
80,72.0,,0.72,57.599999999999994
86,72.0,,0.72,61.919999999999995
83,72.0,,0.72,59.76
80,72.0,,0.72,57.599999999999994
70,72.0,,0.72,50.4
48,72.0,,0.72,34.56
38,72.0,False,0.72,27.36
79,72.0,,0.72,56.879999999999995
87,72.0,,0.72,62.64
80,72.0,,0.72,57.599999999999994
77,72.0,,0.72,55.44
74,72.0,,0.72,53.28
46,72.0,,0.72,33.12
41,69.0,False,0.69,28.29
80,69.0,,0.69,55.199999999999996
87,69.0,,0.69,60.029999999999994
86,69.0,,0.69,59.339999999999996
79,69.0,,0.69,54.51
59,69.0,,0.69,40.709999999999994
36,69.0,,0.69,24.839999999999996
47,82.0,False,0.82,38.54
92,82.0,,0.82,75.44
100,82.0,,0.82,82.0
99,82.0,,0.82,81.17999999999999
95,82.0,,0.82,77.89999999999999
74,82.0,,0.82,60.68
41,82.0,,0.82,33.62
44,100.0,False,1.0,44.0
82,100.0,,1.0,82.0
100,100.0,,1.0,100.0
94,100.0,,1.0,94.0
74,100.0,,1.0,74.0
80,100.0,,1.0,80.0
52,100.0,,1.0,52.0
38,90.0,False,0.9,34.2
78,90.0,,0.9,70.2
78,90.0,,0.9,70.2
76,90.0,,0.9,68.4
67,90.0,,0.9,60.300000000000004
63,90.0,,0.9,56.7
49,90.0,,0.9,44.1
34,70.0,False,0.7,23.799999999999997
53,70.0,,0.7,37.099999999999994
64,70.0,,0.7,44.8
63,70.0,,0.7,44.099999999999994
58,70.0,,0.7,40.599999999999994
55,70.0,,0.7,38.5
35,70.0,,0.7,24.5
27,67.0,False,0.67,18.09
70,67.0,,0.67,46.900000000000006
56,67.0,,0.67,37.52
56,67.0,,0.67,37.52
56,67.0,,0.67,37.52
57,67.0,,0.67,38.190000000000005
35,67.0,,0.67,23.450000000000003
27,67.0,False,0.67,18.09
60,67.0,,0.67,40.2
100,67.0,,0.67,67.0
88,67.0,,0.67,58.96
88,67.0,,0.67,58.96
80,67.0,,0.67,53.6
57,67.0,,0.67,38.190000000000005
49,70.0,False,0.7,34.3
95,70.0,,0.7,66.5
92,70.0,,0.7,64.39999999999999
83,70.0,,0.7,58.099999999999994
71,70.0,,0.7,49.699999999999996
79,70.0,,0.7,55.3
50,70.0,,0.7,35.0
36,61.0,False,0.61,21.96
73,61.0,,0.61,44.53
81,61.0,,0.61,49.41
82,61.0,,0.61,50.019999999999996
81,61.0,,0.61,49.41
79,61.0,,0.61,48.19
55,61.0,,0.61,33.55
38,64.0,False,0.64,24.32
73,64.0,,0.64,46.72
86,64.0,,0.64,55.04
87,64.0,,0.64,55.68
83,64.0,,0.64,53.120000000000005
77,64.0,,0.64,49.28
51,64.0,,0.64,32.64
42,64.0,False,0.64,26.88
90,64.0,,0.64,57.6
100,64.0,,0.64,64.0
93,64.0,,0.64,59.52
90,64.0,,0.64,57.6
82,64.0,,0.64,52.480000000000004
55,64.0,,0.64,35.2
43,61.0,False,0.61,26.23
85,61.0,,0.61,51.85
93,61.0,,0.61,56.73
91,61.0,,0.61,55.51
84,61.0,,0.61,51.24
76,61.0,,0.61,46.36
50,61.0,,0.61,30.5
38,63.0,False,0.63,23.94
89,63.0,,0.63,56.07
91,63.0,,0.63,57.33
95,63.0,,0.63,59.85
88,63.0,,0.63,55.44
80,63.0,,0.63,50.4
49,63.0,,0.63,30.87
42,60.0,False,0.6,25.2
90,60.0,,0.6,54.0
94,60.0,,0.6,56.4
84,60.0,,0.6,50.4
82,60.0,,0.6,49.199999999999996
76,60.0,,0.6,45.6
48,60.0,,0.6,28.799999999999997
41,62.0,False,0.62,25.419999999999998
82,62.0,,0.62,50.839999999999996
81,62.0,,0.62,50.22
83,62.0,,0.62,51.46
86,62.0,,0.62,53.32
94,62.0,,0.62,58.28
62,62.0,,0.62,38.44
47,62.0,False,0.62,29.14
95,62.0,,0.62,58.9
98,62.0,,0.62,60.76
99,62.0,,0.62,61.38
91,62.0,,0.62,56.42
91,62.0,,0.62,56.42
56,62.0,,0.62,34.72
45,58.0,False,0.58,26.099999999999998
99,58.0,,0.58,57.419999999999995
94,58.0,,0.58,54.519999999999996
96,58.0,,0.58,55.67999999999999
92,58.0,,0.58,53.36
87,58.0,,0.58,50.459999999999994
54,58.0,,0.58,31.319999999999997
42,61.0,False,0.61,25.62
100,61.0,,0.61,61.0
99,61.0,,0.61,60.39
92,61.0,,0.61,56.12
94,61.0,,0.61,57.339999999999996
86,61.0,,0.61,52.46
55,61.0,,0.61,33.55
46,63.0,False,0.63,28.98
100,63.0,,0.63,63.0
94,63.0,,0.63,59.22
93,63.0,,0.63,58.59
97,63.0,,0.63,61.11
86,63.0,,0.63,54.18
60,63.0,,0.63,37.8
44,62.0,False,0.62,27.28
86,62.0,,0.62,53.32
89,62.0,,0.62,55.18
82,62.0,,0.62,50.839999999999996
82,62.0,,0.62,50.839999999999996
77,62.0,,0.62,47.74
49,62.0,,0.62,30.38
37,63.0,False,0.63,23.31
84,63.0,,0.63,52.92
92,63.0,,0.63,57.96
85,63.0,,0.63,53.55
85,63.0,,0.63,53.55
80,63.0,,0.63,50.4
52,63.0,,0.63,32.76
45,67.0,False,0.67,30.150000000000002
91,67.0,,0.67,60.970000000000006
94,67.0,,0.67,62.980000000000004
90,67.0,,0.67,60.300000000000004
87,67.0,,0.67,58.290000000000006
85,67.0,,0.67,56.95
59,67.0,,0.67,39.53
43,69.0,False,0.69,29.669999999999998
90,69.0,,0.69,62.099999999999994
96,69.0,,0.69,66.24
100,69.0,,0.69,69.0
89,69.0,,0.69,61.41
82,69.0,,0.69,56.58
53,69.0,,0.69,36.57
42,64.0,False,0.64,26.88
51,64.0,,0.64,32.64
94,64.0,,0.64,60.160000000000004
94,64.0,,0.64,60.160000000000004
90,64.0,,0.64,57.6
95,64.0,,0.64,60.800000000000004
56,64.0,,0.64,35.84
44,68.0,False,0.68,29.92
95,68.0,,0.68,64.60000000000001
90,68.0,,0.68,61.2
93,68.0,,0.68,63.24
84,68.0,,0.68,57.120000000000005
81,68.0,,0.68,55.080000000000005
52,68.0,,0.68,35.36
45,68.0,False,0.68,30.6
94,68.0,,0.68,63.92
100,68.0,,0.68,68.0
92,68.0,,0.68,62.56
92,68.0,,0.68,62.56
82,68.0,,0.68,55.760000000000005
49,68.0,,0.68,33.32
39,70.0,False,0.7,27.299999999999997
89,70.0,,0.7,62.3
100,70.0,,0.7,70.0
97,70.0,,0.7,67.89999999999999
88,70.0,,0.7,61.599999999999994
82,70.0,,0.7,57.4
51,70.0,,0.7,35.699999999999996
45,68.0,False,0.68,30.6
97,68.0,,0.68,65.96000000000001
91,68.0,,0.68,61.88
98,68.0,,0.68,66.64
95,68.0,,0.68,64.60000000000001
84,68.0,,0.68,57.120000000000005
50,68.0,,0.68,34.0
42,65.0,False,0.65,27.3
45,65.0,,0.65,29.25
91,65.0,,0.65,59.15
96,65.0,,0.65,62.400000000000006
97,65.0,,0.65,63.050000000000004
91,65.0,,0.65,59.15
51,65.0,,0.65,33.15
40,73.0,False,0.73,29.2
100,73.0,,0.73,73.0
93,73.0,,0.73,67.89
100,73.0,,0.73,73.0
95,73.0,,0.73,69.35
86,73.0,,0.73,62.78
56,73.0,,0.73,40.879999999999995
44,71.0,False,0.71,31.24
99,71.0,,0.71,70.28999999999999
100,71.0,,0.71,71.0
93,71.0,,0.71,66.03
96,71.0,,0.71,68.16
86,71.0,,0.71,61.059999999999995
57,71.0,,0.71,40.47
47,70.0,False,0.7,32.9
92,70.0,,0.7,64.39999999999999
99,70.0,,0.7,69.3
90,70.0,,0.7,62.99999999999999
93,70.0,,0.7,65.1
86,70.0,,0.7,60.199999999999996
54,70.0,,0.7,37.8
47,73.0,False,0.73,34.31
96,73.0,,0.73,70.08
98,73.0,,0.73,71.53999999999999
100,73.0,,0.73,73.0
89,73.0,,0.73,64.97
86,73.0,,0.73,62.78
49,73.0,,0.73,35.769999999999996
47,72.0,False,0.72,33.839999999999996
95,72.0,,0.72,68.39999999999999
99,72.0,,0.72,71.28
90,72.0,,0.72,64.8
95,72.0,,0.72,68.39999999999999
79,72.0,,0.72,56.879999999999995
50,72.0,,0.72,36.0
42,71.0,False,0.71,29.82
92,71.0,,0.71,65.32
99,71.0,,0.71,70.28999999999999
96,71.0,,0.71,68.16
92,71.0,,0.71,65.32
83,71.0,,0.71,58.93
50,71.0,,0.71,35.5
40,67.0,False,0.67,26.8
91,67.0,,0.67,60.970000000000006
97,67.0,,0.67,64.99000000000001
90,67.0,,0.67,60.300000000000004
82,67.0,,0.67,54.940000000000005
80,67.0,,0.67,53.6
50,67.0,,0.67,33.5
48,69.0,False,0.69,33.12
92,69.0,,0.69,63.48
95,69.0,,0.69,65.55
93,69.0,,0.69,64.17
92,69.0,,0.69,63.48
92,69.0,,0.69,63.48
53,69.0,,0.69,36.57
46,64.0,False,0.64,29.44
51,64.0,,0.64,32.64
100,64.0,,0.64,64.0
97,64.0,,0.64,62.08
94,64.0,,0.64,60.160000000000004
86,64.0,,0.64,55.04
60,64.0,,0.64,38.4
42,66.0,False,0.66,27.720000000000002
100,66.0,,0.66,66.0
100,66.0,,0.66,66.0
95,66.0,,0.66,62.7
97,66.0,,0.66,64.02
84,66.0,,0.66,55.440000000000005
51,66.0,,0.66,33.660000000000004
45,63.0,False,0.63,28.35
91,63.0,,0.63,57.33
100,63.0,,0.63,63.0
90,63.0,,0.63,56.7
88,63.0,,0.63,55.44
81,63.0,,0.63,51.03
49,63.0,,0.63,30.87
41,66.0,False,0.66,27.060000000000002
96,66.0,,0.66,63.36
93,66.0,,0.66,61.38
89,66.0,,0.66,58.74
87,66.0,,0.66,57.42
88,66.0,,0.66,58.080000000000005
56,66.0,,0.66,36.96
46,66.0,False,0.66,30.360000000000003
87,66.0,,0.66,57.42
97,66.0,,0.66,64.02
89,66.0,,0.66,58.74
92,66.0,,0.66,60.720000000000006
86,66.0,,0.66,56.760000000000005
55,66.0,,0.66,36.300000000000004
47,64.0,False,0.64,30.080000000000002
94,64.0,,0.64,60.160000000000004
91,64.0,,0.64,58.24
88,64.0,,0.64,56.32
88,64.0,,0.64,56.32
86,64.0,,0.64,55.04
48,64.0,,0.64,30.72
42,64.0,False,0.64,26.88
94,64.0,,0.64,60.160000000000004
100,64.0,,0.64,64.0
91,64.0,,0.64,58.24
87,64.0,,0.64,55.68
85,64.0,,0.64,54.4
50,64.0,,0.64,32.0
42,64.0,False,0.64,26.88
90,64.0,,0.64,57.6
98,64.0,,0.64,62.72
93,64.0,,0.64,59.52
89,64.0,,0.64,56.96
83,64.0,,0.64,53.120000000000005
51,64.0,,0.64,32.64
39,61.0,False,0.61,23.79
86,61.0,,0.61,52.46
94,61.0,,0.61,57.339999999999996
100,61.0,,0.61,61.0
94,61.0,,0.61,57.339999999999996
89,61.0,,0.61,54.29
53,61.0,,0.61,32.33
41,60.0,False,0.6,24.599999999999998
95,60.0,,0.6,57.0
95,60.0,,0.6,57.0
84,60.0,,0.6,50.4
92,60.0,,0.6,55.199999999999996
84,60.0,,0.6,50.4
56,60.0,,0.6,33.6
42,62.0,False,0.62,26.04
97,62.0,,0.62,60.14
96,62.0,,0.62,59.519999999999996
99,62.0,,0.62,61.38
96,62.0,,0.62,59.519999999999996
88,62.0,,0.62,54.56
57,62.0,,0.62,35.339999999999996
45,50.0,False,0.5,22.5
87,50.0,,0.5,43.5
93,50.0,,0.5,46.5
86,50.0,,0.5,43.0
44,50.0,,0.5,22.0
52,50.0,,0.5,26.0
46,50.0,,0.5,23.0
48,61.0,False,0.61,29.28
93,61.0,,0.61,56.73
96,61.0,,0.61,58.56
97,61.0,,0.61,59.17
100,61.0,,0.61,61.0
89,61.0,,0.61,54.29
54,61.0,,0.61,32.94
47,61.0,False,0.61,28.669999999999998
91,61.0,,0.61,55.51
95,61.0,,0.61,57.949999999999996
94,61.0,,0.61,57.339999999999996
90,61.0,,0.61,54.9
86,61.0,,0.61,52.46
55,61.0,,0.61,33.55
46,58.0,False,0.58,26.68
89,58.0,,0.58,51.62
95,58.0,,0.58,55.099999999999994
88,58.0,,0.58,51.04
86,58.0,,0.58,49.879999999999995
87,58.0,,0.58,50.459999999999994
53,58.0,,0.58,30.74
41,53.0,False,0.53,21.73
85,53.0,,0.53,45.050000000000004
89,53.0,,0.53,47.17
80,53.0,,0.53,42.400000000000006
82,53.0,,0.53,43.46
68,53.0,,0.53,36.04
38,53.0,,0.53,20.14
29,54.0,False,0.54,15.66
56,54.0,,0.54,30.240000000000002
87,54.0,,0.54,46.980000000000004
92,54.0,,0.54,49.68000000000001
93,54.0,,0.54,50.220000000000006
78,54.0,,0.54,42.120000000000005
52,54.0,,0.54,28.080000000000002
41,63.0,False,0.63,25.830000000000002
71,63.0,,0.63,44.73
100,63.0,,0.63,63.0
95,63.0,,0.63,59.85
92,63.0,,0.63,57.96
83,63.0,,0.63,52.29
51,63.0,,0.63,32.13
44,61.0,False,0.61,26.84
86,61.0,,0.61,52.46
93,61.0,,0.61,56.73
84,61.0,,0.61,51.24
79,61.0,,0.61,48.19
81,61.0,,0.61,49.41
54,61.0,,0.61,32.94
42,60.0,False,0.6,25.2
64,60.0,,0.6,38.4
88,60.0,,0.6,52.8
87,60.0,,0.6,52.199999999999996
86,60.0,,0.6,51.6
80,60.0,,0.6,48.0
50,60.0,,0.6,30.0
39,59.0,False,0.59,23.009999999999998
78,59.0,,0.59,46.019999999999996
87,59.0,,0.59,51.33
88,59.0,,0.59,51.919999999999995
81,59.0,,0.59,47.79
78,59.0,,0.59,46.019999999999996
46,59.0,,0.59,27.139999999999997
36,61.0,False,0.61,21.96
84,61.0,,0.61,51.24
84,61.0,,0.61,51.24
98,61.0,,0.61,59.78
91,61.0,,0.61,55.51
86,61.0,,0.61,52.46
61,61.0,,0.61,37.21
52,59.0,False,0.59,30.68
95,59.0,,0.59,56.05
96,59.0,,0.59,56.64
93,59.0,,0.59,54.87
86,59.0,,0.59,50.739999999999995
82,59.0,,0.59,48.379999999999995
57,59.0,,0.59,33.629999999999995
43,63.0,False,0.63,27.09
85,63.0,,0.63,53.55
90,63.0,,0.63,56.7
95,63.0,,0.63,59.85
100,63.0,,0.63,63.0
91,63.0,,0.63,57.33
57,63.0,,0.63,35.910000000000004
47,57.0,False,0.57,26.79
78,57.0,,0.57,44.459999999999994
95,57.0,,0.57,54.15
89,57.0,,0.57,50.73
90,57.0,,0.57,51.3
87,57.0,,0.57,49.589999999999996
53,57.0,,0.57,30.209999999999997
47,59.0,False,0.59,27.729999999999997
96,59.0,,0.59,56.64
96,59.0,,0.59,56.64
95,59.0,,0.59,56.05
87,59.0,,0.59,51.33
81,59.0,,0.59,47.79
55,59.0,,0.59,32.449999999999996
46,61.0,False,0.61,28.06
91,61.0,,0.61,55.51
100,61.0,,0.61,61.0
90,61.0,,0.61,54.9
91,61.0,,0.61,55.51
83,61.0,,0.61,50.629999999999995
54,61.0,,0.61,32.94
46,58.0,False,0.58,26.68
85,58.0,,0.58,49.3
92,58.0,,0.58,53.36
92,58.0,,0.58,53.36
96,58.0,,0.58,55.67999999999999
85,58.0,,0.58,49.3
50,58.0,,0.58,28.999999999999996
45,59.0,False,0.59,26.549999999999997
93,59.0,,0.59,54.87
93,59.0,,0.59,54.87
87,59.0,,0.59,51.33
89,59.0,,0.59,52.51
81,59.0,,0.59,47.79
49,59.0,,0.59,28.91
45,59.0,False,0.59,26.549999999999997
91,59.0,,0.59,53.69
92,59.0,,0.59,54.279999999999994
93,59.0,,0.59,54.87
88,59.0,,0.59,51.919999999999995
80,59.0,,0.59,47.199999999999996
49,59.0,,0.59,28.91
45,62.0,False,0.62,27.9
87,62.0,,0.62,53.94
91,62.0,,0.62,56.42
85,62.0,,0.62,52.7
85,62.0,,0.62,52.7
79,62.0,,0.62,48.98
50,62.0,,0.62,31.0
40,59.0,False,0.59,23.599999999999998
85,59.0,,0.59,50.15
84,59.0,,0.59,49.559999999999995
84,59.0,,0.59,49.559999999999995
83,59.0,,0.59,48.97
80,59.0,,0.59,47.199999999999996
46,59.0,,0.59,27.139999999999997
41,57.0,False,0.57,23.369999999999997
84,57.0,,0.57,47.879999999999995
87,57.0,,0.57,49.589999999999996
86,57.0,,0.57,49.019999999999996
86,57.0,,0.57,49.019999999999996
78,57.0,,0.57,44.459999999999994
47,57.0,,0.57,26.79
37,59.0,False,0.59,21.83
77,59.0,,0.59,45.43
82,59.0,,0.59,48.379999999999995
100,59.0,,0.59,59.0
87,59.0,,0.59,51.33
79,59.0,,0.59,46.61
44,59.0,,0.59,25.959999999999997
40,57.0,False,0.57,22.799999999999997
95,57.0,,0.57,54.15
100,57.0,,0.57,56.99999999999999
95,57.0,,0.57,54.15
89,57.0,,0.57,50.73
78,57.0,,0.57,44.459999999999994
52,57.0,,0.57,29.639999999999997
44,56.0,False,0.56,24.64
95,56.0,,0.56,53.2
92,56.0,,0.56,51.52
90,56.0,,0.56,50.400000000000006
87,56.0,,0.56,48.720000000000006
78,56.0,,0.56,43.68000000000001
51,56.0,,0.56,28.560000000000002
41,59.0,False,0.59,24.189999999999998
94,59.0,,0.59,55.459999999999994
99,59.0,,0.59,58.41
97,59.0,,0.59,57.23
96,59.0,,0.59,56.64
87,59.0,,0.59,51.33
52,59.0,,0.59,30.68
47,62.0,False,0.62,29.14
94,62.0,,0.62,58.28
98,62.0,,0.62,60.76
92,62.0,,0.62,57.04
93,62.0,,0.62,57.66
81,62.0,,0.62,50.22
53,62.0,,0.62,32.86
42,54.0,False,0.54,22.68
52,54.0,,0.54,28.080000000000002
95,54.0,,0.54,51.300000000000004
94,54.0,,0.54,50.760000000000005
92,54.0,,0.54,49.68000000000001
87,54.0,,0.54,46.980000000000004
51,54.0,,0.54,27.540000000000003
48,59.0,False,0.59,28.32
96,59.0,,0.59,56.64
100,59.0,,0.59,59.0
93,59.0,,0.59,54.87
89,59.0,,0.59,52.51
88,59.0,,0.59,51.919999999999995
54,59.0,,0.59,31.86
42,56.0,False,0.56,23.520000000000003
95,56.0,,0.56,53.2
92,56.0,,0.56,51.52
91,56.0,,0.56,50.96000000000001
88,56.0,,0.56,49.28
79,56.0,,0.56,44.24
52,56.0,,0.56,29.120000000000005
46,56.0,False,0.56,25.76
91,56.0,,0.56,50.96000000000001
91,56.0,,0.56,50.96000000000001
91,56.0,,0.56,50.96000000000001
87,56.0,,0.56,48.720000000000006
86,56.0,,0.56,48.160000000000004
50,56.0,,0.56,28.000000000000004
46,56.0,False,0.56,25.76
89,56.0,,0.56,49.84
95,56.0,,0.56,53.2
89,56.0,,0.56,49.84
85,56.0,,0.56,47.6
88,56.0,,0.56,49.28
48,56.0,,0.56,26.880000000000003
41,53.0,False,0.53,21.73
77,53.0,,0.53,40.81
50,53.0,,0.53,26.5
79,53.0,,0.53,41.870000000000005
90,53.0,,0.53,47.7
92,53.0,,0.53,48.760000000000005
53,53.0,,0.53,28.09
42,63.0,False,0.63,26.46
95,63.0,,0.63,59.85
100,63.0,,0.63,63.0
94,63.0,,0.63,59.22
89,63.0,,0.63,56.07
84,63.0,,0.63,52.92
53,63.0,,0.63,33.39
47,59.0,False,0.59,27.729999999999997
92,59.0,,0.59,54.279999999999994
98,59.0,,0.59,57.82
96,59.0,,0.59,56.64
86,59.0,,0.59,50.739999999999995
83,59.0,,0.59,48.97
49,59.0,,0.59,28.91
40,60.0,False,0.6,24.0
93,60.0,,0.6,55.8
97,60.0,,0.6,58.199999999999996
95,60.0,,0.6,57.0
92,60.0,,0.6,55.199999999999996
81,60.0,,0.6,48.6
52,60.0,,0.6,31.2
42,59.0,False,0.59,24.779999999999998
91,59.0,,0.59,53.69
90,59.0,,0.59,53.099999999999994
87,59.0,,0.59,51.33
86,59.0,,0.59,50.739999999999995
81,59.0,,0.59,47.79
51,59.0,,0.59,30.09
43,61.0,False,0.61,26.23
89,61.0,,0.61,54.29
100,61.0,,0.61,61.0
98,61.0,,0.61,59.78
93,61.0,,0.61,56.73
83,61.0,,0.61,50.629999999999995
50,61.0,,0.61,30.5
44,61.0,False,0.61,26.84
91,61.0,,0.61,55.51
92,61.0,,0.61,56.12
95,61.0,,0.61,57.949999999999996
86,61.0,,0.61,52.46
77,61.0,,0.61,46.97
52,61.0,,0.61,31.72
42,58.0,False,0.58,24.36
88,58.0,,0.58,51.04
88,58.0,,0.58,51.04
94,58.0,,0.58,54.519999999999996
86,58.0,,0.58,49.879999999999995
81,58.0,,0.58,46.98
46,58.0,,0.58,26.68
44,56.0,False,0.56,24.64
84,56.0,,0.56,47.040000000000006
87,56.0,,0.56,48.720000000000006
91,56.0,,0.56,50.96000000000001
85,56.0,,0.56,47.6
80,56.0,,0.56,44.800000000000004
55,56.0,,0.56,30.800000000000004
43,58.0,False,0.58,24.939999999999998
56,58.0,,0.58,32.48
96,58.0,,0.58,55.67999999999999
95,58.0,,0.58,55.099999999999994
92,58.0,,0.58,53.36
85,58.0,,0.58,49.3
53,58.0,,0.58,30.74
43,60.0,False,0.6,25.8
92,60.0,,0.6,55.199999999999996
93,60.0,,0.6,55.8
99,60.0,,0.6,59.4
96,60.0,,0.6,57.599999999999994
85,60.0,,0.6,51.0
56,60.0,,0.6,33.6
42,62.0,False,0.62,26.04
88,62.0,,0.62,54.56
100,62.0,,0.62,62.0
97,62.0,,0.62,60.14
92,62.0,,0.62,57.04
86,62.0,,0.62,53.32
58,62.0,,0.62,35.96
43,62.0,False,0.62,26.66
94,62.0,,0.62,58.28
95,62.0,,0.62,58.9
96,62.0,,0.62,59.519999999999996
97,62.0,,0.62,60.14
93,62.0,,0.62,57.66
63,62.0,,0.62,39.06
33,90.0,False,0.9,29.7
69,90.0,,0.9,62.1
65,90.0,,0.9,58.5
100,90.0,,0.9,90.0
85,90.0,,0.9,76.5
65,90.0,,0.9,58.5
33,90.0,,0.9,29.7
27,66.0,False,0.66,17.82
56,66.0,,0.66,36.96
55,66.0,,0.66,36.300000000000004
53,66.0,,0.66,34.980000000000004
52,66.0,,0.66,34.32
52,66.0,,0.66,34.32
33,66.0,,0.66,21.78
26,60.0,False,0.6,15.6
51,60.0,,0.6,30.599999999999998
53,60.0,,0.6,31.799999999999997
50,60.0,,0.6,30.0
47,60.0,,0.6,28.2
44,60.0,,0.6,26.4
29,60.0,,0.6,17.4
24,57.0,False,0.57,13.68
49,57.0,,0.57,27.929999999999996
49,57.0,,0.57,27.929999999999996
48,57.0,,0.57,27.36
47,57.0,,0.57,26.79
43,57.0,,0.57,24.509999999999998
25,57.0,,0.57,14.249999999999998
21,61.0,False,0.61,12.81
46,61.0,,0.61,28.06
49,61.0,,0.61,29.89
88,61.0,,0.61,53.68
90,61.0,,0.61,54.9
95,61.0,,0.61,57.949999999999996
57,61.0,,0.61,34.769999999999996
49,60.0,False,0.6,29.4
95,60.0,,0.6,57.0
100,60.0,,0.6,60.0
83,60.0,,0.6,49.8
89,60.0,,0.6,53.4
88,60.0,,0.6,52.8
51,60.0,,0.6,30.599999999999998
43,56.0,False,0.56,24.080000000000002
81,56.0,,0.56,45.36000000000001
96,56.0,,0.56,53.760000000000005
87,56.0,,0.56,48.720000000000006
87,56.0,,0.56,48.720000000000006
73,56.0,,0.56,40.88
51,56.0,,0.56,28.560000000000002
43,43.0,False,0.43,18.49
79,43.0,,0.43,33.97
78,43.0,,0.43,33.54
78,43.0,,0.43,33.54
43,43.0,,0.43,18.49
53,43.0,,0.43,22.79
42,43.0,,0.43,18.06
41,54.0,False,0.54,22.14
86,54.0,,0.54,46.440000000000005
91,54.0,,0.54,49.14
92,54.0,,0.54,49.68000000000001
86,54.0,,0.54,46.440000000000005
95,54.0,,0.54,51.300000000000004
57,54.0,,0.54,30.78
49,57.0,False,0.57,27.929999999999996
99,57.0,,0.57,56.42999999999999
100,57.0,,0.57,56.99999999999999
100,57.0,,0.57,56.99999999999999
97,57.0,,0.57,55.28999999999999
87,57.0,,0.57,49.589999999999996
58,57.0,,0.57,33.059999999999995
49,54.0,False,0.54,26.46
88,54.0,,0.54,47.52
93,54.0,,0.54,50.220000000000006
96,54.0,,0.54,51.84
95,54.0,,0.54,51.300000000000004
93,54.0,,0.54,50.220000000000006
59,54.0,,0.54,31.860000000000003
45,51.0,False,0.51,22.95
85,51.0,,0.51,43.35
98,51.0,,0.51,49.980000000000004
91,51.0,,0.51,46.410000000000004
87,51.0,,0.51,44.37
87,51.0,,0.51,44.37
51,51.0,,0.51,26.01
37,48.0,False,0.48,17.759999999999998
35,48.0,,0.48,16.8
84,48.0,,0.48,40.32
96,48.0,,0.48,46.08
100,48.0,,0.48,48.0
94,48.0,,0.48,45.12
64,48.0,,0.48,30.72
48,59.0,False,0.59,28.32
47,59.0,,0.59,27.729999999999997
95,59.0,,0.59,56.05
100,59.0,,0.59,59.0
99,59.0,,0.59,58.41
85,59.0,,0.59,50.15
53,59.0,,0.59,31.27
41,60.0,False,0.6,24.599999999999998
87,60.0,,0.6,52.199999999999996
88,60.0,,0.6,52.8
87,60.0,,0.6,52.199999999999996
83,60.0,,0.6,49.8
78,60.0,,0.6,46.8
49,60.0,,0.6,29.4
38,55.0,False,0.55,20.900000000000002
58,55.0,,0.55,31.900000000000002
85,55.0,,0.55,46.75000000000001
86,55.0,,0.55,47.300000000000004
86,55.0,,0.55,47.300000000000004
75,55.0,,0.55,41.25
56,55.0,,0.55,30.800000000000004
41,58.0,False,0.58,23.779999999999998
81,58.0,,0.58,46.98
87,58.0,,0.58,50.459999999999994
86,58.0,,0.58,49.879999999999995
82,58.0,,0.58,47.559999999999995
76,58.0,,0.58,44.08
51,58.0,,0.58,29.58
40,59.0,False,0.59,23.599999999999998
79,59.0,,0.59,46.61
91,59.0,,0.59,53.69
87,59.0,,0.59,51.33
93,59.0,,0.59,54.87
86,59.0,,0.59,50.739999999999995
66,59.0,,0.59,38.94
51,56.0,False,0.56,28.560000000000002
90,56.0,,0.56,50.400000000000006
100,56.0,,0.56,56.00000000000001
85,56.0,,0.56,47.6
84,56.0,,0.56,47.040000000000006
84,56.0,,0.56,47.040000000000006
55,56.0,,0.56,30.800000000000004
43,53.0,False,0.53,22.790000000000003
78,53.0,,0.53,41.34
86,53.0,,0.53,45.580000000000005
84,53.0,,0.53,44.52
85,53.0,,0.53,45.050000000000004
86,53.0,,0.53,45.580000000000005
61,53.0,,0.53,32.33
45,54.0,False,0.54,24.3
73,54.0,,0.54,39.42
88,54.0,,0.54,47.52
97,54.0,,0.54,52.38
88,54.0,,0.54,47.52
89,54.0,,0.54,48.06
56,54.0,,0.54,30.240000000000002
44,58.0,False,0.58,25.52
91,58.0,,0.58,52.779999999999994
96,58.0,,0.58,55.67999999999999
98,58.0,,0.58,56.839999999999996
92,58.0,,0.58,53.36
90,58.0,,0.58,52.199999999999996
55,58.0,,0.58,31.9
51,56.0,False,0.56,28.560000000000002
91,56.0,,0.56,50.96000000000001
100,56.0,,0.56,56.00000000000001
96,56.0,,0.56,53.760000000000005
89,56.0,,0.56,49.84
86,56.0,,0.56,48.160000000000004
57,56.0,,0.56,31.92
48,52.0,False,0.52,24.96
92,52.0,,0.52,47.84
96,52.0,,0.52,49.92
96,52.0,,0.52,49.92
85,52.0,,0.52,44.2
82,52.0,,0.52,42.64
61,52.0,,0.52,31.720000000000002
45,53.0,False,0.53,23.85
93,53.0,,0.53,49.29
95,53.0,,0.53,50.35
96,53.0,,0.53,50.88
89,53.0,,0.53,47.17
81,53.0,,0.53,42.93
55,53.0,,0.53,29.150000000000002
49,53.0,False,0.53,25.970000000000002
89,53.0,,0.53,47.17
93,53.0,,0.53,49.29
90,53.0,,0.53,47.7
90,53.0,,0.53,47.7
78,53.0,,0.53,41.34
55,53.0,,0.53,29.150000000000002
43,55.0,False,0.55,23.650000000000002
91,55.0,,0.55,50.050000000000004
85,55.0,,0.55,46.75000000000001
93,55.0,,0.55,51.150000000000006
86,55.0,,0.55,47.300000000000004
83,55.0,,0.55,45.650000000000006
53,55.0,,0.55,29.150000000000002
46,53.0,False,0.53,24.380000000000003
81,53.0,,0.53,42.93
88,53.0,,0.53,46.64
89,53.0,,0.53,47.17
85,53.0,,0.53,45.050000000000004
79,53.0,,0.53,41.870000000000005
50,53.0,,0.53,26.5
45,54.0,False,0.54,24.3
83,54.0,,0.54,44.82
92,54.0,,0.54,49.68000000000001
85,54.0,,0.54,45.900000000000006
86,54.0,,0.54,46.440000000000005
79,54.0,,0.54,42.660000000000004
51,54.0,,0.54,27.540000000000003
43,55.0,False,0.55,23.650000000000002
88,55.0,,0.55,48.400000000000006
100,55.0,,0.55,55.00000000000001
85,55.0,,0.55,46.75000000000001
84,55.0,,0.55,46.2
77,55.0,,0.55,42.35
55,55.0,,0.55,30.250000000000004
46,55.0,False,0.55,25.3
86,55.0,,0.55,47.300000000000004
99,55.0,,0.55,54.45
99,55.0,,0.55,54.45
88,55.0,,0.55,48.400000000000006
84,55.0,,0.55,46.2
54,55.0,,0.55,29.700000000000003
45,53.0,False,0.53,23.85
82,53.0,,0.53,43.46
86,53.0,,0.53,45.580000000000005
94,53.0,,0.53,49.82
82,53.0,,0.53,43.46
77,53.0,,0.53,40.81
50,53.0,,0.53,26.5
42,54.0,False,0.54,22.68
88,54.0,,0.54,47.52
92,54.0,,0.54,49.68000000000001
86,54.0,,0.54,46.440000000000005
84,54.0,,0.54,45.36
83,54.0,,0.54,44.82
54,54.0,,0.54,29.160000000000004
48,56.0,False,0.56,26.880000000000003
91,56.0,,0.56,50.96000000000001
93,56.0,,0.56,52.080000000000005
87,56.0,,0.56,48.720000000000006
90,56.0,,0.56,50.400000000000006
88,56.0,,0.56,49.28
59,56.0,,0.56,33.040000000000006
47,56.0,False,0.56,26.320000000000004
54,56.0,,0.56,30.240000000000002
95,56.0,,0.56,53.2
100,56.0,,0.56,56.00000000000001
93,56.0,,0.56,52.080000000000005
84,56.0,,0.56,47.040000000000006
54,56.0,,0.56,30.240000000000002
43,57.0,False,0.57,24.509999999999998
100,57.0,,0.57,56.99999999999999
86,57.0,,0.57,49.019999999999996
86,57.0,,0.57,49.019999999999996
83,57.0,,0.57,47.309999999999995
82,57.0,,0.57,46.739999999999995
47,57.0,,0.57,26.79
42,55.0,False,0.55,23.1
85,55.0,,0.55,46.75000000000001
87,55.0,,0.55,47.85
82,55.0,,0.55,45.1
83,55.0,,0.55,45.650000000000006
74,55.0,,0.55,40.7
46,55.0,,0.55,25.3
42,55.0,False,0.55,23.1
87,55.0,,0.55,47.85
83,55.0,,0.55,45.650000000000006
83,55.0,,0.55,45.650000000000006
78,55.0,,0.55,42.900000000000006
76,55.0,,0.55,41.800000000000004
47,55.0,,0.55,25.85
41,59.0,False,0.59,24.189999999999998
87,59.0,,0.59,51.33
86,59.0,,0.59,50.739999999999995
86,59.0,,0.59,50.739999999999995
80,59.0,,0.59,47.199999999999996
85,59.0,,0.59,50.15
51,59.0,,0.59,30.09
43,52.0,False,0.52,22.36
92,52.0,,0.52,47.84
92,52.0,,0.52,47.84
88,52.0,,0.52,45.760000000000005
53,52.0,,0.52,27.560000000000002
76,52.0,,0.52,39.52
52,52.0,,0.52,27.04
46,58.0,False,0.58,26.68
97,58.0,,0.58,56.26
100,58.0,,0.58,57.99999999999999
93,58.0,,0.58,53.94
87,58.0,,0.58,50.459999999999994
94,58.0,,0.58,54.519999999999996
54,58.0,,0.58,31.319999999999997
45,56.0,False,0.56,25.200000000000003
87,56.0,,0.56,48.720000000000006
94,56.0,,0.56,52.64000000000001
99,56.0,,0.56,55.440000000000005
87,56.0,,0.56,48.720000000000006
87,56.0,,0.56,48.720000000000006
53,56.0,,0.56,29.680000000000003
50,57.0,False,0.57,28.499999999999996
92,57.0,,0.57,52.44
99,57.0,,0.57,56.42999999999999
99,57.0,,0.57,56.42999999999999
91,57.0,,0.57,51.87
87,57.0,,0.57,49.589999999999996
51,57.0,,0.57,29.069999999999997
48,62.0,False,0.62,29.759999999999998
95,62.0,,0.62,58.9
100,62.0,,0.62,62.0
96,62.0,,0.62,59.519999999999996
77,62.0,,0.62,47.74
76,62.0,,0.62,47.12
47,62.0,,0.62,29.14
43,57.0,False,0.57,24.509999999999998
79,57.0,,0.57,45.029999999999994
72,57.0,,0.57,41.04
75,57.0,,0.57,42.74999999999999
70,57.0,,0.57,39.9
71,57.0,,0.57,40.47
43,57.0,,0.57,24.509999999999998
35,57.0,False,0.57,19.95
81,57.0,,0.57,46.169999999999995
83,57.0,,0.57,47.309999999999995
78,57.0,,0.57,44.459999999999994
72,57.0,,0.57,41.04
70,57.0,,0.57,39.9
43,57.0,,0.57,24.509999999999998
37,63.0,False,0.63,23.31
79,63.0,,0.63,49.77
100,63.0,,0.63,63.0
85,63.0,,0.63,53.55
71,63.0,,0.63,44.73
73,63.0,,0.63,45.99
44,63.0,,0.63,27.72
41,60.0,False,0.6,24.599999999999998
78,60.0,,0.6,46.8
77,60.0,,0.6,46.199999999999996
77,60.0,,0.6,46.199999999999996
77,60.0,,0.6,46.199999999999996
76,60.0,,0.6,45.6
45,60.0,,0.6,27.0
45,55.0,False,0.55,24.750000000000004
56,55.0,,0.55,30.800000000000004
100,55.0,,0.55,55.00000000000001
96,55.0,,0.55,52.800000000000004
91,55.0,,0.55,50.050000000000004
83,55.0,,0.55,45.650000000000006
52,55.0,,0.55,28.6
47,59.0,False,0.59,27.729999999999997
98,59.0,,0.59,57.82
86,59.0,,0.59,50.739999999999995
93,59.0,,0.59,54.87
92,59.0,,0.59,54.279999999999994
92,59.0,,0.59,54.279999999999994
59,59.0,,0.59,34.809999999999995
42,57.0,False,0.57,23.939999999999998
95,57.0,,0.57,54.15
97,57.0,,0.57,55.28999999999999
96,57.0,,0.57,54.72
85,57.0,,0.57,48.449999999999996
84,57.0,,0.57,47.879999999999995
50,57.0,,0.57,28.499999999999996
46,52.0,False,0.52,23.92
93,52.0,,0.52,48.36
92,52.0,,0.52,47.84
97,52.0,,0.52,50.440000000000005
81,52.0,,0.52,42.120000000000005
76,52.0,,0.52,39.52
50,52.0,,0.52,26.0
45,58.0,False,0.58,26.099999999999998
91,58.0,,0.58,52.779999999999994
93,58.0,,0.58,53.94
99,58.0,,0.58,57.419999999999995
100,58.0,,0.58,57.99999999999999
90,58.0,,0.58,52.199999999999996
60,58.0,,0.58,34.8
49,55.0,False,0.55,26.950000000000003
87,55.0,,0.55,47.85
95,55.0,,0.55,52.25000000000001
88,55.0,,0.55,48.400000000000006
89,55.0,,0.55,48.95
86,55.0,,0.55,47.300000000000004
56,55.0,,0.55,30.800000000000004
44,55.0,False,0.55,24.200000000000003
94,55.0,,0.55,51.7
99,55.0,,0.55,54.45
93,55.0,,0.55,51.150000000000006
91,55.0,,0.55,50.050000000000004
83,55.0,,0.55,45.650000000000006
57,55.0,,0.55,31.35
47,53.0,False,0.53,24.91
90,53.0,,0.53,47.7
96,53.0,,0.53,50.88
88,53.0,,0.53,46.64
82,53.0,,0.53,43.46
83,53.0,,0.53,43.99
49,53.0,,0.53,25.970000000000002
46,53.0,False,0.53,24.380000000000003
90,53.0,,0.53,47.7
87,53.0,,0.53,46.11
88,53.0,,0.53,46.64
81,53.0,,0.53,42.93
90,53.0,,0.53,47.7
60,53.0,,0.53,31.8
53,51.0,False,0.51,27.03
100,51.0,,0.51,51.0
91,51.0,,0.51,46.410000000000004
68,51.0,,0.51,34.68
93,51.0,,0.51,47.43
93,51.0,,0.51,47.43
60,51.0,,0.51,30.6
47,51.0,False,0.51,23.97
93,51.0,,0.51,47.43
97,51.0,,0.51,49.47
96,51.0,,0.51,48.96
90,51.0,,0.51,45.9
90,51.0,,0.51,45.9
54,51.0,,0.51,27.54
54,54.0,False,0.54,29.160000000000004
91,54.0,,0.54,49.14
95,54.0,,0.54,51.300000000000004
93,54.0,,0.54,50.220000000000006
90,54.0,,0.54,48.6
86,54.0,,0.54,46.440000000000005
55,54.0,,0.54,29.700000000000003
45,38.0,False,0.38,17.1
88,38.0,,0.38,33.44
86,38.0,,0.38,32.68
78,38.0,,0.38,29.64
47,38.0,,0.38,17.86
59,38.0,,0.38,22.42
50,38.0,,0.38,19.0
46,56.0,False,0.56,25.76
87,56.0,,0.56,48.720000000000006
100,56.0,,0.56,56.00000000000001
98,56.0,,0.56,54.88
95,56.0,,0.56,53.2
92,56.0,,0.56,51.52
62,56.0,,0.56,34.720000000000006
46,53.0,False,0.53,24.380000000000003
87,53.0,,0.53,46.11
89,53.0,,0.53,47.17
89,53.0,,0.53,47.17
88,53.0,,0.53,46.64
87,53.0,,0.53,46.11
58,53.0,,0.53,30.740000000000002
48,53.0,False,0.53,25.44
83,53.0,,0.53,43.99
92,53.0,,0.53,48.760000000000005
87,53.0,,0.53,46.11
88,53.0,,0.53,46.64
85,53.0,,0.53,45.050000000000004
52,53.0,,0.53,27.560000000000002
44,37.0,False,0.37,16.28
80,37.0,,0.37,29.6
72,37.0,,0.37,26.64
40,37.0,,0.37,14.8
73,37.0,,0.37,27.009999999999998
84,37.0,,0.37,31.08
60,37.0,,0.37,22.2
57,55.0,False,0.55,31.35
91,55.0,,0.55,50.050000000000004
92,55.0,,0.55,50.6
57,55.0,,0.55,31.35
92,55.0,,0.55,50.6
94,55.0,,0.55,51.7
63,55.0,,0.55,34.650000000000006
47,59.0,False,0.59,27.729999999999997
98,59.0,,0.59,57.82
94,59.0,,0.59,55.459999999999994
93,59.0,,0.59,54.87
80,59.0,,0.59,47.199999999999996
79,59.0,,0.59,46.61
55,59.0,,0.59,32.449999999999996
49,56.0,False,0.56,27.44
91,56.0,,0.56,50.96000000000001
100,56.0,,0.56,56.00000000000001
95,56.0,,0.56,53.2
87,56.0,,0.56,48.720000000000006
82,56.0,,0.56,45.92
55,56.0,,0.56,30.800000000000004
43,51.0,False,0.51,21.93
59,51.0,,0.51,30.09
84,51.0,,0.51,42.84
89,51.0,,0.51,45.39
88,51.0,,0.51,44.88
78,51.0,,0.51,39.78
54,51.0,,0.51,27.54
45,54.0,False,0.54,24.3
79,54.0,,0.54,42.660000000000004
93,54.0,,0.54,50.220000000000006
84,54.0,,0.54,45.36
81,54.0,,0.54,43.74
85,54.0,,0.54,45.900000000000006
57,54.0,,0.54,30.78
52,56.0,False,0.56,29.120000000000005
94,56.0,,0.56,52.64000000000001
92,56.0,,0.56,51.52
88,56.0,,0.56,49.28
86,56.0,,0.56,48.160000000000004
81,56.0,,0.56,45.36000000000001
58,56.0,,0.56,32.480000000000004
42,51.0,False,0.51,21.42
81,51.0,,0.51,41.31
83,51.0,,0.51,42.33
88,51.0,,0.51,44.88
82,51.0,,0.51,41.82
76,51.0,,0.51,38.76
56,51.0,,0.51,28.560000000000002
49,55.0,False,0.55,26.950000000000003
82,55.0,,0.55,45.1
100,55.0,,0.55,55.00000000000001
90,55.0,,0.55,49.50000000000001
86,55.0,,0.55,47.300000000000004
91,55.0,,0.55,50.050000000000004
57,55.0,,0.55,31.35
48,53.0,False,0.53,25.44
88,53.0,,0.53,46.64
87,53.0,,0.53,46.11
89,53.0,,0.53,47.17
88,53.0,,0.53,46.64
80,53.0,,0.53,42.400000000000006
59,53.0,,0.53,31.270000000000003
53,53.0,False,0.53,28.09
91,53.0,,0.53,48.230000000000004
93,53.0,,0.53,49.29
87,53.0,,0.53,46.11
94,53.0,,0.53,49.82
86,53.0,,0.53,45.580000000000005
56,53.0,,0.53,29.68
50,55.0,False,0.55,27.500000000000004
92,55.0,,0.55,50.6
97,55.0,,0.55,53.35
95,55.0,,0.55,52.25000000000001
90,55.0,,0.55,49.50000000000001
88,55.0,,0.55,48.400000000000006
62,55.0,,0.55,34.1
50,55.0,False,0.55,27.500000000000004
94,55.0,,0.55,51.7
98,55.0,,0.55,53.900000000000006
98,55.0,,0.55,53.900000000000006
95,55.0,,0.55,52.25000000000001
84,55.0,,0.55,46.2
56,55.0,,0.55,30.800000000000004
52,54.0,False,0.54,28.080000000000002
94,54.0,,0.54,50.760000000000005
100,54.0,,0.54,54.0
94,54.0,,0.54,50.760000000000005
90,54.0,,0.54,48.6
86,54.0,,0.54,46.440000000000005
56,54.0,,0.54,30.240000000000002
50,53.0,False,0.53,26.5
91,53.0,,0.53,48.230000000000004
100,53.0,,0.53,53.0
90,53.0,,0.53,47.7
86,53.0,,0.53,45.580000000000005
80,53.0,,0.53,42.400000000000006
54,53.0,,0.53,28.62
48,52.0,False,0.52,24.96
87,52.0,,0.52,45.24
87,52.0,,0.52,45.24
84,52.0,,0.52,43.68
83,52.0,,0.52,43.160000000000004
82,52.0,,0.52,42.64
54,52.0,,0.52,28.080000000000002
50,51.0,False,0.51,25.5
85,51.0,,0.51,43.35
85,51.0,,0.51,43.35
90,51.0,,0.51,45.9
86,51.0,,0.51,43.86
80,51.0,,0.51,40.8
52,51.0,,0.51,26.52
46,53.0,False,0.53,24.380000000000003
88,53.0,,0.53,46.64
88,53.0,,0.53,46.64
90,53.0,,0.53,47.7
85,53.0,,0.53,45.050000000000004
79,53.0,,0.53,41.870000000000005
51,53.0,,0.53,27.03
45,52.0,False,0.52,23.400000000000002
93,52.0,,0.52,48.36
87,52.0,,0.52,45.24
86,52.0,,0.52,44.72
85,52.0,,0.52,44.2
79,52.0,,0.52,41.08
51,52.0,,0.52,26.52
42,50.0,False,0.5,21.0
84,50.0,,0.5,42.0
82,50.0,,0.5,41.0
83,50.0,,0.5,41.5
79,50.0,,0.5,39.5
78,50.0,,0.5,39.0
48,50.0,,0.5,24.0
43,51.0,False,0.51,21.93
87,51.0,,0.51,44.37
89,51.0,,0.51,45.39
83,51.0,,0.51,42.33
82,51.0,,0.51,41.82
77,51.0,,0.51,39.27
51,51.0,,0.51,26.01
47,53.0,False,0.53,24.91
85,53.0,,0.53,45.050000000000004
93,53.0,,0.53,49.29
86,53.0,,0.53,45.580000000000005
86,53.0,,0.53,45.580000000000005
82,53.0,,0.53,43.46
47,53.0,,0.53,24.91
43,52.0,False,0.52,22.36
58,52.0,,0.52,30.16
89,52.0,,0.52,46.28
100,52.0,,0.52,52.0
93,52.0,,0.52,48.36
93,52.0,,0.52,48.36
54,52.0,,0.52,28.080000000000002
48,57.0,False,0.57,27.36
92,57.0,,0.57,52.44
93,57.0,,0.57,53.01
91,57.0,,0.57,51.87
90,57.0,,0.57,51.3
85,57.0,,0.57,48.449999999999996
50,57.0,,0.57,28.499999999999996
45,53.0,False,0.53,23.85
86,53.0,,0.53,45.580000000000005
89,53.0,,0.53,47.17
87,53.0,,0.53,46.11
86,53.0,,0.53,45.580000000000005
82,53.0,,0.53,43.46
48,53.0,,0.53,25.44
44,54.0,False,0.54,23.76
89,54.0,,0.54,48.06
90,54.0,,0.54,48.6
80,54.0,,0.54,43.2
79,54.0,,0.54,42.660000000000004
82,54.0,,0.54,44.28
52,54.0,,0.54,28.080000000000002
38,54.0,False,0.54,20.520000000000003
83,54.0,,0.54,44.82
100,54.0,,0.54,54.0
94,54.0,,0.54,50.760000000000005
88,54.0,,0.54,47.52
87,54.0,,0.54,46.980000000000004
54,54.0,,0.54,29.160000000000004
46,52.0,False,0.52,23.92
88,52.0,,0.52,45.760000000000005
93,52.0,,0.52,48.36
87,52.0,,0.52,45.24
87,52.0,,0.52,45.24
52,52.0,,0.52,27.04
47,52.0,,0.52,24.44
48,59.0,False,0.59,28.32
94,59.0,,0.59,55.459999999999994
99,59.0,,0.59,58.41
93,59.0,,0.59,54.87
88,59.0,,0.59,51.919999999999995
88,59.0,,0.59,51.919999999999995
55,59.0,,0.59,32.449999999999996
47,57.0,False,0.57,26.79
93,57.0,,0.57,53.01
94,57.0,,0.57,53.58
94,57.0,,0.57,53.58
95,57.0,,0.57,54.15
83,57.0,,0.57,47.309999999999995
60,57.0,,0.57,34.199999999999996
50,57.0,False,0.57,28.499999999999996
94,57.0,,0.57,53.58
95,57.0,,0.57,54.15
89,57.0,,0.57,50.73
94,57.0,,0.57,53.58
87,57.0,,0.57,49.589999999999996
51,57.0,,0.57,29.069999999999997
50,57.0,False,0.57,28.499999999999996
100,57.0,,0.57,56.99999999999999
100,57.0,,0.57,56.99999999999999
93,57.0,,0.57,53.01
91,57.0,,0.57,51.87
95,57.0,,0.57,54.15
55,57.0,,0.57,31.349999999999998
48,59.0,False,0.59,28.32
93,59.0,,0.59,54.87
100,59.0,,0.59,59.0
95,59.0,,0.59,56.05
94,59.0,,0.59,55.459999999999994
85,59.0,,0.59,50.15
54,59.0,,0.59,31.86
48,58.0,False,0.58,27.839999999999996
92,58.0,,0.58,53.36
97,58.0,,0.58,56.26
93,58.0,,0.58,53.94
88,58.0,,0.58,51.04
86,58.0,,0.58,49.879999999999995
52,58.0,,0.58,30.159999999999997
52,58.0,False,0.58,30.159999999999997
98,58.0,,0.58,56.839999999999996
92,58.0,,0.58,53.36
89,58.0,,0.58,51.62
87,58.0,,0.58,50.459999999999994
85,58.0,,0.58,49.3
54,58.0,,0.58,31.319999999999997
47,55.0,False,0.55,25.85
88,55.0,,0.55,48.400000000000006
95,55.0,,0.55,52.25000000000001
83,55.0,,0.55,45.650000000000006
86,55.0,,0.55,47.300000000000004
80,55.0,,0.55,44.0
56,55.0,,0.55,30.800000000000004
50,55.0,False,0.55,27.500000000000004
54,55.0,,0.55,29.700000000000003
88,55.0,,0.55,48.400000000000006
96,55.0,,0.55,52.800000000000004
93,55.0,,0.55,51.150000000000006
80,55.0,,0.55,44.0
50,55.0,,0.55,27.500000000000004
46,54.0,False,0.54,24.840000000000003
90,54.0,,0.54,48.6
86,54.0,,0.54,46.440000000000005
84,54.0,,0.54,45.36
80,54.0,,0.54,43.2
72,54.0,,0.54,38.88
57,54.0,,0.54,30.78
44,57.0,False,0.57,25.08
94,57.0,,0.57,53.58
91,57.0,,0.57,51.87
86,57.0,,0.57,49.019999999999996
83,57.0,,0.57,47.309999999999995
79,57.0,,0.57,45.029999999999994
58,57.0,,0.57,33.059999999999995
45,57.0,False,0.57,25.65
100,57.0,,0.57,56.99999999999999
87,57.0,,0.57,49.589999999999996
86,57.0,,0.57,49.019999999999996
81,57.0,,0.57,46.169999999999995
78,57.0,,0.57,44.459999999999994
54,57.0,,0.57,30.779999999999998
42,55.0,False,0.55,23.1
87,55.0,,0.55,47.85
83,55.0,,0.55,45.650000000000006
83,55.0,,0.55,45.650000000000006
87,55.0,,0.55,47.85
79,55.0,,0.55,43.45
54,55.0,,0.55,29.700000000000003
44,57.0,False,0.57,25.08
87,57.0,,0.57,49.589999999999996
83,57.0,,0.57,47.309999999999995
83,57.0,,0.57,47.309999999999995
79,57.0,,0.57,45.029999999999994
82,57.0,,0.57,46.739999999999995
51,57.0,,0.57,29.069999999999997
44,60.0,False,0.6,26.4
85,60.0,,0.6,51.0
100,60.0,,0.6,60.0
93,60.0,,0.6,55.8
93,60.0,,0.6,55.8
89,60.0,,0.6,53.4
50,60.0,,0.6,30.0
43,56.0,False,0.56,24.080000000000002
85,56.0,,0.56,47.6
93,56.0,,0.56,52.080000000000005
82,56.0,,0.56,45.92
82,56.0,,0.56,45.92
77,56.0,,0.56,43.120000000000005
53,56.0,,0.56,29.680000000000003
44,56.0,False,0.56,24.64
81,56.0,,0.56,45.36000000000001
81,56.0,,0.56,45.36000000000001
90,56.0,,0.56,50.400000000000006
77,56.0,,0.56,43.120000000000005
80,56.0,,0.56,44.800000000000004
