Rakuten_unscaled,Rakuten_monthly,isPartial,scale,Rakuten,Date
100,98,,0.98,98.0,12/1/20
57,98,,0.98,55.86,12/2/20
47,98,,0.98,46.06,12/3/20
48,98,,0.98,47.04,12/4/20
50,98,,0.98,49.0,12/5/20
57,59,False,0.59,33.629999999999995,12/6/20
45,59,,0.59,26.549999999999997,12/7/20
42,59,,0.59,24.78,12/8/20
44,59,,0.59,25.959999999999997,12/9/20
42,59,,0.59,24.78,12/10/20
40,59,,0.59,23.6,12/11/20
43,59,,0.59,25.369999999999997,12/12/20
45,45,False,0.45,20.25,12/13/20
42,45,,0.45,18.9,12/14/20
40,45,,0.45,18.0,12/15/20
32,45,,0.45,14.4,12/16/20
28,45,,0.45,12.6,12/17/20
30,45,,0.45,13.5,12/18/20
32,45,,0.45,14.4,12/19/20
30,30,False,0.3,9.0,12/20/20
28,30,,0.3,8.4,12/21/20
26,30,,0.3,7.8,12/22/20
23,30,,0.3,6.8999999999999995,12/23/20
21,30,,0.3,6.3,12/24/20
22,30,,0.3,6.6,12/25/20
27,30,,0.3,8.1,12/26/20
29,28,False,0.28,8.120000000000001,12/27/20
26,28,,0.28,7.280000000000001,12/28/20
25,28,,0.28,7.000000000000001,12/29/20
23,28,,0.28,6.44,12/30/20
25,28,,0.28,7.000000000000001,12/31/20
91,28,,0.28,25.480000000000004,1/1/21
99,28,,0.28,27.72,1/2/21
100,23,False,0.23,23.0,1/3/21
91,23,,0.23,20.93,1/4/21
74,23,,0.23,17.02,1/5/21
70,23,,0.23,16.1,1/6/21
65,23,,0.23,14.95,1/7/21
75,23,,0.23,17.25,1/8/21
79,23,,0.23,18.17,1/9/21
87,28,False,0.28,24.360000000000003,1/10/21
76,28,,0.28,21.28,1/11/21
83,28,,0.28,23.24,1/12/21
80,28,,0.28,22.4,1/13/21
82,28,,0.28,22.96,1/14/21
73,28,,0.28,20.44,1/15/21
76,28,,0.28,21.28,1/16/21
85,23,False,0.23,19.55,1/17/21
85,23,,0.23,19.55,1/18/21
75,23,,0.23,17.25,1/19/21
66,23,,0.23,15.18,1/20/21
70,23,,0.23,16.1,1/21/21
72,23,,0.23,16.560000000000002,1/22/21
69,23,,0.23,15.87,1/23/21
75,23,False,0.23,17.25,1/24/21
80,23,,0.23,18.4,1/25/21
71,23,,0.23,16.330000000000002,1/26/21
65,23,,0.23,14.95,1/27/21
76,23,,0.23,17.48,1/28/21
69,23,,0.23,15.87,1/29/21
74,23,,0.23,17.02,1/30/21
85,23,False,0.23,19.55,1/31/21
77,23,,0.23,17.71,2/1/21
67,23,,0.23,15.41,2/2/21
74,23,,0.23,17.02,2/3/21
70,23,,0.23,16.1,2/4/21
76,23,,0.23,17.48,2/5/21
72,23,,0.23,16.560000000000002,2/6/21
68,21,False,0.21,14.28,2/7/21
66,21,,0.21,13.86,2/8/21
66,21,,0.21,13.86,2/9/21
69,21,,0.21,14.49,2/10/21
69,21,,0.21,14.49,2/11/21
66,21,,0.21,13.86,2/12/21
77,21,,0.21,16.169999999999998,2/13/21
87,25,False,0.25,21.75,2/14/21
100,25,,0.25,25.0,2/15/21
96,25,,0.25,24.0,2/16/21
73,25,,0.25,18.25,2/17/21
69,25,,0.25,17.25,2/18/21
70,25,,0.25,17.5,2/19/21
75,25,,0.25,18.75,2/20/21
71,24,False,0.24,17.04,2/21/21
71,24,,0.24,17.04,2/22/21
79,24,,0.24,18.96,2/23/21
70,24,,0.24,16.8,2/24/21
84,24,,0.24,20.16,2/25/21
71,24,,0.24,17.04,2/26/21
81,24,,0.24,19.44,2/27/21
84,23,False,0.23,19.32,2/28/21
100,23,,0.23,23.0,3/1/21
85,23,,0.23,19.55,3/2/21
75,23,,0.23,17.25,3/3/21
77,23,,0.23,17.71,3/4/21
69,23,,0.23,15.87,3/5/21
82,23,,0.23,18.86,3/6/21
82,21,False,0.21,17.22,3/7/21
82,21,,0.21,17.22,3/8/21
78,21,,0.21,16.38,3/9/21
73,21,,0.21,15.33,3/10/21
74,21,,0.21,15.54,3/11/21
72,21,,0.21,15.12,3/12/21
86,21,,0.21,18.06,3/13/21
80,22,False,0.22,17.6,3/14/21
89,22,,0.22,19.58,3/15/21
81,22,,0.22,17.82,3/16/21
74,22,,0.22,16.28,3/17/21
84,22,,0.22,18.48,3/18/21
77,22,,0.22,16.94,3/19/21
81,22,,0.22,17.82,3/20/21
85,21,False,0.21,17.849999999999998,3/21/21
87,21,,0.21,18.27,3/22/21
78,21,,0.21,16.38,3/23/21
77,21,,0.21,16.169999999999998,3/24/21
85,21,,0.21,17.849999999999998,3/25/21
74,21,,0.21,15.54,3/26/21
81,21,,0.21,17.009999999999998,3/27/21
80,21,False,0.21,16.8,3/28/21
70,21,,0.21,14.7,3/29/21
91,21,,0.21,19.11,3/30/21
85,21,,0.21,17.849999999999998,3/31/21
89,21,,0.21,18.69,4/1/21
86,21,,0.21,18.06,4/2/21
89,21,,0.21,18.69,4/3/21
86,20,False,0.2,17.2,4/4/21
91,20,,0.2,18.2,4/5/21
78,20,,0.2,15.6,4/6/21
84,20,,0.2,16.8,4/7/21
82,20,,0.2,16.400000000000002,4/8/21
79,20,,0.2,15.8,4/9/21
87,20,,0.2,17.400000000000002,4/10/21
83,21,False,0.21,17.43,4/11/21
88,21,,0.21,18.48,4/12/21
89,21,,0.21,18.69,4/13/21
91,21,,0.21,19.11,4/14/21
90,21,,0.21,18.9,4/15/21
84,21,,0.21,17.64,4/16/21
84,21,,0.21,17.64,4/17/21
87,22,False,0.22,19.14,4/18/21
92,22,,0.22,20.24,4/19/21
100,22,,0.22,22.0,4/20/21
86,22,,0.22,18.92,4/21/21
93,22,,0.22,20.46,4/22/21
79,22,,0.22,17.38,4/23/21
84,22,,0.22,18.48,4/24/21
92,20,False,0.2,18.4,4/25/21
84,20,,0.2,16.8,4/26/21
88,20,,0.2,17.6,4/27/21
84,20,,0.2,16.8,4/28/21
90,20,,0.2,18.0,4/29/21
88,20,,0.2,17.6,4/30/21
71,20,,0.2,14.2,5/1/21
71,21,False,0.21,14.91,5/2/21
74,21,,0.21,15.54,5/3/21
77,21,,0.21,16.169999999999998,5/4/21
59,21,,0.21,12.39,5/5/21
75,21,,0.21,15.75,5/6/21
71,21,,0.21,14.91,5/7/21
66,21,,0.21,13.86,5/8/21
73,25,False,0.25,18.25,5/9/21
93,25,,0.25,23.25,5/10/21
92,25,,0.25,23.0,5/11/21
92,25,,0.25,23.0,5/12/21
80,25,,0.25,20.0,5/13/21
91,25,,0.25,22.75,5/14/21
93,25,,0.25,23.25,5/15/21
100,25,False,0.25,25.0,5/16/21
99,25,,0.25,24.75,5/17/21
83,25,,0.25,20.75,5/18/21
72,25,,0.25,18.0,5/19/21
66,25,,0.25,16.5,5/20/21
75,25,,0.25,18.75,5/21/21
69,25,,0.25,17.25,5/22/21
79,24,False,0.24,18.96,5/23/21
77,24,,0.24,18.48,5/24/21
77,24,,0.24,18.48,5/25/21
82,24,,0.24,19.68,5/26/21
78,24,,0.24,18.72,5/27/21
72,24,,0.24,17.28,5/28/21
89,24,,0.24,21.36,5/29/21
91,23,False,0.23,20.93,5/30/21
94,23,,0.23,21.62,5/31/21
92,23,,0.23,21.16,6/1/21
88,23,,0.23,20.24,6/2/21
82,23,,0.23,18.86,6/3/21
79,23,,0.23,18.17,6/4/21
76,23,,0.23,17.48,6/5/21
77,21,False,0.21,16.169999999999998,6/6/21
76,21,,0.21,15.96,6/7/21
83,21,,0.21,17.43,6/8/21
71,21,,0.21,14.91,6/9/21
90,21,,0.21,18.9,6/10/21
77,21,,0.21,16.169999999999998,6/11/21
74,21,,0.21,15.54,6/12/21
88,21,False,0.21,18.48,6/13/21
78,21,,0.21,16.38,6/14/21
79,21,,0.21,16.59,6/15/21
73,21,,0.21,15.33,6/16/21
86,21,,0.21,18.06,6/17/21
75,21,,0.21,15.75,6/18/21
69,21,,0.21,14.49,6/19/21
73,23,False,0.23,16.79,6/20/21
100,23,,0.23,23.0,6/21/21
94,23,,0.23,21.62,6/22/21
92,23,,0.23,21.16,6/23/21
76,23,,0.23,17.48,6/24/21
72,23,,0.23,16.560000000000002,6/25/21
75,23,,0.23,17.25,6/26/21
69,20,False,0.2,13.8,6/27/21
79,20,,0.2,15.8,6/28/21
75,20,,0.2,15.0,6/29/21
78,20,,0.2,15.6,6/30/21
88,20,,0.2,17.6,7/1/21
93,20,,0.2,18.6,7/2/21
93,20,,0.2,18.6,7/3/21
99,21,False,0.21,20.79,7/4/21
96,21,,0.21,20.16,7/5/21
91,21,,0.21,19.11,7/6/21
79,21,,0.21,16.59,7/7/21
100,21,,0.21,21.0,7/8/21
87,21,,0.21,18.27,7/9/21
89,21,,0.21,18.69,7/10/21
87,20,False,0.2,17.400000000000002,7/11/21
94,20,,0.2,18.8,7/12/21
96,20,,0.2,19.200000000000003,7/13/21
94,20,,0.2,18.8,7/14/21
83,20,,0.2,16.6,7/15/21
89,20,,0.2,17.8,7/16/21
84,20,,0.2,16.8,7/17/21
95,19,False,0.19,18.05,7/18/21
94,19,,0.19,17.86,7/19/21
89,19,,0.19,16.91,7/20/21
93,19,,0.19,17.67,7/21/21
83,19,,0.19,15.77,7/22/21
90,19,,0.19,17.1,7/23/21
66,19,,0.19,12.54,7/24/21
88,18,False,0.18,15.84,7/25/21
79,18,,0.18,14.22,7/26/21
91,18,,0.18,16.38,7/27/21
74,18,,0.18,13.32,7/28/21
83,18,,0.18,14.94,7/29/21
77,18,,0.18,13.86,7/30/21
66,18,,0.18,11.88,7/31/21
94,19,False,0.19,17.86,8/1/21
87,19,,0.19,16.53,8/2/21
88,19,,0.19,16.72,8/3/21
78,19,,0.19,14.82,8/4/21
88,19,,0.19,16.72,8/5/21
76,19,,0.19,14.44,8/6/21
79,19,,0.19,15.01,8/7/21
86,17,False,0.17,14.62,8/8/21
86,17,,0.17,14.62,8/9/21
74,17,,0.17,12.58,8/10/21
79,17,,0.17,13.43,8/11/21
79,17,,0.17,13.43,8/12/21
79,17,,0.17,13.43,8/13/21
76,17,,0.17,12.920000000000002,8/14/21
100,19,False,0.19,19.0,8/15/21
90,19,,0.19,17.1,8/16/21
88,19,,0.19,16.72,8/17/21
79,19,,0.19,15.01,8/18/21
84,19,,0.19,15.96,8/19/21
85,19,,0.19,16.15,8/20/21
77,19,,0.19,14.63,8/21/21
99,21,False,0.21,20.79,8/22/21
94,21,,0.21,19.74,8/23/21
93,21,,0.21,19.53,8/24/21
100,21,,0.21,21.0,8/25/21
90,21,,0.21,18.9,8/26/21
97,21,,0.21,20.37,8/27/21
86,21,,0.21,18.06,8/28/21
85,19,False,0.19,16.15,8/29/21
85,19,,0.19,16.15,8/30/21
82,19,,0.19,15.58,8/31/21
84,19,,0.19,15.96,9/1/21
82,19,,0.19,15.58,9/2/21
74,19,,0.19,14.06,9/3/21
79,19,,0.19,15.01,9/4/21
75,20,False,0.2,15.0,9/5/21
100,20,,0.2,20.0,9/6/21
87,20,,0.2,17.400000000000002,9/7/21
68,20,,0.2,13.6,9/8/21
77,20,,0.2,15.4,9/9/21
67,20,,0.2,13.4,9/10/21
69,20,,0.2,13.8,9/11/21
72,18,False,0.18,12.96,9/12/21
78,18,,0.18,14.04,9/13/21
75,18,,0.18,13.5,9/14/21
69,18,,0.18,12.42,9/15/21
66,18,,0.18,11.88,9/16/21
74,18,,0.18,13.32,9/17/21
72,18,,0.18,12.96,9/18/21
77,19,False,0.19,14.63,9/19/21
76,19,,0.19,14.44,9/20/21
81,19,,0.19,15.39,9/21/21
64,19,,0.19,12.16,9/22/21
79,19,,0.19,15.01,9/23/21
71,19,,0.19,13.49,9/24/21
79,19,,0.19,15.01,9/25/21
85,20,False,0.2,17.0,9/26/21
78,20,,0.2,15.6,9/27/21
83,20,,0.2,16.6,9/28/21
87,20,,0.2,17.400000000000002,9/29/21
82,20,,0.2,16.400000000000002,9/30/21
73,20,,0.2,14.6,10/1/21
76,20,,0.2,15.2,10/2/21
76,19,False,0.19,14.44,10/3/21
73,19,,0.19,13.87,10/4/21
71,19,,0.19,13.49,10/5/21
76,19,,0.19,14.44,10/6/21
72,19,,0.19,13.68,10/7/21
71,19,,0.19,13.49,10/8/21
70,19,,0.19,13.3,10/9/21
73,22,False,0.22,16.06,10/10/21
85,22,,0.22,18.7,10/11/21
80,22,,0.22,17.6,10/12/21
90,22,,0.22,19.8,10/13/21
85,22,,0.22,18.7,10/14/21
74,22,,0.22,16.28,10/15/21
81,22,,0.22,17.82,10/16/21
83,23,False,0.23,19.09,10/17/21
82,23,,0.23,18.86,10/18/21
88,23,,0.23,20.24,10/19/21
80,23,,0.23,18.4,10/20/21
81,23,,0.23,18.630000000000003,10/21/21
85,23,,0.23,19.55,10/22/21
74,23,,0.23,17.02,10/23/21
92,23,False,0.23,21.16,10/24/21
87,23,,0.23,20.01,10/25/21
100,23,,0.23,23.0,10/26/21
84,23,,0.23,19.32,10/27/21
82,23,,0.23,18.86,10/28/21
80,23,,0.23,18.4,10/29/21
85,23,,0.23,19.55,10/30/21
90,26,False,0.26,23.4,10/31/21
20,26,,0.26,5.2,11/1/21
21,26,,0.26,5.46,11/2/21
16,26,,0.26,4.16,11/3/21
19,26,,0.26,4.94,11/4/21
21,26,,0.26,5.46,11/5/21
21,26,,0.26,5.46,11/6/21
21,30,False,0.3,6.3,11/7/21
21,30,,0.3,6.3,11/8/21
21,30,,0.3,6.3,11/9/21
20,30,,0.3,6.0,11/10/21
26,30,,0.3,7.8,11/11/21
23,30,,0.3,6.8999999999999995,11/12/21
21,30,,0.3,6.3,11/13/21
24,31,False,0.31,7.44,11/14/21
26,31,,0.31,8.06,11/15/21
23,31,,0.31,7.13,11/16/21
26,31,,0.31,8.06,11/17/21
24,31,,0.31,7.44,11/18/21
24,31,,0.31,7.44,11/19/21
27,31,,0.31,8.37,11/20/21
32,69,False,0.69,22.08,11/21/21
30,69,,0.69,20.7,11/22/21
34,69,,0.69,23.459999999999997,11/23/21
34,69,,0.69,23.459999999999997,11/24/21
56,69,,0.69,38.64,11/25/21
100,69,,0.69,69.0,11/26/21
75,69,,0.69,51.74999999999999,11/27/21
56,65,False,0.65,36.4,11/28/21
84,65,,0.65,54.6,11/29/21
71,65,,0.65,46.15,11/30/21
100,65,,0.65,65.0,12/1/21
80,65,,0.65,52.0,12/2/21
77,65,,0.65,50.05,12/3/21
81,65,,0.65,52.65,12/4/21
81,38,False,0.38,30.78,12/5/21
80,38,,0.38,30.4,12/6/21
81,38,,0.38,30.78,12/7/21
80,38,,0.38,30.4,12/8/21
81,38,,0.38,30.78,12/9/21
72,38,,0.38,27.36,12/10/21
71,38,,0.38,26.98,12/11/21
76,32,False,0.32,24.32,12/12/21
82,32,,0.32,26.24,12/13/21
72,32,,0.32,23.04,12/14/21
69,32,,0.32,22.08,12/15/21
66,32,,0.32,21.12,12/16/21
62,32,,0.32,19.84,12/17/21
55,32,,0.32,17.6,12/18/21
51,23,False,0.23,11.73,12/19/21
54,23,,0.23,12.42,12/20/21
54,23,,0.23,12.42,12/21/21
48,23,,0.23,11.04,12/22/21
46,23,,0.23,10.58,12/23/21
42,23,,0.23,9.66,12/24/21
34,23,,0.23,7.82,12/25/21
58,25,False,0.25,14.5,12/26/21
58,25,,0.25,14.5,12/27/21
44,25,,0.25,11.0,12/28/21
50,25,,0.25,12.5,12/29/21
45,25,,0.25,11.25,12/30/21
43,25,,0.25,10.75,12/31/21
37,25,,0.25,9.25,1/1/22
48,27,False,0.27,12.96,1/2/22
44,27,,0.27,11.88,1/3/22
55,27,,0.27,14.85,1/4/22
46,27,,0.27,12.420000000000002,1/5/22
39,27,,0.27,10.53,1/6/22
48,27,,0.27,12.96,1/7/22
43,27,,0.27,11.61,1/8/22
40,25,False,0.25,10.0,1/9/22
47,25,,0.25,11.75,1/10/22
43,25,,0.25,10.75,1/11/22
40,25,,0.25,10.0,1/12/22
49,25,,0.25,12.25,1/13/22
36,25,,0.25,9.0,1/14/22
42,25,,0.25,10.5,1/15/22
37,22,False,0.22,8.14,1/16/22
43,22,,0.22,9.46,1/17/22
40,22,,0.22,8.8,1/18/22
38,22,,0.22,8.36,1/19/22
35,22,,0.22,7.7,1/20/22
37,22,,0.22,8.14,1/21/22
42,22,,0.22,9.24,1/22/22
43,23,False,0.23,9.89,1/23/22
47,23,,0.23,10.81,1/24/22
37,23,,0.23,8.51,1/25/22
35,23,,0.23,8.05,1/26/22
37,23,,0.23,8.51,1/27/22
45,23,,0.23,10.35,1/28/22
43,23,,0.23,9.89,1/29/22
100,26,False,0.26,26.0,1/30/22
44,26,,0.26,11.44,1/31/22
44,26,,0.26,11.44,2/1/22
45,26,,0.26,11.7,2/2/22
46,26,,0.26,11.96,2/3/22
41,26,,0.26,10.66,2/4/22
43,26,,0.26,11.18,2/5/22
46,26,False,0.26,11.96,2/6/22
46,26,,0.26,11.96,2/7/22
48,26,,0.26,12.48,2/8/22
48,26,,0.26,12.48,2/9/22
51,26,,0.26,13.26,2/10/22
46,26,,0.26,11.96,2/11/22
54,26,,0.26,14.04,2/12/22
100,32,False,0.32,32.0,2/13/22
66,32,,0.32,21.12,2/14/22
58,32,,0.32,18.56,2/15/22
57,32,,0.32,18.24,2/16/22
53,32,,0.32,16.96,2/17/22
55,32,,0.32,17.6,2/18/22
57,32,,0.32,18.24,2/19/22
58,26,False,0.26,15.08,2/20/22
63,26,,0.26,16.38,2/21/22
53,26,,0.26,13.78,2/22/22
51,26,,0.26,13.26,2/23/22
48,26,,0.26,12.48,2/24/22
45,26,,0.26,11.7,2/25/22
46,26,,0.26,11.96,2/26/22
63,26,False,0.26,16.38,2/27/22
49,26,,0.26,12.74,2/28/22
95,26,,0.26,24.7,3/1/22
87,26,,0.26,22.62,3/2/22
83,26,,0.26,21.58,3/3/22
80,26,,0.26,20.8,3/4/22
77,26,,0.26,20.02,3/5/22
95,23,False,0.23,21.85,3/6/22
84,23,,0.23,19.32,3/7/22
83,23,,0.23,19.09,3/8/22
89,23,,0.23,20.47,3/9/22
82,23,,0.23,18.86,3/10/22
78,23,,0.23,17.94,3/11/22
86,23,,0.23,19.78,3/12/22
94,24,False,0.24,22.56,3/13/22
88,24,,0.24,21.119999999999997,3/14/22
92,24,,0.24,22.08,3/15/22
83,24,,0.24,19.92,3/16/22
88,24,,0.24,21.119999999999997,3/17/22
87,24,,0.24,20.88,3/18/22
86,24,,0.24,20.64,3/19/22
99,23,False,0.23,22.77,3/20/22
86,23,,0.23,19.78,3/21/22
89,23,,0.23,20.47,3/22/22
84,23,,0.23,19.32,3/23/22
83,23,,0.23,19.09,3/24/22
81,23,,0.23,18.630000000000003,3/25/22
85,23,,0.23,19.55,3/26/22
100,24,False,0.24,24.0,3/27/22
75,24,,0.24,18.0,3/28/22
78,24,,0.24,18.72,3/29/22
87,24,,0.24,20.88,3/30/22
88,24,,0.24,21.119999999999997,3/31/22
95,24,,0.24,22.8,4/1/22
96,24,,0.24,23.04,4/2/22
96,21,False,0.21,20.16,4/3/22
83,21,,0.21,17.43,4/4/22
90,21,,0.21,18.9,4/5/22
87,21,,0.21,18.27,4/6/22
93,21,,0.21,19.53,4/7/22
82,21,,0.21,17.22,4/8/22
94,21,,0.21,19.74,4/9/22
99,23,False,0.23,22.77,4/10/22
90,23,,0.23,20.7,4/11/22
86,23,,0.23,19.78,4/12/22
87,23,,0.23,20.01,4/13/22
86,23,,0.23,19.78,4/14/22
92,23,,0.23,21.16,4/15/22
92,23,,0.23,21.16,4/16/22
80,23,False,0.23,18.4,4/17/22
95,23,,0.23,21.85,4/18/22
98,23,,0.23,22.540000000000003,4/19/22
91,23,,0.23,20.93,4/20/22
94,23,,0.23,21.62,4/21/22
88,23,,0.23,20.24,4/22/22
89,23,,0.23,20.47,4/23/22
100,23,False,0.23,23.0,4/24/22
88,23,,0.23,20.24,4/25/22
95,23,,0.23,21.85,4/26/22
91,23,,0.23,20.93,4/27/22
94,23,,0.23,21.62,4/28/22
92,23,,0.23,21.16,4/29/22
92,23,,0.23,21.16,4/30/22
81,27,False,0.27,21.87,5/1/22
73,27,,0.27,19.71,5/2/22
99,27,,0.27,26.73,5/3/22
76,27,,0.27,20.520000000000003,5/4/22
61,27,,0.27,16.470000000000002,5/5/22
64,27,,0.27,17.28,5/6/22
63,27,,0.27,17.01,5/7/22
76,32,False,0.32,24.32,5/8/22
93,32,,0.32,29.76,5/9/22
91,32,,0.32,29.12,5/10/22
90,32,,0.32,28.8,5/11/22
88,32,,0.32,28.16,5/12/22
88,32,,0.32,28.16,5/13/22
84,32,,0.32,26.88,5/14/22
100,30,False,0.3,30.0,5/15/22
91,30,,0.3,27.3,5/16/22
88,30,,0.3,26.4,5/17/22
83,30,,0.3,24.9,5/18/22
73,30,,0.3,21.9,5/19/22
69,30,,0.3,20.7,5/20/22
86,30,,0.3,25.8,5/21/22
76,27,False,0.27,20.520000000000003,5/22/22
81,27,,0.27,21.87,5/23/22
75,27,,0.27,20.25,5/24/22
68,27,,0.27,18.36,5/25/22
75,27,,0.27,20.25,5/26/22
89,27,,0.27,24.03,5/27/22
72,27,,0.27,19.44,5/28/22
83,29,False,0.29,24.069999999999997,5/29/22
90,29,,0.29,26.1,5/30/22
84,29,,0.29,24.36,5/31/22
74,29,,0.29,21.459999999999997,6/1/22
77,29,,0.29,22.33,6/2/22
87,29,,0.29,25.229999999999997,6/3/22
67,29,,0.29,19.43,6/4/22
71,26,False,0.26,18.46,6/5/22
98,26,,0.26,25.48,6/6/22
80,26,,0.26,20.8,6/7/22
77,26,,0.26,20.02,6/8/22
85,26,,0.26,22.1,6/9/22
78,26,,0.26,20.28,6/10/22
100,26,,0.26,26.0,6/11/22
78,27,False,0.27,21.06,6/12/22
83,27,,0.27,22.41,6/13/22
93,27,,0.27,25.110000000000003,6/14/22
79,27,,0.27,21.33,6/15/22
75,27,,0.27,20.25,6/16/22
99,27,,0.27,26.73,6/17/22
79,27,,0.27,21.33,6/18/22
77,25,False,0.25,19.25,6/19/22
85,25,,0.25,21.25,6/20/22
80,25,,0.25,20.0,6/21/22
87,25,,0.25,21.75,6/22/22
79,25,,0.25,19.75,6/23/22
77,25,,0.25,19.25,6/24/22
66,25,,0.25,16.5,6/25/22
70,26,False,0.26,18.2,6/26/22
83,26,,0.26,21.58,6/27/22
72,26,,0.26,18.72,6/28/22
89,26,,0.26,23.14,6/29/22
78,26,,0.26,20.28,6/30/22
80,26,,0.26,20.8,7/1/22
77,26,,0.26,20.02,7/2/22
78,25,False,0.25,19.5,7/3/22
90,25,,0.25,22.5,7/4/22
76,25,,0.25,19.0,7/5/22
70,25,,0.25,17.5,7/6/22
79,25,,0.25,19.75,7/7/22
81,25,,0.25,20.25,7/8/22
69,25,,0.25,17.25,7/9/22
70,28,False,0.28,19.6,7/10/22
87,28,,0.28,24.360000000000003,7/11/22
99,28,,0.28,27.72,7/12/22
100,28,,0.28,28.000000000000004,7/13/22
91,28,,0.28,25.480000000000004,7/14/22
80,28,,0.28,22.4,7/15/22
70,28,,0.28,19.6,7/16/22
73,25,False,0.25,18.25,7/17/22
80,25,,0.25,20.0,7/18/22
79,25,,0.25,19.75,7/19/22
83,25,,0.25,20.75,7/20/22
76,25,,0.25,19.0,7/21/22
73,25,,0.25,18.25,7/22/22
68,25,,0.25,17.0,7/23/22
77,27,False,0.27,20.790000000000003,7/24/22
79,27,,0.27,21.33,7/25/22
79,27,,0.27,21.33,7/26/22
80,27,,0.27,21.6,7/27/22
81,27,,0.27,21.87,7/28/22
80,27,,0.27,21.6,7/29/22
79,27,,0.27,21.33,7/30/22
72,23,False,0.23,16.560000000000002,7/31/22
83,23,,0.23,19.09,8/1/22
94,23,,0.23,21.62,8/2/22
88,23,,0.23,20.24,8/3/22
79,23,,0.23,18.17,8/4/22
83,23,,0.23,19.09,8/5/22
75,23,,0.23,17.25,8/6/22
90,25,False,0.25,22.5,8/7/22
92,25,,0.25,23.0,8/8/22
93,25,,0.25,23.25,8/9/22
83,25,,0.25,20.75,8/10/22
95,25,,0.25,23.75,8/11/22
80,25,,0.25,20.0,8/12/22
84,25,,0.25,21.0,8/13/22
90,26,False,0.26,23.4,8/14/22
100,26,,0.26,26.0,8/15/22
89,26,,0.26,23.14,8/16/22
89,26,,0.26,23.14,8/17/22
85,26,,0.26,22.1,8/18/22
85,26,,0.26,22.1,8/19/22
79,26,,0.26,20.54,8/20/22
93,23,False,0.23,21.39,8/21/22
93,23,,0.23,21.39,8/22/22
85,23,,0.23,19.55,8/23/22
99,23,,0.23,22.77,8/24/22
86,23,,0.23,19.78,8/25/22
82,23,,0.23,18.86,8/26/22
85,23,,0.23,19.55,8/27/22
87,24,False,0.24,20.88,8/28/22
79,24,,0.24,18.96,8/29/22
89,24,,0.24,21.36,8/30/22
81,24,,0.24,19.44,8/31/22
74,24,,0.24,17.759999999999998,9/1/22
75,24,,0.24,18.0,9/2/22
77,24,,0.24,18.48,9/3/22
84,24,False,0.24,20.16,9/4/22
100,24,,0.24,24.0,9/5/22
81,24,,0.24,19.44,9/6/22
66,24,,0.24,15.84,9/7/22
64,24,,0.24,15.36,9/8/22
64,24,,0.24,15.36,9/9/22
71,24,,0.24,17.04,9/10/22
61,22,False,0.22,13.42,9/11/22
69,22,,0.22,15.18,9/12/22
68,22,,0.22,14.96,9/13/22
73,22,,0.22,16.06,9/14/22
74,22,,0.22,16.28,9/15/22
74,22,,0.22,16.28,9/16/22
70,22,,0.22,15.4,9/17/22
70,25,False,0.25,17.5,9/18/22
75,25,,0.25,18.75,9/19/22
69,25,,0.25,17.25,9/20/22
62,25,,0.25,15.5,9/21/22
67,25,,0.25,16.75,9/22/22
73,25,,0.25,18.25,9/23/22
70,25,,0.25,17.5,9/24/22
73,23,False,0.23,16.79,9/25/22
70,23,,0.23,16.1,9/26/22
70,23,,0.23,16.1,9/27/22
74,23,,0.23,17.02,9/28/22
74,23,,0.23,17.02,9/29/22
69,23,,0.23,15.87,9/30/22
72,23,,0.23,16.560000000000002,10/1/22
76,26,False,0.26,19.76,10/2/22
82,26,,0.26,21.32,10/3/22
81,26,,0.26,21.06,10/4/22
79,26,,0.26,20.54,10/5/22
86,26,,0.26,22.36,10/6/22
89,26,,0.26,23.14,10/7/22
90,26,,0.26,23.4,10/8/22
93,27,False,0.27,25.110000000000003,10/9/22
88,27,,0.27,23.76,10/10/22
97,27,,0.27,26.19,10/11/22
100,27,,0.27,27.0,10/12/22
87,27,,0.27,23.49,10/13/22
82,27,,0.27,22.14,10/14/22
71,27,,0.27,19.17,10/15/22
82,26,False,0.26,21.32,10/16/22
84,26,,0.26,21.84,10/17/22
82,26,,0.26,21.32,10/18/22
91,26,,0.26,23.66,10/19/22
83,26,,0.26,21.58,10/20/22
80,26,,0.26,20.8,10/21/22
75,26,,0.26,19.5,10/22/22
77,30,False,0.3,23.1,10/23/22
83,30,,0.3,24.9,10/24/22
79,30,,0.3,23.7,10/25/22
84,30,,0.3,25.2,10/26/22
88,30,,0.3,26.4,10/27/22
88,30,,0.3,26.4,10/28/22
74,30,,0.3,22.2,10/29/22
87,26,False,0.26,22.62,10/30/22
79,26,,0.26,20.54,10/31/22
15,26,,0.26,3.9,11/1/22
14,26,,0.26,3.64,11/2/22
17,26,,0.26,4.42,11/3/22
19,26,,0.26,4.94,11/4/22
19,26,,0.26,4.94,11/5/22
18,34,False,0.34,6.12,11/6/22
16,34,,0.34,5.44,11/7/22
16,34,,0.34,5.44,11/8/22
16,34,,0.34,5.44,11/9/22
18,34,,0.34,6.12,11/10/22
24,34,,0.34,8.16,11/11/22
23,34,,0.34,7.82,11/12/22
27,44,False,0.44,11.88,11/13/22
25,44,,0.44,11.0,11/14/22
23,44,,0.44,10.12,11/15/22
24,44,,0.44,10.56,11/16/22
21,44,,0.44,9.24,11/17/22
21,44,,0.44,9.24,11/18/22
28,44,,0.44,12.32,11/19/22
33,96,False,0.96,31.68,11/20/22
31,96,,0.96,29.76,11/21/22
31,96,,0.96,29.76,11/22/22
32,96,,0.96,30.72,11/23/22
64,96,,0.96,61.44,11/24/22
100,96,,0.96,96.0,11/25/22
77,96,,0.96,73.92,11/26/22
61,90,False,0.9,54.9,11/27/22
87,90,,0.9,78.3,11/28/22
65,90,,0.9,58.5,11/29/22
37,90,,0.9,33.300000000000004,11/30/22
99,90,,0.9,89.10000000000001,12/1/22
83,90,,0.9,74.7,12/2/22
90,90,,0.9,81.0,12/3/22
100,48,False,0.48,48.0,12/4/22
92,48,,0.48,44.16,12/5/22
91,48,,0.48,43.68,12/6/22
83,48,,0.48,39.84,12/7/22
82,48,,0.48,39.36,12/8/22
80,48,,0.48,38.4,12/9/22
74,48,,0.48,35.519999999999996,12/10/22
97,44,False,0.44,42.68,12/11/22
91,44,,0.44,40.04,12/12/22
84,44,,0.44,36.96,12/13/22
70,44,,0.44,30.8,12/14/22
70,44,,0.44,30.8,12/15/22
68,44,,0.44,29.92,12/16/22
70,44,,0.44,30.8,12/17/22
63,30,False,0.3,18.9,12/18/22
69,30,,0.3,20.7,12/19/22
58,30,,0.3,17.4,12/20/22
62,30,,0.3,18.6,12/21/22
53,30,,0.3,15.9,12/22/22
53,30,,0.3,15.9,12/23/22
44,30,,0.3,13.2,12/24/22
46,31,False,0.31,14.26,12/25/22
59,31,,0.31,18.29,12/26/22
60,31,,0.31,18.6,12/27/22
62,31,,0.31,19.22,12/28/22
55,31,,0.31,17.05,12/29/22
53,31,,0.31,16.43,12/30/22
47,31,,0.31,14.57,12/31/22
92,23,False,0.23,21.16,1/1/23
93,23,,0.23,21.39,1/2/23
87,23,,0.23,20.01,1/3/23
93,23,,0.23,21.39,1/4/23
87,23,,0.23,20.01,1/5/23
90,23,,0.23,20.7,1/6/23
90,23,,0.23,20.7,1/7/23
98,23,False,0.23,22.540000000000003,1/8/23
100,23,,0.23,23.0,1/9/23
91,23,,0.23,20.93,1/10/23
91,23,,0.23,20.93,1/11/23
91,23,,0.23,20.93,1/12/23
92,23,,0.23,21.16,1/13/23
99,23,,0.23,22.77,1/14/23
85,23,False,0.23,19.55,1/15/23
98,23,,0.23,22.540000000000003,1/16/23
89,23,,0.23,20.47,1/17/23
90,23,,0.23,20.7,1/18/23
86,23,,0.23,19.78,1/19/23
92,23,,0.23,21.16,1/20/23
89,23,,0.23,20.47,1/21/23
84,22,False,0.22,18.48,1/22/23
93,22,,0.22,20.46,1/23/23
84,22,,0.22,18.48,1/24/23
86,22,,0.22,18.92,1/25/23
86,22,,0.22,18.92,1/26/23
91,22,,0.22,20.02,1/27/23
97,22,,0.22,21.34,1/28/23
88,23,False,0.23,20.24,1/29/23
91,23,,0.23,20.93,1/30/23
84,23,,0.23,19.32,1/31/23
36,23,,0.23,8.280000000000001,2/1/23
37,23,,0.23,8.51,2/2/23
36,23,,0.23,8.280000000000001,2/3/23
38,23,,0.23,8.74,2/4/23
40,25,False,0.25,10.0,2/5/23
40,25,,0.25,10.0,2/6/23
37,25,,0.25,9.25,2/7/23
36,25,,0.25,9.0,2/8/23
36,25,,0.25,9.0,2/9/23
38,25,,0.25,9.5,2/10/23
35,25,,0.25,8.75,2/11/23
41,34,False,0.34,13.94,2/12/23
100,34,,0.34,34.0,2/13/23
41,34,,0.34,13.94,2/14/23
39,34,,0.34,13.260000000000002,2/15/23
40,34,,0.34,13.6,2/16/23
37,34,,0.34,12.58,2/17/23
41,34,,0.34,13.94,2/18/23
43,26,False,0.26,11.18,2/19/23
44,26,,0.26,11.44,2/20/23
40,26,,0.26,10.4,2/21/23
39,26,,0.26,10.14,2/22/23
35,26,,0.26,9.1,2/23/23
35,26,,0.26,9.1,2/24/23
40,26,,0.26,10.4,2/25/23
37,24,False,0.24,8.879999999999999,2/26/23
38,24,,0.24,9.12,2/27/23
38,24,,0.24,9.12,2/28/23
84,24,,0.24,20.16,3/1/23
79,24,,0.24,18.96,3/2/23
87,24,,0.24,20.88,3/3/23
89,24,,0.24,21.36,3/4/23
96,22,False,0.22,21.12,3/5/23
80,22,,0.22,17.6,3/6/23
85,22,,0.22,18.7,3/7/23
85,22,,0.22,18.7,3/8/23
88,22,,0.22,19.36,3/9/23
87,22,,0.22,19.14,3/10/23
85,22,,0.22,18.7,3/11/23
100,24,False,0.24,24.0,3/12/23
89,24,,0.24,21.36,3/13/23
89,24,,0.24,21.36,3/14/23
88,24,,0.24,21.119999999999997,3/15/23
78,24,,0.24,18.72,3/16/23
90,24,,0.24,21.6,3/17/23
89,24,,0.24,21.36,3/18/23
92,24,False,0.24,22.08,3/19/23
88,24,,0.24,21.119999999999997,3/20/23
83,24,,0.24,19.92,3/21/23
81,24,,0.24,19.44,3/22/23
79,24,,0.24,18.96,3/23/23
91,24,,0.24,21.84,3/24/23
96,24,,0.24,23.04,3/25/23
95,25,False,0.25,23.75,3/26/23
96,25,,0.25,24.0,3/27/23
87,25,,0.25,21.75,3/28/23
86,25,,0.25,21.5,3/29/23
90,25,,0.25,22.5,3/30/23
82,25,,0.25,20.5,3/31/23
86,25,,0.25,21.5,4/1/23
89,23,False,0.23,20.47,4/2/23
81,23,,0.23,18.630000000000003,4/3/23
75,23,,0.23,17.25,4/4/23
79,23,,0.23,18.17,4/5/23
82,23,,0.23,18.86,4/6/23
75,23,,0.23,17.25,4/7/23
73,23,,0.23,16.79,4/8/23
80,23,False,0.23,18.4,4/9/23
81,23,,0.23,18.630000000000003,4/10/23
80,23,,0.23,18.4,4/11/23
80,23,,0.23,18.4,4/12/23
83,23,,0.23,19.09,4/13/23
75,23,,0.23,17.25,4/14/23
79,23,,0.23,18.17,4/15/23
89,22,False,0.22,19.58,4/16/23
77,22,,0.22,16.94,4/17/23
76,22,,0.22,16.72,4/18/23
77,22,,0.22,16.94,4/19/23
78,22,,0.22,17.16,4/20/23
76,22,,0.22,16.72,4/21/23
78,22,,0.22,17.16,4/22/23
95,23,False,0.23,21.85,4/23/23
87,23,,0.23,20.01,4/24/23
83,23,,0.23,19.09,4/25/23
85,23,,0.23,19.55,4/26/23
82,23,,0.23,18.86,4/27/23
78,23,,0.23,17.94,4/28/23
83,23,,0.23,19.09,4/29/23
100,23,False,0.23,23.0,4/30/23
48,23,,0.23,11.04,5/1/23
47,23,,0.23,10.81,5/2/23
48,23,,0.23,11.04,5/3/23
51,23,,0.23,11.73,5/4/23
51,23,,0.23,11.73,5/5/23
42,23,,0.23,9.66,5/6/23
51,37,False,0.37,18.87,5/7/23
82,37,,0.37,30.34,5/8/23
100,37,,0.37,37.0,5/9/23
69,37,,0.37,25.53,5/10/23
67,37,,0.37,24.79,5/11/23
54,37,,0.37,19.98,5/12/23
64,37,,0.37,23.68,5/13/23
59,28,False,0.28,16.520000000000003,5/14/23
74,28,,0.28,20.72,5/15/23
58,28,,0.28,16.240000000000002,5/16/23
55,28,,0.28,15.400000000000002,5/17/23
52,28,,0.28,14.560000000000002,5/18/23
46,28,,0.28,12.88,5/19/23
49,28,,0.28,13.72,5/20/23
52,26,False,0.26,13.52,5/21/23
52,26,,0.26,13.52,5/22/23
55,26,,0.26,14.3,5/23/23
49,26,,0.26,12.74,5/24/23
53,26,,0.26,13.78,5/25/23
52,26,,0.26,13.52,5/26/23
52,26,,0.26,13.52,5/27/23
60,26,False,0.26,15.6,5/28/23
67,26,,0.26,17.42,5/29/23
61,26,,0.26,15.86,5/30/23
48,26,,0.26,12.48,5/31/23
92,26,,0.26,23.92,6/1/23
79,26,,0.26,20.54,6/2/23
85,26,,0.26,22.1,6/3/23
98,24,False,0.24,23.52,6/4/23
95,24,,0.24,22.8,6/5/23
87,24,,0.24,20.88,6/6/23
91,24,,0.24,21.84,6/7/23
85,24,,0.24,20.4,6/8/23
86,24,,0.24,20.64,6/9/23
81,24,,0.24,19.44,6/10/23
86,25,False,0.25,21.5,6/11/23
100,25,,0.25,25.0,6/12/23
93,25,,0.25,23.25,6/13/23
89,25,,0.25,22.25,6/14/23
90,25,,0.25,22.5,6/15/23
89,25,,0.25,22.25,6/16/23
76,25,,0.25,19.0,6/17/23
83,22,False,0.22,18.26,6/18/23
82,22,,0.22,18.04,6/19/23
85,22,,0.22,18.7,6/20/23
83,22,,0.22,18.26,6/21/23
73,22,,0.22,16.06,6/22/23
82,22,,0.22,18.04,6/23/23
81,22,,0.22,17.82,6/24/23
90,25,False,0.25,22.5,6/25/23
91,25,,0.25,22.75,6/26/23
85,25,,0.25,21.25,6/27/23
80,25,,0.25,20.0,6/28/23
90,25,,0.25,22.5,6/29/23
85,25,,0.25,21.25,6/30/23
80,25,,0.25,20.0,7/1/23
89,24,False,0.24,21.36,7/2/23
78,24,,0.24,18.72,7/3/23
86,24,,0.24,20.64,7/4/23
91,24,,0.24,21.84,7/5/23
83,24,,0.24,19.92,7/6/23
81,24,,0.24,19.44,7/7/23
75,24,,0.24,18.0,7/8/23
88,27,False,0.27,23.76,7/9/23
96,27,,0.27,25.92,7/10/23
100,27,,0.27,27.0,7/11/23
98,27,,0.27,26.46,7/12/23
99,27,,0.27,26.73,7/13/23
82,27,,0.27,22.14,7/14/23
81,27,,0.27,21.87,7/15/23
91,24,False,0.24,21.84,7/16/23
90,24,,0.24,21.6,7/17/23
97,24,,0.24,23.28,7/18/23
81,24,,0.24,19.44,7/19/23
74,24,,0.24,17.759999999999998,7/20/23
73,24,,0.24,17.52,7/21/23
75,24,,0.24,18.0,7/22/23
75,23,False,0.23,17.25,7/23/23
78,23,,0.23,17.94,7/24/23
78,23,,0.23,17.94,7/25/23
89,23,,0.23,20.47,7/26/23
78,23,,0.23,17.94,7/27/23
83,23,,0.23,19.09,7/28/23
76,23,,0.23,17.48,7/29/23
79,24,False,0.24,18.96,7/30/23
82,24,,0.24,19.68,7/31/23
93,24,,0.24,22.32,8/1/23
99,24,,0.24,23.76,8/2/23
90,24,,0.24,21.6,8/3/23
94,24,,0.24,22.56,8/4/23
91,24,,0.24,21.84,8/5/23
97,25,False,0.25,24.25,8/6/23
84,25,,0.25,21.0,8/7/23
91,25,,0.25,22.75,8/8/23
81,25,,0.25,20.25,8/9/23
90,25,,0.25,22.5,8/10/23
88,25,,0.25,22.0,8/11/23
79,25,,0.25,19.75,8/12/23
95,24,False,0.24,22.8,8/13/23
96,24,,0.24,23.04,8/14/23
100,24,,0.24,24.0,8/15/23
93,24,,0.24,22.32,8/16/23
89,24,,0.24,21.36,8/17/23
86,24,,0.24,20.64,8/18/23
82,24,,0.24,19.68,8/19/23
82,22,False,0.22,18.04,8/20/23
83,22,,0.22,18.26,8/21/23
83,22,,0.22,18.26,8/22/23
88,22,,0.22,19.36,8/23/23
92,22,,0.22,20.24,8/24/23
93,22,,0.22,20.46,8/25/23
82,22,,0.22,18.04,8/26/23
97,23,False,0.23,22.31,8/27/23
86,23,,0.23,19.78,8/28/23
97,23,,0.23,22.31,8/29/23
94,23,,0.23,21.62,8/30/23
82,23,,0.23,18.86,8/31/23
69,23,,0.23,15.87,9/1/23
71,23,,0.23,16.330000000000002,9/2/23
82,24,False,0.24,19.68,9/3/23
100,24,,0.24,24.0,9/4/23
76,24,,0.24,18.24,9/5/23
63,24,,0.24,15.12,9/6/23
59,24,,0.24,14.16,9/7/23
56,24,,0.24,13.44,9/8/23
49,24,,0.24,11.76,9/9/23
62,21,False,0.21,13.02,9/10/23
62,21,,0.21,13.02,9/11/23
65,21,,0.21,13.65,9/12/23
62,21,,0.21,13.02,9/13/23
67,21,,0.21,14.07,9/14/23
61,21,,0.21,12.81,9/15/23
61,21,,0.21,12.81,9/16/23
68,22,False,0.22,14.96,9/17/23
69,22,,0.22,15.18,9/18/23
63,22,,0.22,13.86,9/19/23
66,22,,0.22,14.52,9/20/23
60,22,,0.22,13.2,9/21/23
68,22,,0.22,14.96,9/22/23
67,22,,0.22,14.74,9/23/23
68,22,False,0.22,14.96,9/24/23
62,22,,0.22,13.64,9/25/23
63,22,,0.22,13.86,9/26/23
66,22,,0.22,14.52,9/27/23
58,22,,0.22,12.76,9/28/23
66,22,,0.22,14.52,9/29/23
60,22,,0.22,13.2,9/30/23
78,21,False,0.21,16.38,10/1/23
77,21,,0.21,16.169999999999998,10/2/23
77,21,,0.21,16.169999999999998,10/3/23
76,21,,0.21,15.96,10/4/23
75,21,,0.21,15.75,10/5/23
78,21,,0.21,16.38,10/6/23
80,21,,0.21,16.8,10/7/23
87,23,False,0.23,20.01,10/8/23
94,23,,0.23,21.62,10/9/23
100,23,,0.23,23.0,10/10/23
94,23,,0.23,21.62,10/11/23
81,23,,0.23,18.630000000000003,10/12/23
81,23,,0.23,18.630000000000003,10/13/23
75,23,,0.23,17.25,10/14/23
85,22,False,0.22,18.7,10/15/23
84,22,,0.22,18.48,10/16/23
80,22,,0.22,17.6,10/17/23
83,22,,0.22,18.26,10/18/23
77,22,,0.22,16.94,10/19/23
65,22,,0.22,14.3,10/20/23
77,22,,0.22,16.94,10/21/23
82,22,False,0.22,18.04,10/22/23
76,22,,0.22,16.72,10/23/23
82,22,,0.22,18.04,10/24/23
80,22,,0.22,17.6,10/25/23
71,22,,0.22,15.62,10/26/23
74,22,,0.22,16.28,10/27/23
73,22,,0.22,16.06,10/28/23
83,24,False,0.24,19.92,10/29/23
92,24,,0.24,22.08,10/30/23
86,24,,0.24,20.64,10/31/23
13,24,,0.24,3.12,11/1/23
15,24,,0.24,3.5999999999999996,11/2/23
15,24,,0.24,3.5999999999999996,11/3/23
15,24,,0.24,3.5999999999999996,11/4/23
16,29,False,0.29,4.64,11/5/23
16,29,,0.29,4.64,11/6/23
15,29,,0.29,4.35,11/7/23
16,29,,0.29,4.64,11/8/23
16,29,,0.29,4.64,11/9/23
18,29,,0.29,5.22,11/10/23
23,29,,0.29,6.67,11/11/23
22,35,False,0.35,7.699999999999999,11/12/23
18,35,,0.35,6.3,11/13/23
18,35,,0.35,6.3,11/14/23
19,35,,0.35,6.6499999999999995,11/15/23
18,35,,0.35,6.3,11/16/23
22,35,,0.35,7.699999999999999,11/17/23
24,35,,0.35,8.399999999999999,11/18/23
24,88,False,0.88,21.12,11/19/23
26,88,,0.88,22.88,11/20/23
30,88,,0.88,26.4,11/21/23
37,88,,0.88,32.56,11/22/23
58,88,,0.88,51.04,11/23/23
100,88,,0.88,88.0,11/24/23
80,88,,0.88,70.4,11/25/23
58,79,False,0.79,45.82,11/26/23
82,79,,0.79,64.78,11/27/23
68,79,,0.79,53.72,11/28/23
33,79,,0.79,26.07,11/29/23
29,79,,0.79,22.91,11/30/23
100,79,,0.79,79.0,12/1/23
89,79,,0.79,70.31,12/2/23
99,42,False,0.42,41.58,12/3/23
94,42,,0.42,39.48,12/4/23
95,42,,0.42,39.9,12/5/23
80,42,,0.42,33.6,12/6/23
81,42,,0.42,34.019999999999996,12/7/23
74,42,,0.42,31.08,12/8/23
78,42,,0.42,32.76,12/9/23
85,36,False,0.36,30.6,12/10/23
91,36,,0.36,32.76,12/11/23
87,36,,0.36,31.32,12/12/23
73,36,,0.36,26.28,12/13/23
76,36,,0.36,27.36,12/14/23
73,36,,0.36,26.28,12/15/23
70,36,,0.36,25.2,12/16/23
73,28,False,0.28,20.44,12/17/23
66,28,,0.28,18.48,12/18/23
63,28,,0.28,17.64,12/19/23
60,28,,0.28,16.8,12/20/23
57,28,,0.28,15.96,12/21/23
51,28,,0.28,14.28,12/22/23
51,28,,0.28,14.28,12/23/23
49,24,False,0.24,11.76,12/24/23
45,24,,0.24,10.8,12/25/23
59,24,,0.24,14.16,12/26/23
61,24,,0.24,14.64,12/27/23
54,24,,0.24,12.96,12/28/23
54,24,,0.24,12.96,12/29/23
51,24,,0.24,12.24,12/30/23
48,23,False,0.23,11.04,12/31/23
92,23,,0.23,21.16,1/1/24
82,23,,0.23,18.86,1/2/24
100,23,,0.23,23.0,1/3/24
87,23,,0.23,20.01,1/4/24
85,23,,0.23,19.55,1/5/24
75,23,,0.23,17.25,1/6/24
88,23,False,0.23,20.24,1/7/24
82,23,,0.23,18.86,1/8/24
77,23,,0.23,17.71,1/9/24
88,23,,0.23,20.24,1/10/24
84,23,,0.23,19.32,1/11/24
78,23,,0.23,17.94,1/12/24
75,23,,0.23,17.25,1/13/24
92,22,False,0.22,20.24,1/14/24
81,22,,0.22,17.82,1/15/24
79,22,,0.22,17.38,1/16/24
77,22,,0.22,16.94,1/17/24
81,22,,0.22,17.82,1/18/24
81,22,,0.22,17.82,1/19/24
76,22,,0.22,16.72,1/20/24
91,21,False,0.21,19.11,1/21/24
89,21,,0.21,18.69,1/22/24
81,21,,0.21,17.009999999999998,1/23/24
70,21,,0.21,14.7,1/24/24
81,21,,0.21,17.009999999999998,1/25/24
79,21,,0.21,16.59,1/26/24
76,21,,0.21,15.96,1/27/24
78,22,False,0.22,17.16,1/28/24
85,22,,0.22,18.7,1/29/24
78,22,,0.22,17.16,1/30/24
77,22,,0.22,16.94,1/31/24
63,22,,0.22,13.86,2/1/24
61,22,,0.22,13.42,2/2/24
65,22,,0.22,14.3,2/3/24
62,20,False,0.2,12.4,2/4/24
66,20,,0.2,13.2,2/5/24
57,20,,0.2,11.4,2/6/24
71,20,,0.2,14.2,2/7/24
65,20,,0.2,13.0,2/8/24
66,20,,0.2,13.2,2/9/24
61,20,,0.2,12.2,2/10/24
69,23,False,0.23,15.87,2/11/24
70,23,,0.23,16.1,2/12/24
75,23,,0.23,17.25,2/13/24
67,23,,0.23,15.41,2/14/24
78,23,,0.23,17.94,2/15/24
78,23,,0.23,17.94,2/16/24
81,23,,0.23,18.630000000000003,2/17/24
88,25,False,0.25,22.0,2/18/24
100,25,,0.25,25.0,2/19/24
90,25,,0.25,22.5,2/20/24
70,25,,0.25,17.5,2/21/24
71,25,,0.25,17.75,2/22/24
70,25,,0.25,17.5,2/23/24
74,25,,0.25,18.5,2/24/24
70,22,False,0.22,15.4,2/25/24
75,22,,0.22,16.5,2/26/24
77,22,,0.22,16.94,2/27/24
66,22,,0.22,14.52,2/28/24
74,22,,0.22,16.28,2/29/24
73,22,,0.22,16.06,3/1/24
78,22,,0.22,17.16,3/2/24
84,23,False,0.23,19.32,3/3/24
78,23,,0.23,17.94,3/4/24
83,23,,0.23,19.09,3/5/24
78,23,,0.23,17.94,3/6/24
77,23,,0.23,17.71,3/7/24
75,23,,0.23,17.25,3/8/24
83,23,,0.23,19.09,3/9/24
91,23,False,0.23,20.93,3/10/24
70,23,,0.23,16.1,3/11/24
75,23,,0.23,17.25,3/12/24
79,23,,0.23,18.17,3/13/24
78,23,,0.23,17.94,3/14/24
79,23,,0.23,18.17,3/15/24
75,23,,0.23,17.25,3/16/24
100,25,False,0.25,25.0,3/17/24
91,25,,0.25,22.75,3/18/24
82,25,,0.25,20.5,3/19/24
83,25,,0.25,20.75,3/20/24
78,25,,0.25,19.5,3/21/24
79,25,,0.25,19.75,3/22/24
74,25,,0.25,18.5,3/23/24
87,22,False,0.22,19.14,3/24/24
75,22,,0.22,16.5,3/25/24
76,22,,0.22,16.72,3/26/24
72,22,,0.22,15.84,3/27/24
76,22,,0.22,16.72,3/28/24
73,22,,0.22,16.06,3/29/24
79,22,,0.22,17.38,3/30/24
78,23,False,0.23,17.94,3/31/24
99,23,,0.23,22.77,4/1/24
92,23,,0.23,21.16,4/2/24
93,23,,0.23,21.39,4/3/24
85,23,,0.23,19.55,4/4/24
96,23,,0.23,22.08,4/5/24
97,23,,0.23,22.31,4/6/24
93,22,False,0.22,20.46,4/7/24
75,22,,0.22,16.5,4/8/24
89,22,,0.22,19.58,4/9/24
86,22,,0.22,18.92,4/10/24
100,22,,0.22,22.0,4/11/24
90,22,,0.22,19.8,4/12/24
94,22,,0.22,20.68,4/13/24
93,21,False,0.21,19.53,4/14/24
96,21,,0.21,20.16,4/15/24
97,21,,0.21,20.37,4/16/24
81,21,,0.21,17.009999999999998,4/17/24
72,21,,0.21,15.12,4/18/24
80,21,,0.21,16.8,4/19/24
88,21,,0.21,18.48,4/20/24
92,21,False,0.21,19.32,4/21/24
91,21,,0.21,19.11,4/22/24
89,21,,0.21,18.69,4/23/24
83,21,,0.21,17.43,4/24/24
88,21,,0.21,18.48,4/25/24
84,21,,0.21,17.64,4/26/24
90,21,,0.21,18.9,4/27/24
89,24,False,0.24,21.36,4/28/24
95,24,,0.24,22.8,4/29/24
95,24,,0.24,22.8,4/30/24
42,24,,0.24,10.08,5/1/24
41,24,,0.24,9.84,5/2/24
39,24,,0.24,9.36,5/3/24
38,24,,0.24,9.12,5/4/24
42,35,False,0.35,14.7,5/5/24
56,35,,0.35,19.6,5/6/24
100,35,,0.35,35.0,5/7/24
60,35,,0.35,21.0,5/8/24
46,35,,0.35,16.099999999999998,5/9/24
44,35,,0.35,15.4,5/10/24
44,35,,0.35,15.4,5/11/24
50,27,False,0.27,13.5,5/12/24
53,27,,0.27,14.31,5/13/24
48,27,,0.27,12.96,5/14/24
47,27,,0.27,12.69,5/15/24
37,27,,0.27,9.99,5/16/24
35,27,,0.27,9.45,5/17/24
37,27,,0.27,9.99,5/18/24
41,27,False,0.27,11.07,5/19/24
39,27,,0.27,10.53,5/20/24
44,27,,0.27,11.88,5/21/24
43,27,,0.27,11.61,5/22/24
40,27,,0.27,10.8,5/23/24
45,27,,0.27,12.15,5/24/24
49,27,,0.27,13.23,5/25/24
50,26,False,0.26,13.0,5/26/24
55,26,,0.26,14.3,5/27/24
46,26,,0.26,11.96,5/28/24
35,26,,0.26,9.1,5/29/24
37,26,,0.26,9.62,5/30/24
34,26,,0.26,8.84,5/31/24
89,26,,0.26,23.14,6/1/24
97,23,False,0.23,22.31,6/2/24
95,23,,0.23,21.85,6/3/24
96,23,,0.23,22.08,6/4/24
96,23,,0.23,22.08,6/5/24
92,23,,0.23,21.16,6/6/24
88,23,,0.23,20.24,6/7/24
98,23,,0.23,22.540000000000003,6/8/24
100,24,False,0.24,24.0,6/9/24
99,24,,0.24,23.76,6/10/24
100,24,,0.24,24.0,6/11/24
93,24,,0.24,22.32,6/12/24
96,24,,0.24,23.04,6/13/24
83,24,,0.24,19.92,6/14/24
89,24,,0.24,21.36,6/15/24
91,23,False,0.23,20.93,6/16/24
92,23,,0.23,21.16,6/17/24
93,23,,0.23,21.39,6/18/24
90,23,,0.23,20.7,6/19/24
80,23,,0.23,18.4,6/20/24
95,23,,0.23,21.85,6/21/24
88,23,,0.23,20.24,6/22/24
97,23,False,0.23,22.31,6/23/24
90,23,,0.23,20.7,6/24/24
96,23,,0.23,22.08,6/25/24
87,23,,0.23,20.01,6/26/24
88,23,,0.23,20.24,6/27/24
85,23,,0.23,19.55,6/28/24
94,23,,0.23,21.62,6/29/24
100,25,False,0.25,25.0,6/30/24
72,25,,0.25,18.0,7/1/24
81,25,,0.25,20.25,7/2/24
78,25,,0.25,19.5,7/3/24
78,25,,0.25,19.5,7/4/24
78,25,,0.25,19.5,7/5/24
74,25,,0.25,18.5,7/6/24
82,23,False,0.23,18.86,7/7/24
74,23,,0.23,17.02,7/8/24
73,23,,0.23,16.79,7/9/24
83,23,,0.23,19.09,7/10/24
73,23,,0.23,16.79,7/11/24
78,23,,0.23,17.94,7/12/24
71,23,,0.23,16.330000000000002,7/13/24
62,24,False,0.24,14.88,7/14/24
87,24,,0.24,20.88,7/15/24
100,24,,0.24,24.0,7/16/24
96,24,,0.24,23.04,7/17/24
82,24,,0.24,19.68,7/18/24
70,24,,0.24,16.8,7/19/24
80,24,,0.24,19.2,7/20/24
76,23,False,0.23,17.48,7/21/24
68,23,,0.23,15.64,7/22/24
73,23,,0.23,16.79,7/23/24
76,23,,0.23,17.48,7/24/24
74,23,,0.23,17.02,7/25/24
66,23,,0.23,15.18,7/26/24
65,23,,0.23,14.95,7/27/24
73,23,False,0.23,16.79,7/28/24
74,23,,0.23,17.02,7/29/24
82,23,,0.23,18.86,7/30/24
71,23,,0.23,16.330000000000002,7/31/24
80,23,,0.23,18.4,8/1/24
79,23,,0.23,18.17,8/2/24
71,23,,0.23,16.330000000000002,8/3/24
82,25,False,0.25,20.5,8/4/24
82,25,,0.25,20.5,8/5/24
86,25,,0.25,21.5,8/6/24
76,25,,0.25,19.0,8/7/24
81,25,,0.25,20.25,8/8/24
91,25,,0.25,22.75,8/9/24
88,25,,0.25,22.0,8/10/24
93,25,False,0.25,23.25,8/11/24
100,25,,0.25,25.0,8/12/24
95,25,,0.25,23.75,8/13/24
91,25,,0.25,22.75,8/14/24
96,25,,0.25,24.0,8/15/24
85,25,,0.25,21.25,8/16/24
81,25,,0.25,20.25,8/17/24
78,24,False,0.24,18.72,8/18/24
84,24,,0.24,20.16,8/19/24
85,24,,0.24,20.4,8/20/24
78,24,,0.24,18.72,8/21/24
89,24,,0.24,21.36,8/22/24
81,24,,0.24,19.44,8/23/24
88,24,,0.24,21.119999999999997,8/24/24
95,24,False,0.24,22.8,8/25/24
87,24,,0.24,20.88,8/26/24
88,24,,0.24,21.119999999999997,8/27/24
84,24,,0.24,20.16,8/28/24
88,24,,0.24,21.119999999999997,8/29/24
92,24,,0.24,22.08,8/30/24
93,24,,0.24,22.32,8/31/24
83,25,False,0.25,20.75,9/1/24
100,25,,0.25,25.0,9/2/24
79,25,,0.25,19.75,9/3/24
68,25,,0.25,17.0,9/4/24
55,25,,0.25,13.75,9/5/24
62,25,,0.25,15.5,9/6/24
61,25,,0.25,15.25,9/7/24
61,25,False,0.25,15.25,9/8/24
54,25,,0.25,13.5,9/9/24
57,25,,0.25,14.25,9/10/24
54,25,,0.25,13.5,9/11/24
62,25,,0.25,15.5,9/12/24
64,25,,0.25,16.0,9/13/24
66,25,,0.25,16.5,9/14/24
63,21,False,0.21,13.23,9/15/24
67,21,,0.21,14.07,9/16/24
69,21,,0.21,14.49,9/17/24
64,21,,0.21,13.44,9/18/24
59,21,,0.21,12.39,9/19/24
61,21,,0.21,12.81,9/20/24
61,21,,0.21,12.81,9/21/24
68,21,False,0.21,14.28,9/22/24
65,21,,0.21,13.65,9/23/24
61,21,,0.21,12.81,9/24/24
60,21,,0.21,12.6,9/25/24
56,21,,0.21,11.76,9/26/24
54,21,,0.21,11.34,9/27/24
56,21,,0.21,11.76,9/28/24
65,20,False,0.2,13.0,9/29/24
54,20,,0.2,10.8,9/30/24
66,20,,0.2,13.2,10/1/24
73,20,,0.2,14.6,10/2/24
76,20,,0.2,15.2,10/3/24
80,20,,0.2,16.0,10/4/24
72,20,,0.2,14.4,10/5/24
79,24,False,0.24,18.96,10/6/24
98,24,,0.24,23.52,10/7/24
92,24,,0.24,22.08,10/8/24
100,24,,0.24,24.0,10/9/24
91,24,,0.24,21.84,10/10/24
76,24,,0.24,18.24,10/11/24
71,24,,0.24,17.04,10/12/24
79,20,False,0.2,15.8,10/13/24
81,20,,0.2,16.2,10/14/24
82,20,,0.2,16.400000000000002,10/15/24
75,20,,0.2,15.0,10/16/24
70,20,,0.2,14.0,10/17/24
64,20,,0.2,12.8,10/18/24
67,20,,0.2,13.4,10/19/24
76,21,False,0.21,15.96,10/20/24
74,21,,0.21,15.54,10/21/24
74,21,,0.21,15.54,10/22/24
78,21,,0.21,16.38,10/23/24
69,21,,0.21,14.49,10/24/24
77,21,,0.21,16.169999999999998,10/25/24
75,21,,0.21,15.75,10/26/24
83,20,False,0.2,16.6,10/27/24
73,20,,0.2,14.6,10/28/24
79,20,,0.2,15.8,10/29/24
70,20,,0.2,14.0,10/30/24
72,20,,0.2,14.4,10/31/24
13,20,,0.2,2.6,11/1/24
14,20,,0.2,2.8000000000000003,11/2/24
14,24,False,0.24,3.36,11/3/24
13,24,,0.24,3.12,11/4/24
14,24,,0.24,3.36,11/5/24
10,24,,0.24,2.4,11/6/24
15,24,,0.24,3.5999999999999996,11/7/24
15,24,,0.24,3.5999999999999996,11/8/24
18,24,,0.24,4.32,11/9/24
19,31,False,0.31,5.89,11/10/24
22,31,,0.31,6.82,11/11/24
22,31,,0.31,6.82,11/12/24
19,31,,0.31,5.89,11/13/24
20,31,,0.31,6.2,11/14/24
19,31,,0.31,5.89,11/15/24
18,31,,0.31,5.58,11/16/24
23,40,False,0.4,9.2,11/17/24
21,40,,0.4,8.4,11/18/24
21,40,,0.4,8.4,11/19/24
22,40,,0.4,8.8,11/20/24
24,40,,0.4,9.6,11/21/24
26,40,,0.4,10.4,11/22/24
28,40,,0.4,11.2,11/23/24
31,85,False,0.85,26.35,11/24/24
32,85,,0.85,27.2,11/25/24
35,85,,0.85,29.75,11/26/24
36,85,,0.85,30.6,11/27/24
51,85,,0.85,43.35,11/28/24
100,85,,0.85,85.0,11/29/24
77,85,,0.85,65.45,11/30/24
74,68,False,0.68,50.32,12/1/24
100,68,,0.68,68.0,12/2/24
85,68,,0.68,57.8,12/3/24
42,68,,0.68,28.56,12/4/24
31,68,,0.68,21.08,12/5/24
31,68,,0.68,21.08,12/6/24
35,68,,0.68,23.8,12/7/24
34,33,False,0.33,11.22,12/8/24
33,33,,0.33,10.89,12/9/24
32,33,,0.33,10.56,12/10/24
29,33,,0.33,9.57,12/11/24
30,33,,0.33,9.9,12/12/24
29,33,,0.33,9.57,12/13/24
30,33,,0.33,9.9,12/14/24
30,28,False,0.28,8.4,12/15/24
29,28,,0.28,8.120000000000001,12/16/24
27,28,,0.28,7.56,12/17/24
25,28,,0.28,7.000000000000001,12/18/24
25,28,,0.28,7.000000000000001,12/19/24
20,28,,0.28,5.6000000000000005,12/20/24
22,28,,0.28,6.16,12/21/24
21,24,False,0.24,5.04,12/22/24
22,24,,0.24,5.279999999999999,12/23/24
19,24,,0.24,4.56,12/24/24
16,24,,0.24,3.84,12/25/24
26,24,,0.24,6.24,12/26/24
24,24,,0.24,5.76,12/27/24
19,24,,0.24,4.56,12/28/24
21,23,False,0.23,4.83,12/29/24
21,23,,0.23,4.83,12/30/24
20,23,,0.23,4.6000000000000005,12/31/24
86,23,,0.23,19.78,1/1/25
97,23,,0.23,22.31,1/2/25
98,23,,0.23,22.540000000000003,1/3/25
85,23,,0.23,19.55,1/4/25
100,21,False,0.21,21.0,1/5/25
96,21,,0.21,20.16,1/6/25
85,21,,0.21,17.849999999999998,1/7/25
82,21,,0.21,17.22,1/8/25
84,21,,0.21,17.64,1/9/25
84,21,,0.21,17.64,1/10/25
88,21,,0.21,18.48,1/11/25
91,20,False,0.2,18.2,1/12/25
87,20,,0.2,17.400000000000002,1/13/25
83,20,,0.2,16.6,1/14/25
89,20,,0.2,17.8,1/15/25
80,20,,0.2,16.0,1/16/25
85,20,,0.2,17.0,1/17/25
84,20,,0.2,16.8,1/18/25
90,20,False,0.2,18.0,1/19/25
98,20,,0.2,19.6,1/20/25
91,20,,0.2,18.2,1/21/25
77,20,,0.2,15.4,1/22/25
85,20,,0.2,17.0,1/23/25
77,20,,0.2,15.4,1/24/25
74,20,,0.2,14.8,1/25/25
90,19,False,0.19,17.1,1/26/25
80,19,,0.19,15.2,1/27/25
75,19,,0.19,14.25,1/28/25
76,19,,0.19,14.44,1/29/25
75,19,,0.19,14.25,1/30/25
79,19,,0.19,15.01,1/31/25
65,19,,0.19,12.35,2/1/25
69,19,False,0.19,13.11,2/2/25
67,19,,0.19,12.73,2/3/25
68,19,,0.19,12.92,2/4/25
67,19,,0.19,12.73,2/5/25
75,19,,0.19,14.25,2/6/25
71,19,,0.19,13.49,2/7/25
65,19,,0.19,12.35,2/8/25
72,20,False,0.2,14.4,2/9/25
70,20,,0.2,14.0,2/10/25
76,20,,0.2,15.2,2/11/25
65,20,,0.2,13.0,2/12/25
70,20,,0.2,14.0,2/13/25
76,20,,0.2,15.2,2/14/25
100,20,,0.2,20.0,2/15/25
97,22,False,0.22,21.34,2/16/25
91,22,,0.22,20.02,2/17/25
90,22,,0.22,19.8,2/18/25
78,22,,0.22,17.16,2/19/25
72,22,,0.22,15.84,2/20/25
72,22,,0.22,15.84,2/21/25
73,22,,0.22,16.06,2/22/25
91,20,False,0.2,18.2,2/23/25
81,20,,0.2,16.2,2/24/25
74,20,,0.2,14.8,2/25/25
76,20,,0.2,15.2,2/26/25
67,20,,0.2,13.4,2/27/25
70,20,,0.2,14.0,2/28/25
81,20,,0.2,16.2,3/1/25
85,20,False,0.2,17.0,3/2/25
72,20,,0.2,14.4,3/3/25
69,20,,0.2,13.8,3/4/25
75,20,,0.2,15.0,3/5/25
72,20,,0.2,14.4,3/6/25
73,20,,0.2,14.6,3/7/25
81,20,,0.2,16.2,3/8/25
91,20,False,0.2,18.2,3/9/25
71,20,,0.2,14.2,3/10/25
73,20,,0.2,14.6,3/11/25
74,20,,0.2,14.8,3/12/25
72,20,,0.2,14.4,3/13/25
67,20,,0.2,13.4,3/14/25
68,20,,0.2,13.6,3/15/25
100,22,False,0.22,22.0,3/16/25
78,22,,0.22,17.16,3/17/25
84,22,,0.22,18.48,3/18/25
82,22,,0.22,18.04,3/19/25
78,22,,0.22,17.16,3/20/25
73,22,,0.22,16.06,3/21/25
69,22,,0.22,15.18,3/22/25
83,20,False,0.2,16.6,3/23/25
84,20,,0.2,16.8,3/24/25
69,20,,0.2,13.8,3/25/25
69,20,,0.2,13.8,3/26/25
71,20,,0.2,14.2,3/27/25
79,20,,0.2,15.8,3/28/25
66,20,,0.2,13.2,3/29/25
80,20,False,0.2,16.0,3/30/25
74,20,,0.2,14.8,3/31/25
90,20,,0.2,18.0,4/1/25
88,20,,0.2,17.6,4/2/25
85,20,,0.2,17.0,4/3/25
86,20,,0.2,17.2,4/4/25
83,20,,0.2,16.6,4/5/25
91,21,False,0.21,19.11,4/6/25
90,21,,0.21,18.9,4/7/25
97,21,,0.21,20.37,4/8/25
76,21,,0.21,15.96,4/9/25
76,21,,0.21,15.96,4/10/25
86,21,,0.21,18.06,4/11/25
89,21,,0.21,18.69,4/12/25
79,20,False,0.2,15.8,4/13/25
80,20,,0.2,16.0,4/14/25
88,20,,0.2,17.6,4/15/25
100,20,,0.2,20.0,4/16/25
76,20,,0.2,15.2,4/17/25
82,20,,0.2,16.400000000000002,4/18/25
78,20,,0.2,15.6,4/19/25
83,20,False,0.2,16.6,4/20/25
88,20,,0.2,17.6,4/21/25
82,20,,0.2,16.400000000000002,4/22/25
79,20,,0.2,15.8,4/23/25
78,20,,0.2,15.6,4/24/25
79,20,,0.2,15.8,4/25/25
81,20,,0.2,16.2,4/26/25
92,21,False,0.21,19.32,4/27/25
90,21,,0.21,18.9,4/28/25
91,21,,0.21,19.11,4/29/25
84,21,,0.21,17.64,4/30/25
