United Airlines_unscaled,United Airlines_monthly,isPartial,scale,United Airlines
89,30,,0.3,26.7
88,30,,0.3,26.4
87,30,,0.3,26.099999999999998
81,30,,0.3,24.3
72,30,,0.3,21.599999999999998
66,32,FALSE,0.32,21.12
86,32,,0.32,27.52
82,32,,0.32,26.240000000000002
80,32,,0.32,25.6
79,32,,0.32,25.28
77,32,,0.32,24.64
83,32,,0.32,26.560000000000002
100,34,FALSE,0.34,34
98,34,,0.34,33.32
90,34,,0.34,30.6
89,34,,0.34,30.26
89,34,,0.34,30.26
89,34,,0.34,30.26
90,34,,0.34,30.6
94,32,FALSE,0.32,30.080000000000002
95,32,,0.32,30.400000000000002
97,32,,0.32,31.04
93,32,,0.32,29.76
75,32,,0.32,24
62,32,,0.32,19.84
79,32,,0.32,25.28
79,30,FALSE,0.3,23.7
91,30,,0.3,27.3
95,30,,0.3,28.5
83,30,,0.3,24.9
76,30,,0.3,22.8
71,30,,0.3,21.3
88,30,,0.3,26.4
92,30,FALSE,0.3,27.599999999999998
94,30,,0.3,28.2
97,30,,0.3,29.099999999999998
85,30,,0.3,25.5
91,30,,0.3,27.3
87,30,,0.3,26.099999999999998
73,30,,0.3,21.9
82,29,FALSE,0.29,23.779999999999998
82,29,,0.29,23.779999999999998
88,29,,0.29,25.52
92,29,,0.29,26.68
88,29,,0.29,25.52
87,29,,0.29,25.229999999999997
74,29,,0.29,21.459999999999997
75,27,FALSE,0.27,20.25
81,27,,0.27,21.87
85,27,,0.27,22.950000000000003
80,27,,0.27,21.6
90,27,,0.27,24.3
85,27,,0.27,22.950000000000003
74,27,,0.27,19.98
79,31,FALSE,0.31,24.49
88,31,,0.31,27.28
98,31,,0.31,30.38
100,31,,0.31,31
96,31,,0.31,29.759999999999998
89,31,,0.31,27.59
92,31,,0.31,28.52
91,33,FALSE,0.33,30.03
48,33,,0.33,15.84
51,33,,0.33,16.830000000000002
51,33,,0.33,16.830000000000002
49,33,,0.33,16.17
46,33,,0.33,15.180000000000001
42,33,,0.33,13.860000000000001
43,33,FALSE,0.33,14.190000000000001
46,33,,0.33,15.180000000000001
50,33,,0.33,16.5
51,33,,0.33,16.830000000000002
49,33,,0.33,16.17
49,33,,0.33,16.17
51,33,,0.33,16.830000000000002
53,41,FALSE,0.41,21.73
62,41,,0.41,25.419999999999998
63,41,,0.41,25.83
59,41,,0.41,24.189999999999998
61,41,,0.41,25.009999999999998
55,41,,0.41,22.549999999999997
72,41,,0.41,29.52
100,47,FALSE,0.47,47
79,47,,0.47,37.129999999999995
65,47,,0.47,30.549999999999997
60,47,,0.47,28.2
61,47,,0.47,28.669999999999998
57,47,,0.47,26.79
52,47,,0.47,24.439999999999998
55,41,FALSE,0.41,22.549999999999997
83,41,,0.41,34.03
83,41,,0.41,34.03
86,41,,0.41,35.26
88,41,,0.41,36.08
82,41,,0.41,33.62
82,41,,0.41,33.62
84,45,FALSE,0.45,37.800000000000004
85,45,,0.45,38.25
99,45,,0.45,44.550000000000004
100,45,,0.45,45
87,45,,0.45,39.15
85,45,,0.45,38.25
83,45,,0.45,37.35
90,42,FALSE,0.42,37.8
92,42,,0.42,38.64
90,42,,0.42,37.8
92,42,,0.42,38.64
89,42,,0.42,37.379999999999995
86,42,,0.42,36.12
77,42,,0.42,32.339999999999996
81,41,FALSE,0.41,33.21
85,41,,0.41,34.85
87,41,,0.41,35.669999999999995
87,41,,0.41,35.669999999999995
87,41,,0.41,35.669999999999995
78,41,,0.41,31.979999999999997
76,41,,0.41,31.159999999999997
82,42,FALSE,0.42,34.44
80,42,,0.42,33.6
83,42,,0.42,34.86
86,42,,0.42,36.12
84,42,,0.42,35.28
80,42,,0.42,33.6
67,42,,0.42,28.14
65,42,FALSE,0.42,27.3
83,42,,0.42,34.86
92,42,,0.42,38.64
91,42,,0.42,38.22
84,42,,0.42,35.28
73,42,,0.42,30.66
67,42,,0.42,28.14
76,42,FALSE,0.42,31.919999999999998
100,42,,0.42,42
74,42,,0.42,31.08
74,42,,0.42,31.08
75,42,,0.42,31.5
72,42,,0.42,30.24
66,42,,0.42,27.72
72,42,FALSE,0.42,30.24
77,42,,0.42,32.339999999999996
81,42,,0.42,34.019999999999996
77,42,,0.42,32.339999999999996
80,42,,0.42,33.6
77,42,,0.42,32.339999999999996
71,42,,0.42,29.82
74,42,FALSE,0.42,31.08
77,42,,0.42,32.339999999999996
79,42,,0.42,33.18
81,42,,0.42,34.019999999999996
84,42,,0.42,35.28
72,42,,0.42,30.24
61,42,,0.42,25.619999999999997
63,40,FALSE,0.4,25.200000000000003
64,40,,0.4,25.6
68,40,,0.4,27.200000000000003
68,40,,0.4,27.200000000000003
65,40,,0.4,26
63,40,,0.4,25.200000000000003
58,40,,0.4,23.200000000000003
56,44,FALSE,0.44,24.64
68,44,,0.44,29.92
75,44,,0.44,33
68,44,,0.44,29.92
71,44,,0.44,31.24
69,44,,0.44,30.36
61,44,,0.44,26.84
64,45,FALSE,0.45,28.8
75,45,,0.45,33.75
73,45,,0.45,32.85
73,45,,0.45,32.85
73,45,,0.45,32.85
69,45,,0.45,31.05
64,45,,0.45,28.8
67,55,FALSE,0.55,36.85
89,55,,0.55,48.95
100,55,,0.55,55.00000000000001
85,55,,0.55,46.75000000000001
84,55,,0.55,46.2
74,55,,0.55,40.7
73,55,,0.55,40.150000000000006
66,54,FALSE,0.54,35.64
77,54,,0.54,41.580000000000005
77,54,,0.54,41.580000000000005
84,54,,0.54,45.36
90,54,,0.54,48.6
86,54,,0.54,46.440000000000005
71,54,,0.54,38.34
79,53,FALSE,0.53,41.870000000000005
77,53,,0.53,40.81
84,53,,0.53,44.52
82,53,,0.53,43.46
79,53,,0.53,41.870000000000005
79,53,,0.53,41.870000000000005
71,53,,0.53,37.63
78,54,FALSE,0.54,42.120000000000005
78,54,,0.54,42.120000000000005
86,54,,0.54,46.440000000000005
83,54,,0.54,44.82
85,54,,0.54,45.900000000000006
80,54,,0.54,43.2
72,54,,0.54,38.88
72,58,FALSE,0.58,41.76
100,58,,0.58,57.99999999999999
89,58,,0.58,51.62
83,58,,0.58,48.13999999999999
78,58,,0.58,45.239999999999995
82,58,,0.58,47.559999999999995
82,58,,0.58,47.559999999999995
80,59,FALSE,0.59,47.199999999999996
91,59,,0.59,53.69
97,59,,0.59,57.23
87,59,,0.59,51.33
84,59,,0.59,49.559999999999995
87,59,,0.59,51.33
84,59,,0.59,49.559999999999995
80,62,FALSE,0.62,49.6
82,62,,0.62,50.839999999999996
90,62,,0.62,55.8
92,62,,0.62,57.04
89,62,,0.62,55.18
100,62,,0.62,62
82,62,,0.62,50.839999999999996
84,59,FALSE,0.59,49.559999999999995
93,59,,0.59,54.87
98,59,,0.59,57.82
94,59,,0.59,55.459999999999994
87,59,,0.59,51.33
80,59,,0.59,47.199999999999996
79,59,,0.59,46.61
85,56,FALSE,0.56,47.6
85,56,,0.56,47.6
89,56,,0.56,49.84
82,56,,0.56,45.92
93,56,,0.56,52.080000000000005
81,56,,0.56,45.36000000000001
76,56,,0.56,42.56
71,50,FALSE,0.5,35.5
84,50,,0.5,42
84,50,,0.5,42
78,50,,0.5,39
79,50,,0.5,39.5
69,50,,0.5,34.5
67,50,,0.5,33.5
72,54,FALSE,0.54,38.88
100,54,,0.54,54
97,54,,0.54,52.38
80,54,,0.54,43.2
87,54,,0.54,46.980000000000004
87,54,,0.54,46.980000000000004
79,54,,0.54,42.660000000000004
80,53,FALSE,0.53,42.400000000000006
89,53,,0.53,47.17
80,53,,0.53,42.400000000000006
81,53,,0.53,42.93
85,53,,0.53,45.050000000000004
73,53,,0.53,38.690000000000005
73,53,,0.53,38.690000000000005
71,46,FALSE,0.46,32.660000000000004
79,46,,0.46,36.34
82,46,,0.46,37.72
86,46,,0.46,39.56
82,46,,0.46,37.72
80,46,,0.46,36.800000000000004
70,46,,0.46,32.2
79,49,FALSE,0.49,38.71
78,49,,0.49,38.22
82,49,,0.49,40.18
76,49,,0.49,37.24
78,49,,0.49,38.22
74,49,,0.49,36.26
64,49,,0.49,31.36
66,46,FALSE,0.46,30.360000000000003
75,46,,0.46,34.5
78,46,,0.46,35.88
85,46,,0.46,39.1
100,46,,0.46,46
86,46,,0.46,39.56
69,46,,0.46,31.740000000000002
71,47,FALSE,0.47,33.37
93,47,,0.47,43.71
91,47,,0.47,42.769999999999996
85,47,,0.47,39.949999999999996
91,47,,0.47,42.769999999999996
87,47,,0.47,40.89
84,47,,0.47,39.48
81,48,FALSE,0.48,38.879999999999995
96,48,,0.48,46.08
92,48,,0.48,44.16
89,48,,0.48,42.72
88,48,,0.48,42.239999999999995
96,48,,0.48,46.08
83,48,,0.48,39.839999999999996
91,47,FALSE,0.47,42.769999999999996
91,47,,0.47,42.769999999999996
91,47,,0.47,42.769999999999996
89,47,,0.47,41.83
89,47,,0.47,41.83
86,47,,0.47,40.419999999999995
74,47,,0.47,34.78
78,49,FALSE,0.49,38.22
86,49,,0.49,42.14
89,49,,0.49,43.61
100,49,,0.49,49
96,49,,0.49,47.04
69,49,,0.49,33.81
58,49,,0.49,28.419999999999998
62,50,FALSE,0.5,31
75,50,,0.5,37.5
70,50,,0.5,35
70,50,,0.5,35
69,50,,0.5,34.5
69,50,,0.5,34.5
70,50,,0.5,35
76,55,FALSE,0.55,41.800000000000004
79,55,,0.55,43.45
82,55,,0.55,45.1
81,55,,0.55,44.550000000000004
77,55,,0.55,42.35
71,55,,0.55,39.050000000000004
65,55,,0.55,35.75
69,52,FALSE,0.52,35.88
73,52,,0.52,37.96
76,52,,0.52,39.52
74,52,,0.52,38.480000000000004
74,52,,0.52,38.480000000000004
70,52,,0.52,36.4
63,52,,0.52,32.76
65,54,FALSE,0.54,35.1
100,54,,0.54,54
78,54,,0.54,42.120000000000005
71,54,,0.54,38.34
73,54,,0.54,39.42
68,54,,0.54,36.72
62,54,,0.54,33.480000000000004
72,50,FALSE,0.5,36
89,50,,0.5,44.5
86,50,,0.5,43
92,50,,0.5,46
91,50,,0.5,45.5
84,50,,0.5,42
76,50,,0.5,38
82,48,FALSE,0.48,39.36
100,48,,0.48,48
97,48,,0.48,46.559999999999995
88,48,,0.48,42.239999999999995
91,48,,0.48,43.68
90,48,,0.48,43.199999999999996
77,48,,0.48,36.96
79,49,FALSE,0.49,38.71
87,49,,0.49,42.63
90,49,,0.49,44.1
87,49,,0.49,42.63
89,49,,0.49,43.61
81,49,,0.49,39.69
77,49,,0.49,37.73
80,45,FALSE,0.45,36
87,45,,0.45,39.15
85,45,,0.45,38.25
81,45,,0.45,36.45
66,45,,0.45,29.7
75,45,,0.45,33.75
76,45,,0.45,34.2
89,48,FALSE,0.48,42.72
88,48,,0.48,42.239999999999995
88,48,,0.48,42.239999999999995
52,48,,0.48,24.96
56,48,,0.48,26.88
53,48,,0.48,25.439999999999998
47,48,,0.48,22.56
47,45,FALSE,0.45,21.150000000000002
51,45,,0.45,22.95
54,45,,0.45,24.3
54,45,,0.45,24.3
51,45,,0.45,22.95
49,45,,0.45,22.05
47,45,,0.45,21.150000000000002
47,51,FALSE,0.51,23.97
55,51,,0.51,28.05
54,51,,0.51,27.54
56,51,,0.51,28.560000000000002
58,51,,0.51,29.580000000000002
57,51,,0.51,29.07
53,51,,0.51,27.03
55,57,FALSE,0.57,31.349999999999998
59,57,,0.57,33.629999999999995
56,57,,0.57,31.919999999999998
56,57,,0.57,31.919999999999998
51,57,,0.57,29.069999999999997
100,57,,0.57,56.99999999999999
69,57,,0.57,39.33
61,63,FALSE,0.63,38.43
78,63,,0.63,49.14
70,63,,0.63,44.1
62,63,,0.63,39.06
58,63,,0.63,36.54
54,63,,0.63,34.02
62,63,,0.63,39.06
72,66,FALSE,0.66,47.52
80,66,,0.66,52.800000000000004
100,66,,0.66,66
83,66,,0.66,54.78
65,66,,0.66,42.9
71,66,,0.66,46.86
65,66,,0.66,42.9
66,56,FALSE,0.56,36.96
65,56,,0.56,36.400000000000006
67,56,,0.56,37.52
75,56,,0.56,42.00000000000001
77,56,,0.56,43.120000000000005
55,56,,0.56,30.800000000000004
66,56,,0.56,36.96
53,50,FALSE,0.5,26.5
61,50,,0.5,30.5
62,50,,0.5,31
65,50,,0.5,32.5
61,50,,0.5,30.5
62,50,,0.5,31
56,50,,0.5,28
57,56,FALSE,0.56,31.92
73,56,,0.56,40.88
61,56,,0.56,34.160000000000004
64,56,,0.56,35.84
70,56,,0.56,39.2
71,56,,0.56,39.760000000000005
64,56,,0.56,35.84
71,60,FALSE,0.6,42.6
72,60,,0.6,43.199999999999996
74,60,,0.6,44.4
73,60,,0.6,43.8
79,60,,0.6,47.4
76,60,,0.6,45.6
73,60,,0.6,43.8
70,63,FALSE,0.63,44.1
74,63,,0.63,46.62
75,63,,0.63,47.25
76,63,,0.63,47.88
64,63,,0.63,40.32
74,63,,0.63,46.62
69,63,,0.63,43.47
62,68,FALSE,0.68,42.160000000000004
69,68,,0.68,46.92
83,68,,0.68,56.440000000000005
89,68,,0.68,60.52
89,68,,0.68,60.52
85,68,,0.68,57.800000000000004
77,68,,0.68,52.36000000000001
72,71,FALSE,0.71,51.12
81,71,,0.71,57.51
98,71,,0.71,69.58
100,71,,0.71,71
89,71,,0.71,63.19
80,71,,0.71,56.8
74,71,,0.71,52.54
73,70,FALSE,0.7,51.099999999999994
87,70,,0.7,60.9
77,70,,0.7,53.9
82,70,,0.7,57.4
82,70,,0.7,57.4
76,70,,0.7,53.199999999999996
70,70,,0.7,49
74,78,FALSE,0.78,57.72
84,78,,0.78,65.52
92,78,,0.78,71.76
98,78,,0.78,76.44
100,78,,0.78,78
87,78,,0.78,67.86
86,78,,0.78,67.08
76,74,FALSE,0.74,56.24
86,74,,0.74,63.64
83,74,,0.74,61.42
79,74,,0.74,58.46
76,74,,0.74,56.24
69,74,,0.74,51.06
65,74,,0.74,48.1
71,69,FALSE,0.69,48.989999999999995
77,69,,0.69,53.129999999999995
85,69,,0.69,58.65
79,69,,0.69,54.51
74,69,,0.69,51.059999999999995
63,69,,0.69,43.47
60,69,,0.69,41.4
72,66,FALSE,0.66,47.52
75,66,,0.66,49.5
73,66,,0.66,48.18
82,66,,0.66,54.120000000000005
73,66,,0.66,48.18
76,66,,0.66,50.160000000000004
74,66,,0.66,48.84
87,72,FALSE,0.72,62.64
88,72,,0.72,63.36
80,72,,0.72,57.599999999999994
90,72,,0.72,64.8
86,72,,0.72,61.919999999999995
78,72,,0.72,56.16
73,72,,0.72,52.559999999999995
72,66,FALSE,0.66,47.52
81,66,,0.66,53.46
85,66,,0.66,56.1
78,66,,0.66,51.480000000000004
83,66,,0.66,54.78
76,66,,0.66,50.160000000000004
63,66,,0.66,41.580000000000005
62,71,FALSE,0.71,44.019999999999996
92,71,,0.71,65.32
100,71,,0.71,71
90,71,,0.71,63.9
87,71,,0.71,61.769999999999996
75,71,,0.71,53.25
68,71,,0.71,48.28
66,67,FALSE,0.67,44.220000000000006
75,67,,0.67,50.25
86,67,,0.67,57.620000000000005
85,67,,0.67,56.95
77,67,,0.67,51.59
72,67,,0.67,48.24
68,67,,0.67,45.56
58,64,FALSE,0.64,37.12
72,64,,0.64,46.08
74,64,,0.64,47.36
70,64,,0.64,44.800000000000004
69,64,,0.64,44.160000000000004
59,64,,0.64,37.76
56,64,,0.64,35.84
52,68,FALSE,0.68,35.36
73,68,,0.68,49.64
74,68,,0.68,50.32
71,68,,0.68,48.28
64,68,,0.68,43.52
58,68,,0.68,39.440000000000005
56,68,,0.68,38.080000000000005
59,74,FALSE,0.74,43.66
69,74,,0.74,51.06
71,74,,0.74,52.54
66,74,,0.74,48.839999999999996
66,74,,0.74,48.839999999999996
63,74,,0.74,46.62
62,74,,0.74,45.88
65,83,FALSE,0.83,53.949999999999996
100,83,,0.83,83
88,83,,0.83,73.03999999999999
69,83,,0.83,57.269999999999996
66,83,,0.83,54.779999999999994
61,83,,0.83,50.629999999999995
54,83,,0.83,44.82
58,73,FALSE,0.73,42.339999999999996
58,73,,0.73,42.339999999999996
74,73,,0.73,54.019999999999996
88,73,,0.73,64.24
99,73,,0.73,72.27
86,73,,0.73,62.78
80,73,,0.73,58.4
75,68,FALSE,0.68,51.00000000000001
83,68,,0.68,56.440000000000005
98,68,,0.68,66.64
87,68,,0.68,59.160000000000004
94,68,,0.68,63.92
82,68,,0.68,55.760000000000005
74,68,,0.68,50.32
78,73,FALSE,0.73,56.94
93,73,,0.73,67.89
92,73,,0.73,67.16
91,73,,0.73,66.42999999999999
92,73,,0.73,67.16
88,73,,0.73,64.24
74,73,,0.73,54.019999999999996
78,74,FALSE,0.74,57.72
91,74,,0.74,67.34
96,74,,0.74,71.03999999999999
92,74,,0.74,68.08
100,74,,0.74,74
83,74,,0.74,61.42
76,74,,0.74,56.24
81,72,FALSE,0.72,58.32
95,72,,0.72,68.39999999999999
92,72,,0.72,66.24
91,72,,0.72,65.52
90,72,,0.72,64.8
93,72,,0.72,66.96
82,72,,0.72,59.04
78,69,FALSE,0.69,53.81999999999999
81,69,,0.69,55.88999999999999
95,69,,0.69,65.55
100,69,,0.69,69
94,69,,0.69,64.86
86,69,,0.69,59.339999999999996
78,69,,0.69,53.81999999999999
81,71,FALSE,0.71,57.51
91,71,,0.71,64.61
94,71,,0.71,66.74
91,71,,0.71,64.61
85,71,,0.71,60.349999999999994
89,71,,0.71,63.19
77,71,,0.71,54.669999999999995
80,69,FALSE,0.69,55.199999999999996
91,69,,0.69,62.78999999999999
100,69,,0.69,69
91,69,,0.69,62.78999999999999
90,69,,0.69,62.099999999999994
77,69,,0.69,53.129999999999995
79,69,,0.69,54.51
81,68,FALSE,0.68,55.080000000000005
99,68,,0.68,67.32000000000001
96,68,,0.68,65.28
89,68,,0.68,60.52
86,68,,0.68,58.480000000000004
84,68,,0.68,57.120000000000005
71,68,,0.68,48.28
80,68,FALSE,0.68,54.400000000000006
85,68,,0.68,57.800000000000004
90,68,,0.68,61.2
82,68,,0.68,55.760000000000005
92,68,,0.68,62.56
87,68,,0.68,59.160000000000004
79,68,,0.68,53.720000000000006
87,72,FALSE,0.72,62.64
99,72,,0.72,71.28
88,72,,0.72,63.36
91,72,,0.72,65.52
99,72,,0.72,71.28
79,72,,0.72,56.879999999999995
73,72,,0.72,52.559999999999995
75,65,FALSE,0.65,48.75
86,65,,0.65,55.9
94,65,,0.65,61.1
83,65,,0.65,53.95
86,65,,0.65,55.9
83,65,,0.65,53.95
72,65,,0.65,46.800000000000004
80,66,FALSE,0.66,52.800000000000004
89,66,,0.66,58.74
100,66,,0.66,66
93,66,,0.66,61.38
83,66,,0.66,54.78
73,66,,0.66,48.18
69,66,,0.66,45.54
74,62,FALSE,0.62,45.88
84,62,,0.62,52.08
85,62,,0.62,52.7
83,62,,0.62,51.46
85,62,,0.62,52.7
80,62,,0.62,49.6
73,62,,0.62,45.26
83,61,FALSE,0.61,50.629999999999995
82,61,,0.61,50.019999999999996
94,61,,0.61,57.339999999999996
92,61,,0.61,56.12
88,61,,0.61,53.68
84,61,,0.61,51.24
74,61,,0.61,45.14
77,66,FALSE,0.66,50.82
94,66,,0.66,62.040000000000006
100,66,,0.66,66
98,66,,0.66,64.68
100,66,,0.66,66
85,66,,0.66,56.1
76,66,,0.66,50.160000000000004
78,63,FALSE,0.63,49.14
94,63,,0.63,59.22
91,63,,0.63,57.33
91,63,,0.63,57.33
90,63,,0.63,56.7
85,63,,0.63,53.55
77,63,,0.63,48.51
78,63,FALSE,0.63,49.14
94,63,,0.63,59.22
95,63,,0.63,59.85
86,63,,0.63,54.18
84,63,,0.63,52.92
89,63,,0.63,56.07
83,63,,0.63,52.29
78,62,FALSE,0.62,48.36
99,62,,0.62,61.38
99,62,,0.62,61.38
100,62,,0.62,62
95,62,,0.62,58.9
84,62,,0.62,52.08
78,62,,0.62,48.36
76,62,FALSE,0.62,47.12
92,62,,0.62,57.04
99,62,,0.62,61.38
97,62,,0.62,60.14
87,62,,0.62,53.94
88,62,,0.62,54.56
74,62,,0.62,45.88
77,61,FALSE,0.61,46.97
89,61,,0.61,54.29
96,61,,0.61,58.56
95,61,,0.61,57.949999999999996
92,61,,0.61,56.12
83,61,,0.61,50.629999999999995
74,61,,0.61,45.14
78,58,FALSE,0.58,45.239999999999995
91,58,,0.58,52.779999999999994
94,58,,0.58,54.519999999999996
84,58,,0.58,48.72
83,58,,0.58,48.13999999999999
82,58,,0.58,47.559999999999995
71,58,,0.58,41.18
70,58,FALSE,0.58,40.599999999999994
88,58,,0.58,51.04
78,58,,0.58,45.239999999999995
79,58,,0.58,45.82
86,58,,0.58,49.879999999999995
76,58,,0.58,44.08
75,58,,0.58,43.5
75,58,FALSE,0.58,43.5
79,58,,0.58,45.82
80,58,,0.58,46.4
77,58,,0.58,44.66
77,58,,0.58,44.66
73,58,,0.58,42.339999999999996
67,58,,0.58,38.86
75,60,FALSE,0.6,45
92,60,,0.6,55.199999999999996
86,60,,0.6,51.6
81,60,,0.6,48.6
80,60,,0.6,48
77,60,,0.6,46.199999999999996
74,60,,0.6,44.4
71,52,FALSE,0.52,36.92
74,52,,0.52,38.480000000000004
75,52,,0.52,39
75,52,,0.52,39
59,52,,0.52,30.68
66,52,,0.52,34.32
64,52,,0.52,33.28
72,58,FALSE,0.58,41.76
83,58,,0.58,48.13999999999999
100,58,,0.58,57.99999999999999
85,58,,0.58,49.3
45,58,,0.58,26.099999999999998
43,58,,0.58,24.939999999999998
37,58,,0.58,21.459999999999997
40,54,FALSE,0.54,21.6
40,54,,0.54,21.6
43,54,,0.54,23.220000000000002
39,54,,0.54,21.060000000000002
42,54,,0.54,22.68
40,54,,0.54,21.6
38,54,,0.54,20.520000000000003
38,59,FALSE,0.59,22.419999999999998
43,59,,0.59,25.369999999999997
46,59,,0.59,27.139999999999997
49,59,,0.59,28.91
48,59,,0.59,28.32
45,59,,0.59,26.549999999999997
46,59,,0.59,27.139999999999997
40,72,FALSE,0.72,28.799999999999997
46,72,,0.72,33.12
54,72,,0.72,38.879999999999995
56,72,,0.72,40.32
69,72,,0.72,49.68
73,72,,0.72,52.559999999999995
59,72,,0.72,42.48
50,81,FALSE,0.81,40.5
70,81,,0.81,56.7
100,81,,0.81,81
78,81,,0.81,63.18000000000001
60,81,,0.81,48.6
46,81,,0.81,37.260000000000005
42,81,,0.81,34.02
61,73,FALSE,0.73,44.53
82,73,,0.73,59.86
85,73,,0.73,62.05
86,73,,0.73,62.78
85,73,,0.73,62.05
69,73,,0.73,50.37
69,73,,0.73,50.37
69,75,FALSE,0.75,51.75
77,75,,0.75,57.75
86,75,,0.75,64.5
100,75,,0.75,75
83,75,,0.75,62.25
72,75,,0.75,54
63,75,,0.75,47.25
64,69,FALSE,0.69,44.16
73,69,,0.69,50.37
80,69,,0.69,55.199999999999996
78,69,,0.69,53.81999999999999
71,69,,0.69,48.989999999999995
66,69,,0.69,45.54
57,69,,0.69,39.33
57,64,FALSE,0.64,36.480000000000004
69,64,,0.64,44.160000000000004
69,64,,0.64,44.160000000000004
70,64,,0.64,44.800000000000004
72,64,,0.64,46.08
66,64,,0.64,42.24
56,64,,0.64,35.84
63,68,FALSE,0.68,42.84
74,68,,0.68,50.32
77,68,,0.68,52.36000000000001
83,68,,0.68,56.440000000000005
77,68,,0.68,52.36000000000001
74,68,,0.68,50.32
67,68,,0.68,45.56
70,64,FALSE,0.64,44.800000000000004
76,64,,0.64,48.64
80,64,,0.64,51.2
73,64,,0.64,46.72
74,64,,0.64,47.36
72,64,,0.64,46.08
66,64,,0.64,42.24
68,74,FALSE,0.74,50.32
64,74,,0.74,47.36
82,74,,0.74,60.68
100,74,,0.74,74
87,74,,0.74,64.38
80,74,,0.74,59.2
70,74,,0.74,51.8
74,71,FALSE,0.71,52.54
83,71,,0.71,58.93
91,71,,0.71,64.61
94,71,,0.71,66.74
95,71,,0.71,67.45
78,71,,0.71,55.379999999999995
70,71,,0.71,49.699999999999996
76,70,FALSE,0.7,53.199999999999996
89,70,,0.7,62.3
84,70,,0.7,58.8
88,70,,0.7,61.599999999999994
87,70,,0.7,60.9
85,70,,0.7,59.49999999999999
76,70,,0.7,53.199999999999996
78,71,FALSE,0.71,55.379999999999995
92,71,,0.71,65.32
100,71,,0.71,71
92,71,,0.71,65.32
87,71,,0.71,61.769999999999996
90,71,,0.71,63.9
76,71,,0.71,53.959999999999994
80,66,FALSE,0.66,52.800000000000004
89,66,,0.66,58.74
95,66,,0.66,62.7
87,66,,0.66,57.42
80,66,,0.66,52.800000000000004
75,66,,0.66,49.5
69,66,,0.66,45.54
79,65,FALSE,0.65,51.35
92,65,,0.65,59.800000000000004
89,65,,0.65,57.85
91,65,,0.65,59.15
83,65,,0.65,53.95
78,65,,0.65,50.7
73,65,,0.65,47.45
80,63,FALSE,0.63,50.4
85,63,,0.63,53.55
83,63,,0.63,52.29
84,63,,0.63,52.92
89,63,,0.63,56.07
84,63,,0.63,52.92
82,63,,0.63,51.660000000000004
83,63,FALSE,0.63,52.29
96,63,,0.63,60.480000000000004
95,63,,0.63,59.85
98,63,,0.63,61.74
96,63,,0.63,60.480000000000004
88,63,,0.63,55.44
71,63,,0.63,44.73
70,65,FALSE,0.65,45.5
95,65,,0.65,61.75
93,65,,0.65,60.45
89,65,,0.65,57.85
88,65,,0.65,57.2
84,65,,0.65,54.6
76,65,,0.65,49.4
95,68,FALSE,0.68,64.60000000000001
97,68,,0.68,65.96000000000001
100,68,,0.68,68
94,68,,0.68,63.92
100,68,,0.68,68
92,68,,0.68,62.56
86,68,,0.68,58.480000000000004
86,63,FALSE,0.63,54.18
92,63,,0.63,57.96
93,63,,0.63,58.59
98,63,,0.63,61.74
87,63,,0.63,54.81
84,63,,0.63,52.92
82,63,,0.63,51.660000000000004
89,64,FALSE,0.64,56.96
85,64,,0.64,54.4
93,64,,0.64,59.52
83,64,,0.64,53.120000000000005
81,64,,0.64,51.84
74,64,,0.64,47.36
69,64,,0.64,44.160000000000004
71,70,FALSE,0.7,49.699999999999996
86,70,,0.7,60.199999999999996
86,70,,0.7,60.199999999999996
83,70,,0.7,58.099999999999994
78,70,,0.7,54.599999999999994
81,70,,0.7,56.699999999999996
75,70,,0.7,52.5
78,72,FALSE,0.72,56.16
95,72,,0.72,68.39999999999999
99,72,,0.72,71.28
95,72,,0.72,68.39999999999999
88,72,,0.72,63.36
86,72,,0.72,61.919999999999995
75,72,,0.72,54
78,71,FALSE,0.71,55.379999999999995
89,71,,0.71,63.19
95,71,,0.71,67.45
84,71,,0.71,59.64
85,71,,0.71,60.349999999999994
100,71,,0.71,71
76,71,,0.71,53.959999999999994
75,69,FALSE,0.69,51.74999999999999
79,69,,0.69,54.51
93,69,,0.69,64.17
93,69,,0.69,64.17
65,69,,0.69,44.849999999999994
57,69,,0.69,39.33
55,69,,0.69,37.949999999999996
62,67,FALSE,0.67,41.54
64,67,,0.67,42.88
65,67,,0.67,43.550000000000004
68,67,,0.67,45.56
63,67,,0.67,42.21
57,67,,0.67,38.190000000000005
51,67,,0.67,34.17
53,77,FALSE,0.77,40.81
70,77,,0.77,53.9
72,77,,0.77,55.44
72,77,,0.77,55.44
68,77,,0.77,52.36
59,77,,0.77,45.43
54,77,,0.77,41.58
52,71,FALSE,0.71,36.92
66,71,,0.71,46.86
66,71,,0.71,46.86
66,71,,0.71,46.86
62,71,,0.71,44.019999999999996
57,71,,0.71,40.47
55,71,,0.71,39.05
69,100,FALSE,1,69
90,100,,1,90
97,100,,1,97
100,100,,1,100
98,100,,1,98
86,100,,1,86
95,100,,1,95
91,78,FALSE,0.78,70.98
87,78,,0.78,67.86
80,78,,0.78,62.400000000000006
92,78,,0.78,71.76
96,78,,0.78,74.88
88,78,,0.78,68.64
73,78,,0.78,56.940000000000005
88,83,FALSE,0.83,73.03999999999999
93,83,,0.83,77.19
100,83,,0.83,83
92,83,,0.83,76.36
97,83,,0.83,80.50999999999999
85,83,,0.83,70.55
81,83,,0.83,67.22999999999999
83,80,FALSE,0.8,66.4
95,80,,0.8,76
98,80,,0.8,78.4
88,80,,0.8,70.4
84,80,,0.8,67.2
76,80,,0.8,60.800000000000004
70,80,,0.8,56
76,70,FALSE,0.7,53.199999999999996
80,70,,0.7,56
84,70,,0.7,58.8
88,70,,0.7,61.599999999999994
79,70,,0.7,55.3
74,70,,0.7,51.8
80,70,,0.7,56
75,67,FALSE,0.67,50.25
81,67,,0.67,54.27
87,67,,0.67,58.290000000000006
77,67,,0.67,51.59
100,67,,0.67,67
79,67,,0.67,52.93
65,67,,0.67,43.550000000000004
74,68,FALSE,0.68,50.32
87,68,,0.68,59.160000000000004
89,68,,0.68,60.52
81,68,,0.68,55.080000000000005
79,68,,0.68,53.720000000000006
75,68,,0.68,51.00000000000001
69,68,,0.68,46.92
71,63,FALSE,0.63,44.73
80,63,,0.63,50.4
80,63,,0.63,50.4
78,63,,0.63,49.14
74,63,,0.63,46.62
74,63,,0.63,46.62
67,63,,0.63,42.21
80,59,FALSE,0.59,47.199999999999996
72,59,,0.59,42.48
71,59,,0.59,41.89
70,59,,0.59,41.3
69,59,,0.59,40.71
66,59,,0.59,38.94
60,59,,0.59,35.4
65,59,FALSE,0.59,38.35
72,59,,0.59,42.48
72,59,,0.59,42.48
73,59,,0.59,43.07
72,59,,0.59,42.48
47,59,,0.59,27.729999999999997
43,59,,0.59,25.369999999999997
44,64,FALSE,0.64,28.16
51,64,,0.64,32.64
100,64,,0.64,64
70,64,,0.64,44.800000000000004
50,64,,0.64,32
53,64,,0.64,33.92
48,64,,0.64,30.72
52,59,FALSE,0.59,30.68
54,59,,0.59,31.86
51,59,,0.59,30.09
52,59,,0.59,30.68
49,59,,0.59,28.91
48,59,,0.59,28.32
44,59,,0.59,25.959999999999997
50,58,FALSE,0.58,28.999999999999996
50,58,,0.58,28.999999999999996
52,58,,0.58,30.159999999999997
50,58,,0.58,28.999999999999996
49,58,,0.58,28.419999999999998
48,58,,0.58,27.839999999999996
48,58,,0.58,27.839999999999996
47,58,FALSE,0.58,27.259999999999998
51,58,,0.58,29.58
50,58,,0.58,28.999999999999996
50,58,,0.58,28.999999999999996
50,58,,0.58,28.999999999999996
48,58,,0.58,27.839999999999996
43,58,,0.58,24.939999999999998
83,58,FALSE,0.58,48.13999999999999
97,58,,0.58,56.26
99,58,,0.58,57.419999999999995
95,58,,0.58,55.099999999999994
100,58,,0.58,57.99999999999999
81,58,,0.58,46.98
86,58,,0.58,49.879999999999995
94,56,FALSE,0.56,52.64000000000001
98,56,,0.56,54.88
94,56,,0.56,52.64000000000001
91,56,,0.56,50.96000000000001
89,56,,0.56,49.84
82,56,,0.56,45.92
82,56,,0.56,45.92
86,58,FALSE,0.58,49.879999999999995
94,58,,0.58,54.519999999999996
97,58,,0.58,56.26
90,58,,0.58,52.199999999999996
89,58,,0.58,51.62
89,58,,0.58,51.62
80,58,,0.58,46.4
88,52,FALSE,0.52,45.760000000000005
90,52,,0.52,46.800000000000004
93,52,,0.52,48.36
88,52,,0.52,45.760000000000005
91,52,,0.52,47.32
87,52,,0.52,45.24
79,52,,0.52,41.08
80,53,FALSE,0.53,42.400000000000006
90,53,,0.53,47.7
86,53,,0.53,45.580000000000005
76,53,,0.53,40.28
74,53,,0.53,39.22
71,53,,0.53,37.63
66,53,,0.53,34.980000000000004
73,53,FALSE,0.53,38.690000000000005
77,53,,0.53,40.81
80,53,,0.53,42.400000000000006
73,53,,0.53,38.690000000000005
77,53,,0.53,40.81
69,53,,0.53,36.57
67,53,,0.53,35.510000000000005
68,52,FALSE,0.52,35.36
74,52,,0.52,38.480000000000004
77,52,,0.52,40.04
73,52,,0.52,37.96
68,52,,0.52,35.36
66,52,,0.52,34.32
70,52,,0.52,36.4
70,52,FALSE,0.52,36.4
78,52,,0.52,40.56
80,52,,0.52,41.6
79,52,,0.52,41.08
58,52,,0.52,30.16
67,52,,0.52,34.84
66,52,,0.52,34.32
73,57,FALSE,0.57,41.61
81,57,,0.57,46.169999999999995
100,57,,0.57,56.99999999999999
85,57,,0.57,48.449999999999996
72,57,,0.57,41.04
82,57,,0.57,46.739999999999995
79,57,,0.57,45.029999999999994
84,51,FALSE,0.51,42.84
92,51,,0.51,46.92
91,51,,0.51,46.410000000000004
89,51,,0.51,45.39
88,51,,0.51,44.88
83,51,,0.51,42.33
80,51,,0.51,40.8
90,51,FALSE,0.51,45.9
85,51,,0.51,43.35
93,51,,0.51,47.43
88,51,,0.51,44.88
88,51,,0.51,44.88
84,51,,0.51,42.84
87,51,,0.51,44.37
93,53,FALSE,0.53,49.29
88,53,,0.53,46.64
86,53,,0.53,45.580000000000005
97,53,,0.53,51.410000000000004
87,53,,0.53,46.11
84,53,,0.53,44.52
82,53,,0.53,43.46
77,52,FALSE,0.52,40.04
71,52,,0.52,36.92
89,52,,0.52,46.28
100,52,,0.52,52
97,52,,0.52,50.440000000000005
97,52,,0.52,50.440000000000005
86,52,,0.52,44.72
84,64,FALSE,0.64,53.76
55,64,,0.64,35.2
67,64,,0.64,42.88
73,64,,0.64,46.72
72,64,,0.64,46.08
66,64,,0.64,42.24
67,64,,0.64,42.88
70,71,FALSE,0.71,49.699999999999996
82,71,,0.71,58.22
84,71,,0.71,59.64
77,71,,0.71,54.669999999999995
79,71,,0.71,56.089999999999996
77,71,,0.71,54.669999999999995
71,71,,0.71,50.41
65,74,FALSE,0.74,48.1
79,74,,0.74,58.46
80,74,,0.74,59.2
75,74,,0.74,55.5
75,74,,0.74,55.5
87,74,,0.74,64.38
100,74,,0.74,74
90,68,FALSE,0.68,61.2
92,68,,0.68,62.56
82,68,,0.68,55.760000000000005
76,68,,0.68,51.68000000000001
66,68,,0.68,44.88
59,68,,0.68,40.120000000000005
55,68,,0.68,37.400000000000006
61,57,FALSE,0.57,34.769999999999996
62,57,,0.57,35.339999999999996
64,57,,0.57,36.48
61,57,,0.57,34.769999999999996
93,57,,0.57,53.01
85,57,,0.57,48.449999999999996
100,57,,0.57,56.99999999999999
90,59,FALSE,0.59,53.099999999999994
90,59,,0.59,53.099999999999994
91,59,,0.59,53.69
91,59,,0.59,53.69
88,59,,0.59,51.919999999999995
89,59,,0.59,52.51
84,59,,0.59,49.559999999999995
82,56,FALSE,0.56,45.92
81,56,,0.56,45.36000000000001
95,56,,0.56,53.2
85,56,,0.56,47.6
85,56,,0.56,47.6
88,56,,0.56,49.28
86,56,,0.56,48.160000000000004
91,61,FALSE,0.61,55.51
100,61,,0.61,61
93,61,,0.61,56.73
96,61,,0.61,58.56
91,61,,0.61,55.51
87,61,,0.61,53.07
89,61,,0.61,54.29
88,57,FALSE,0.57,50.16
90,57,,0.57,51.3
97,57,,0.57,55.28999999999999
95,57,,0.57,54.15
92,57,,0.57,52.44
66,57,,0.57,37.62
65,57,,0.57,37.05
72,66,FALSE,0.66,47.52
72,66,,0.66,47.52
74,66,,0.66,48.84
73,66,,0.66,48.18
76,66,,0.66,50.160000000000004
86,66,,0.66,56.760000000000005
91,66,,0.66,60.06
84,68,FALSE,0.68,57.120000000000005
81,68,,0.68,55.080000000000005
78,68,,0.68,53.040000000000006
79,68,,0.68,53.720000000000006
77,68,,0.68,52.36000000000001
71,68,,0.68,48.28
79,68,,0.68,53.720000000000006
74,73,FALSE,0.73,54.019999999999996
88,73,,0.73,64.24
100,73,,0.73,73
84,73,,0.73,61.32
74,73,,0.73,54.019999999999996
69,73,,0.73,50.37
67,73,,0.73,48.91
78,63,FALSE,0.63,49.14
92,63,,0.63,57.96
74,63,,0.63,46.62
76,63,,0.63,47.88
69,63,,0.63,43.47
62,63,,0.63,39.06
79,63,,0.63,49.77
95,62,FALSE,0.62,58.9
100,62,,0.62,62
79,62,,0.62,48.98
85,62,,0.62,52.7
79,62,,0.62,48.98
79,62,,0.62,48.98
74,62,,0.62,45.88
74,55,FALSE,0.55,40.7
80,55,,0.55,44
81,55,,0.55,44.550000000000004
85,55,,0.55,46.75000000000001
76,55,,0.55,41.800000000000004
81,55,,0.55,44.550000000000004
70,55,,0.55,38.5
82,58,FALSE,0.58,47.559999999999995
79,58,,0.58,45.82
81,58,,0.58,46.98
87,58,,0.58,50.459999999999994
84,58,,0.58,48.72
74,58,,0.58,42.919999999999995
77,58,,0.58,44.66
81,63,FALSE,0.63,51.03
100,63,,0.63,63
89,63,,0.63,56.07
83,63,,0.63,52.29
77,63,,0.63,48.51
74,63,,0.63,46.62
72,63,,0.63,45.36
72,55,FALSE,0.55,39.6
73,55,,0.55,40.150000000000006
82,55,,0.55,45.1
77,55,,0.55,42.35
73,55,,0.55,40.150000000000006
75,55,,0.55,41.25
67,55,,0.55,36.85
72,63,FALSE,0.63,45.36
83,63,,0.63,52.29
75,63,,0.63,47.25
75,63,,0.63,47.25
78,63,,0.63,49.14
84,63,,0.63,52.92
84,63,,0.63,52.92
71,63,FALSE,0.63,44.73
81,63,,0.63,51.03
82,63,,0.63,51.660000000000004
87,63,,0.63,54.81
81,63,,0.63,51.03
77,63,,0.63,48.51
71,63,,0.63,44.73
76,64,FALSE,0.64,48.64
81,64,,0.64,51.84
83,64,,0.64,53.120000000000005
77,64,,0.64,49.28
80,64,,0.64,51.2
80,64,,0.64,51.2
72,64,,0.64,46.08
72,66,FALSE,0.66,47.52
82,66,,0.66,54.120000000000005
94,66,,0.66,62.040000000000006
100,66,,0.66,66
84,66,,0.66,55.440000000000005
75,66,,0.66,49.5
61,66,,0.66,40.260000000000005
61,76,FALSE,0.76,46.36
78,76,,0.76,59.28
99,76,,0.76,75.24
100,76,,0.76,76
70,76,,0.76,53.2
59,76,,0.76,44.84
55,76,,0.76,41.8
60,66,FALSE,0.66,39.6
61,66,,0.66,40.260000000000005
63,66,,0.66,41.580000000000005
68,66,,0.66,44.88
64,66,,0.66,42.24
62,66,,0.66,40.92
59,66,,0.66,38.940000000000005
58,60,FALSE,0.6,34.8
68,60,,0.6,40.8
65,60,,0.6,39
66,60,,0.6,39.6
64,60,,0.6,38.4
60,60,,0.6,36
63,60,,0.6,37.8
67,66,FALSE,0.66,44.22
62,66,,0.66,40.92
65,66,,0.66,42.9
63,66,,0.66,41.580000000000005
62,66,,0.66,40.92
63,66,,0.66,41.580000000000005
66,66,,0.66,43.56
63,62,FALSE,0.62,39.06
51,62,,0.62,31.62
50,62,,0.62,31
47,62,,0.62,29.14
42,62,,0.62,26.04
42,62,,0.62,26.04
43,62,,0.62,26.66
50,70,FALSE,0.7,35
54,70,,0.7,37.8
57,70,,0.7,39.9
62,70,,0.7,43.4
51,70,,0.7,35.699999999999996
50,70,,0.7,35
44,70,,0.7,30.799999999999997
43,78,FALSE,0.78,33.54
48,78,,0.78,37.44
52,78,,0.78,40.56
61,78,,0.78,47.58
54,78,,0.78,42.120000000000005
100,78,,0.78,78
62,78,,0.78,48.36
53,66,FALSE,0.66,34.980000000000004
57,66,,0.66,37.620000000000005
56,66,,0.66,36.96
49,66,,0.66,32.34
47,66,,0.66,31.020000000000003
44,66,,0.66,29.040000000000003
37,66,,0.66,24.42
41,64,FALSE,0.64,26.240000000000002
50,64,,0.64,32
49,64,,0.64,31.36
45,64,,0.64,28.8
79,64,,0.64,50.56
89,64,,0.64,56.96
89,64,,0.64,56.96
100,63,FALSE,0.63,63
84,63,,0.63,52.92
84,63,,0.63,52.92
85,63,,0.63,53.55
76,63,,0.63,47.88
77,63,,0.63,48.51
65,63,,0.63,40.95
69,56,FALSE,0.56,38.64
79,56,,0.56,44.24
78,56,,0.56,43.68000000000001
82,56,,0.56,45.92
73,56,,0.56,40.88
74,56,,0.56,41.440000000000005
71,56,,0.56,39.760000000000005
80,62,FALSE,0.62,49.6
84,62,,0.62,52.08
85,62,,0.62,52.7
78,62,,0.62,48.36
76,62,,0.62,47.12
71,62,,0.62,44.02
66,62,,0.62,40.92
75,60,FALSE,0.6,45
76,60,,0.6,45.6
80,60,,0.6,48
80,60,,0.6,48
77,60,,0.6,46.199999999999996
80,60,,0.6,48
67,60,,0.6,40.199999999999996
91,52,FALSE,0.52,47.32
94,52,,0.52,48.88
93,52,,0.52,48.36
97,52,,0.52,50.440000000000005
96,52,,0.52,49.92
88,52,,0.52,45.760000000000005
81,52,,0.52,42.120000000000005
90,53,FALSE,0.53,47.7
95,53,,0.53,50.35
92,53,,0.53,48.760000000000005
87,53,,0.53,46.11
88,53,,0.53,46.64
88,53,,0.53,46.64
85,53,,0.53,45.050000000000004
80,53,FALSE,0.53,42.400000000000006
90,53,,0.53,47.7
97,53,,0.53,51.410000000000004
97,53,,0.53,51.410000000000004
93,53,,0.53,49.29
91,53,,0.53,48.230000000000004
81,53,,0.53,42.93
84,53,FALSE,0.53,44.52
97,53,,0.53,51.410000000000004
100,53,,0.53,53
97,53,,0.53,51.410000000000004
97,53,,0.53,51.410000000000004
94,53,,0.53,49.82
81,53,,0.53,42.93
86,50,FALSE,0.5,43
84,50,,0.5,42
88,50,,0.5,44
93,50,,0.5,46.5
89,50,,0.5,44.5
90,50,,0.5,45
84,50,,0.5,42
99,48,FALSE,0.48,47.519999999999996
99,48,,0.48,47.519999999999996
91,48,,0.48,43.68
88,48,,0.48,42.239999999999995
87,48,,0.48,41.76
94,48,,0.48,45.12
92,48,,0.48,44.16
84,50,FALSE,0.5,42
97,50,,0.5,48.5
93,50,,0.5,46.5
99,50,,0.5,49.5
96,50,,0.5,48
95,50,,0.5,47.5
85,50,,0.5,42.5
80,48,FALSE,0.48,38.4
100,48,,0.48,48
94,48,,0.48,45.12
92,48,,0.48,44.16
90,48,,0.48,43.199999999999996
91,48,,0.48,43.68
75,48,,0.48,36
83,46,FALSE,0.46,38.18
91,46,,0.46,41.86
97,46,,0.46,44.620000000000005
97,46,,0.46,44.620000000000005
90,46,,0.46,41.4
82,46,,0.46,37.72
77,46,,0.46,35.42
85,45,FALSE,0.45,38.25
87,45,,0.45,39.15
87,45,,0.45,39.15
62,45,,0.45,27.900000000000002
86,45,,0.45,38.7
90,45,,0.45,40.5
84,45,,0.45,37.800000000000004
79,48,FALSE,0.48,37.92
100,48,,0.48,48
87,48,,0.48,41.76
85,48,,0.48,40.8
84,48,,0.48,40.32
86,48,,0.48,41.28
75,48,,0.48,36
93,50,FALSE,0.5,46.5
88,50,,0.5,44
87,50,,0.5,43.5
87,50,,0.5,43.5
90,50,,0.5,45
90,50,,0.5,45
90,50,,0.5,45
85,48,FALSE,0.48,40.8
92,48,,0.48,44.16
94,48,,0.48,45.12
88,48,,0.48,42.239999999999995
70,48,,0.48,33.6
84,48,,0.48,40.32
87,48,,0.48,41.76
77,56,FALSE,0.56,43.120000000000005
82,56,,0.56,45.92
100,56,,0.56,56.00000000000001
82,56,,0.56,45.92
72,56,,0.56,40.32000000000001
66,56,,0.56,36.96
66,56,,0.56,36.96
68,46,FALSE,0.46,31.28
74,46,,0.46,34.04
71,46,,0.46,32.660000000000004
71,46,,0.46,32.660000000000004
73,46,,0.46,33.58
69,46,,0.46,31.740000000000002
72,46,,0.46,33.120000000000005
70,52,FALSE,0.52,36.4
77,52,,0.52,40.04
76,52,,0.52,39.52
75,52,,0.52,39
77,52,,0.52,40.04
80,52,,0.52,41.6
75,52,,0.52,39
74,53,FALSE,0.53,39.22
77,53,,0.53,40.81
75,53,,0.53,39.75
68,53,,0.53,36.04
97,53,,0.53,51.410000000000004
84,53,,0.53,44.52
78,53,,0.53,41.34
89,56,FALSE,0.56,49.84
84,56,,0.56,47.040000000000006
79,56,,0.56,44.24
73,56,,0.56,40.88
82,56,,0.56,45.92
85,56,,0.56,47.6
79,56,,0.56,44.24
81,67,FALSE,0.67,54.27
91,67,,0.67,60.970000000000006
89,67,,0.67,59.63
79,67,,0.67,52.93
79,67,,0.67,52.93
83,67,,0.67,55.61000000000001
82,67,,0.67,54.940000000000005
77,56,FALSE,0.56,43.120000000000005
80,56,,0.56,44.800000000000004
78,56,,0.56,43.68000000000001
81,56,,0.56,45.36000000000001
80,56,,0.56,44.800000000000004
73,56,,0.56,40.88
64,56,,0.56,35.84
70,56,FALSE,0.56,39.2
79,56,,0.56,44.24
74,56,,0.56,41.440000000000005
86,56,,0.56,48.160000000000004
74,56,,0.56,41.440000000000005
68,56,,0.56,38.080000000000005
100,56,,0.56,56.00000000000001
96,56,FALSE,0.56,53.760000000000005
74,56,,0.56,41.440000000000005
74,56,,0.56,41.440000000000005
72,56,,0.56,40.32000000000001
79,56,,0.56,44.24
71,56,,0.56,39.760000000000005
66,56,,0.56,36.96
93,56,FALSE,0.56,52.080000000000005
100,56,,0.56,56.00000000000001
83,56,,0.56,46.480000000000004
72,56,,0.56,40.32000000000001
78,56,,0.56,43.68000000000001
75,56,,0.56,42.00000000000001
74,56,,0.56,41.440000000000005
70,55,FALSE,0.55,38.5
68,55,,0.55,37.400000000000006
77,55,,0.55,42.35
76,55,,0.55,41.800000000000004
82,55,,0.55,45.1
76,55,,0.55,41.800000000000004
77,55,,0.55,42.35
89,55,FALSE,0.55,48.95
86,55,,0.55,47.300000000000004
87,55,,0.55,47.85
80,55,,0.55,44
80,55,,0.55,44
75,55,,0.55,41.25
64,55,,0.55,35.2
71,53,FALSE,0.53,37.63
74,53,,0.53,39.22
81,53,,0.53,42.93
81,53,,0.53,42.93
73,53,,0.53,38.690000000000005
70,53,,0.53,37.1
75,53,,0.53,39.75
81,55,FALSE,0.55,44.550000000000004
96,55,,0.55,52.800000000000004
85,55,,0.55,46.75000000000001
90,55,,0.55,49.50000000000001
87,55,,0.55,47.85
81,55,,0.55,44.550000000000004
79,55,,0.55,43.45
82,55,FALSE,0.55,45.1
85,55,,0.55,46.75000000000001
95,55,,0.55,52.25000000000001
92,55,,0.55,50.6
94,55,,0.55,51.7
81,55,,0.55,44.550000000000004
87,55,,0.55,47.85
100,57,FALSE,0.57,56.99999999999999
91,57,,0.57,51.87
85,57,,0.57,48.449999999999996
95,57,,0.57,54.15
95,57,,0.57,54.15
88,57,,0.57,50.16
77,57,,0.57,43.88999999999999
98,59,FALSE,0.59,57.82
90,59,,0.59,53.099999999999994
91,59,,0.59,53.69
88,59,,0.59,51.919999999999995
86,59,,0.59,50.739999999999995
87,59,,0.59,51.33
76,59,,0.59,44.839999999999996
86,54,FALSE,0.54,46.440000000000005
90,54,,0.54,48.6
100,54,,0.54,54
96,54,,0.54,51.84
97,54,,0.54,52.38
93,54,,0.54,50.220000000000006
84,54,,0.54,45.36
90,51,FALSE,0.51,45.9
88,51,,0.51,44.88
91,51,,0.51,46.410000000000004
100,51,,0.51,51
91,51,,0.51,46.410000000000004
94,51,,0.51,47.94
82,51,,0.51,41.82
82,51,FALSE,0.51,41.82
84,51,,0.51,42.84
100,51,,0.51,51
99,51,,0.51,50.49
95,51,,0.51,48.45
94,51,,0.51,47.94
77,51,,0.51,39.27
80,52,FALSE,0.52,41.6
99,52,,0.52,51.480000000000004
94,52,,0.52,48.88
91,52,,0.52,47.32
97,52,,0.52,50.440000000000005
86,52,,0.52,44.72
80,52,,0.52,41.6
90,53,FALSE,0.53,47.7
100,53,,0.53,53
97,53,,0.53,51.410000000000004
92,53,,0.53,48.760000000000005